period,"Quarterly – Andorra – Net International Investment Position (With Fund Record), US Dollars, Millions (IMF/BOP/Q.AD.IFR_BP6_USD)","Quarterly – Afghanistan – Net International Investment Position (With Fund Record), US Dollars, Millions (IMF/BOP/Q.AF.IFR_BP6_USD)","Quarterly – Albania – Net International Investment Position (With Fund Record), US Dollars, Millions (IMF/BOP/Q.AL.IFR_BP6_USD)","Quarterly – Armenia – Net International Investment Position (With Fund Record), US Dollars, Millions (IMF/BOP/Q.AM.IFR_BP6_USD)","Quarterly – Angola – Net International Investment Position (With Fund Record), US Dollars, Millions (IMF/BOP/Q.AO.IFR_BP6_USD)","Quarterly – Argentina – Net International Investment Position (With Fund Record), US Dollars, Millions (IMF/BOP/Q.AR.IFR_BP6_USD)","Quarterly – Austria – Net International Investment Position (With Fund Record), US Dollars, Millions (IMF/BOP/Q.AT.IFR_BP6_USD)","Quarterly – Australia – Net International Investment Position (With Fund Record), US Dollars, Millions (IMF/BOP/Q.AU.IFR_BP6_USD)","Quarterly – Azerbaijan – Net International Investment Position (With Fund Record), US Dollars, Millions (IMF/BOP/Q.AZ.IFR_BP6_USD)","Quarterly – Bosnia and Herzegovina – Net International Investment Position (With Fund Record), US Dollars, Millions (IMF/BOP/Q.BA.IFR_BP6_USD)","Quarterly – Bangladesh – Net International Investment Position (With Fund Record), US Dollars, Millions (IMF/BOP/Q.BD.IFR_BP6_USD)","Quarterly – Belgium – Net International Investment Position (With Fund Record), US Dollars, Millions (IMF/BOP/Q.BE.IFR_BP6_USD)","Quarterly – Burkina Faso – Net International Investment Position (With Fund Record), US Dollars, Millions (IMF/BOP/Q.BF.IFR_BP6_USD)","Quarterly – Bulgaria – Net International Investment Position (With Fund Record), US Dollars, Millions (IMF/BOP/Q.BG.IFR_BP6_USD)","Quarterly – Bahrain – Net International Investment Position (With Fund Record), US Dollars, Millions (IMF/BOP/Q.BH.IFR_BP6_USD)","Quarterly – Bermuda – Net International Investment Position (With Fund Record), US Dollars, Millions (IMF/BOP/Q.BM.IFR_BP6_USD)","Quarterly – Bolivia – Net International Investment Position (With Fund Record), US Dollars, Millions (IMF/BOP/Q.BO.IFR_BP6_USD)","Quarterly – Brazil – Net International Investment Position (With Fund Record), US Dollars, Millions (IMF/BOP/Q.BR.IFR_BP6_USD)","Quarterly – Bhutan – Net International Investment Position (With Fund Record), US Dollars, Millions (IMF/BOP/Q.BT.IFR_BP6_USD)","Quarterly – Belarus – Net International Investment Position (With Fund Record), US Dollars, Millions (IMF/BOP/Q.BY.IFR_BP6_USD)","Quarterly – Canada – Net International Investment Position (With Fund Record), US Dollars, Millions (IMF/BOP/Q.CA.IFR_BP6_USD)","Quarterly – Congo, the Democratic Republic of the – Net International Investment Position (With Fund Record), US Dollars, Millions (IMF/BOP/Q.CD.IFR_BP6_USD)","Quarterly – Switzerland – Net International Investment Position (With Fund Record), US Dollars, Millions (IMF/BOP/Q.CH.IFR_BP6_USD)","Quarterly – Chile – Net International Investment Position (With Fund Record), US Dollars, Millions (IMF/BOP/Q.CL.IFR_BP6_USD)","Quarterly – China – Net International Investment Position (With Fund Record), US Dollars, Millions (IMF/BOP/Q.CN.IFR_BP6_USD)","Quarterly – Colombia – Net International Investment Position (With Fund Record), US Dollars, Millions (IMF/BOP/Q.CO.IFR_BP6_USD)","Quarterly – Costa Rica – Net International Investment Position (With Fund Record), US Dollars, Millions (IMF/BOP/Q.CR.IFR_BP6_USD)","Quarterly – Cabo Verde – Net International Investment Position (With Fund Record), US Dollars, Millions (IMF/BOP/Q.CV.IFR_BP6_USD)","Quarterly – Cyprus – Net International Investment Position (With Fund Record), US Dollars, Millions (IMF/BOP/Q.CY.IFR_BP6_USD)","Quarterly – Czech Republic – Net International Investment Position (With Fund Record), US Dollars, Millions (IMF/BOP/Q.CZ.IFR_BP6_USD)","Quarterly – Germany – Net International Investment Position (With Fund Record), US Dollars, Millions (IMF/BOP/Q.DE.IFR_BP6_USD)","Quarterly – Djibouti – Net International Investment Position (With Fund Record), US Dollars, Millions (IMF/BOP/Q.DJ.IFR_BP6_USD)","Quarterly – Denmark – Net International Investment Position (With Fund Record), US Dollars, Millions (IMF/BOP/Q.DK.IFR_BP6_USD)","Quarterly – Dominican Republic – Net International Investment Position (With Fund Record), US Dollars, Millions (IMF/BOP/Q.DO.IFR_BP6_USD)","Quarterly – Algeria – Net International Investment Position (With Fund Record), US Dollars, Millions (IMF/BOP/Q.DZ.IFR_BP6_USD)","Quarterly – Ecuador – Net International Investment Position (With Fund Record), US Dollars, Millions (IMF/BOP/Q.EC.IFR_BP6_USD)","Quarterly – Estonia – Net International Investment Position (With Fund Record), US Dollars, Millions (IMF/BOP/Q.EE.IFR_BP6_USD)","Quarterly – Egypt – Net International Investment Position (With Fund Record), US Dollars, Millions (IMF/BOP/Q.EG.IFR_BP6_USD)","Quarterly – Spain – Net International Investment Position (With Fund Record), US Dollars, Millions (IMF/BOP/Q.ES.IFR_BP6_USD)","Quarterly – Finland – Net International Investment Position (With Fund Record), US Dollars, Millions (IMF/BOP/Q.FI.IFR_BP6_USD)","Quarterly – Fiji – Net International Investment Position (With Fund Record), US Dollars, Millions (IMF/BOP/Q.FJ.IFR_BP6_USD)","Quarterly – France – Net International Investment Position (With Fund Record), US Dollars, Millions (IMF/BOP/Q.FR.IFR_BP6_USD)","Quarterly – United Kingdom – Net International Investment Position (With Fund Record), US Dollars, Millions (IMF/BOP/Q.GB.IFR_BP6_USD)","Quarterly – Georgia – Net International Investment Position (With Fund Record), US Dollars, Millions (IMF/BOP/Q.GE.IFR_BP6_USD)","Quarterly – Greece – Net International Investment Position (With Fund Record), US Dollars, Millions (IMF/BOP/Q.GR.IFR_BP6_USD)","Quarterly – Guatemala – Net International Investment Position (With Fund Record), US Dollars, Millions (IMF/BOP/Q.GT.IFR_BP6_USD)","Quarterly – Guyana – Net International Investment Position (With Fund Record), US Dollars, Millions (IMF/BOP/Q.GY.IFR_BP6_USD)","Quarterly – Hong Kong, China – Net International Investment Position (With Fund Record), US Dollars, Millions (IMF/BOP/Q.HK.IFR_BP6_USD)","Quarterly – Honduras – Net International Investment Position (With Fund Record), US Dollars, Millions (IMF/BOP/Q.HN.IFR_BP6_USD)","Quarterly – Croatia – Net International Investment Position (With Fund Record), US Dollars, Millions (IMF/BOP/Q.HR.IFR_BP6_USD)","Quarterly – Hungary – Net International Investment Position (With Fund Record), US Dollars, Millions (IMF/BOP/Q.HU.IFR_BP6_USD)","Quarterly – Indonesia – Net International Investment Position (With Fund Record), US Dollars, Millions (IMF/BOP/Q.ID.IFR_BP6_USD)","Quarterly – Ireland – Net International Investment Position (With Fund Record), US Dollars, Millions (IMF/BOP/Q.IE.IFR_BP6_USD)","Quarterly – Israel – Net International Investment Position (With Fund Record), US Dollars, Millions (IMF/BOP/Q.IL.IFR_BP6_USD)","Quarterly – India – Net International Investment Position (With Fund Record), US Dollars, Millions (IMF/BOP/Q.IN.IFR_BP6_USD)","Quarterly – Iceland – Net International Investment Position (With Fund Record), US Dollars, Millions (IMF/BOP/Q.IS.IFR_BP6_USD)","Quarterly – Italy – Net International Investment Position (With Fund Record), US Dollars, Millions (IMF/BOP/Q.IT.IFR_BP6_USD)","Quarterly – Jamaica – Net International Investment Position (With Fund Record), US Dollars, Millions (IMF/BOP/Q.JM.IFR_BP6_USD)","Quarterly – Jordan – Net International Investment Position (With Fund Record), US Dollars, Millions (IMF/BOP/Q.JO.IFR_BP6_USD)","Quarterly – Japan – Net International Investment Position (With Fund Record), US Dollars, Millions (IMF/BOP/Q.JP.IFR_BP6_USD)","Quarterly – Kyrgyzstan – Net International Investment Position (With Fund Record), US Dollars, Millions (IMF/BOP/Q.KG.IFR_BP6_USD)","Quarterly – Cambodia – Net International Investment Position (With Fund Record), US Dollars, Millions (IMF/BOP/Q.KH.IFR_BP6_USD)","Quarterly – Kiribati – Net International Investment Position (With Fund Record), US Dollars, Millions (IMF/BOP/Q.KI.IFR_BP6_USD)","Quarterly – Korea, Republic of – Net International Investment Position (With Fund Record), US Dollars, Millions (IMF/BOP/Q.KR.IFR_BP6_USD)","Quarterly – Kuwait – Net International Investment Position (With Fund Record), US Dollars, Millions (IMF/BOP/Q.KW.IFR_BP6_USD)","Quarterly – Kazakhstan – Net International Investment Position (With Fund Record), US Dollars, Millions (IMF/BOP/Q.KZ.IFR_BP6_USD)","Quarterly – Sri Lanka – Net International Investment Position (With Fund Record), US Dollars, Millions (IMF/BOP/Q.LK.IFR_BP6_USD)","Quarterly – Liberia – Net International Investment Position (With Fund Record), US Dollars, Millions (IMF/BOP/Q.LR.IFR_BP6_USD)","Quarterly – Lesotho – Net International Investment Position (With Fund Record), US Dollars, Millions (IMF/BOP/Q.LS.IFR_BP6_USD)","Quarterly – Lithuania – Net International Investment Position (With Fund Record), US Dollars, Millions (IMF/BOP/Q.LT.IFR_BP6_USD)","Quarterly – Luxembourg – Net International Investment Position (With Fund Record), US Dollars, Millions (IMF/BOP/Q.LU.IFR_BP6_USD)","Quarterly – Latvia – Net International Investment Position (With Fund Record), US Dollars, Millions (IMF/BOP/Q.LV.IFR_BP6_USD)","Quarterly – Morocco – Net International Investment Position (With Fund Record), US Dollars, Millions (IMF/BOP/Q.MA.IFR_BP6_USD)","Quarterly – Moldova, Republic of – Net International Investment Position (With Fund Record), US Dollars, Millions (IMF/BOP/Q.MD.IFR_BP6_USD)","Quarterly – Montenegro – Net International Investment Position (With Fund Record), US Dollars, Millions (IMF/BOP/Q.ME.IFR_BP6_USD)","Quarterly – Madagascar – Net International Investment Position (With Fund Record), US Dollars, Millions (IMF/BOP/Q.MG.IFR_BP6_USD)","Quarterly – North Macedonia, Republic of – Net International Investment Position (With Fund Record), US Dollars, Millions (IMF/BOP/Q.MK.IFR_BP6_USD)","Quarterly – Myanmar – Net International Investment Position (With Fund Record), US Dollars, Millions (IMF/BOP/Q.MM.IFR_BP6_USD)","Quarterly – Mongolia – Net International Investment Position (With Fund Record), US Dollars, Millions (IMF/BOP/Q.MN.IFR_BP6_USD)","Quarterly – Malta – Net International Investment Position (With Fund Record), US Dollars, Millions (IMF/BOP/Q.MT.IFR_BP6_USD)","Quarterly – Mauritius – Net International Investment Position (With Fund Record), US Dollars, Millions (IMF/BOP/Q.MU.IFR_BP6_USD)","Quarterly – Mexico – Net International Investment Position (With Fund Record), US Dollars, Millions (IMF/BOP/Q.MX.IFR_BP6_USD)","Quarterly – Malaysia – Net International Investment Position (With Fund Record), US Dollars, Millions (IMF/BOP/Q.MY.IFR_BP6_USD)","Quarterly – Mozambique – Net International Investment Position (With Fund Record), US Dollars, Millions (IMF/BOP/Q.MZ.IFR_BP6_USD)","Quarterly – Namibia – Net International Investment Position (With Fund Record), US Dollars, Millions (IMF/BOP/Q.NA.IFR_BP6_USD)","Quarterly – Nigeria – Net International Investment Position (With Fund Record), US Dollars, Millions (IMF/BOP/Q.NG.IFR_BP6_USD)","Quarterly – Nicaragua – Net International Investment Position (With Fund Record), US Dollars, Millions (IMF/BOP/Q.NI.IFR_BP6_USD)","Quarterly – Netherlands – Net International Investment Position (With Fund Record), US Dollars, Millions (IMF/BOP/Q.NL.IFR_BP6_USD)","Quarterly – Norway – Net International Investment Position (With Fund Record), US Dollars, Millions (IMF/BOP/Q.NO.IFR_BP6_USD)","Quarterly – Nepal – Net International Investment Position (With Fund Record), US Dollars, Millions (IMF/BOP/Q.NP.IFR_BP6_USD)","Quarterly – New Zealand – Net International Investment Position (With Fund Record), US Dollars, Millions (IMF/BOP/Q.NZ.IFR_BP6_USD)","Quarterly – Panama – Net International Investment Position (With Fund Record), US Dollars, Millions (IMF/BOP/Q.PA.IFR_BP6_USD)","Quarterly – Peru – Net International Investment Position (With Fund Record), US Dollars, Millions (IMF/BOP/Q.PE.IFR_BP6_USD)","Quarterly – Philippines – Net International Investment Position (With Fund Record), US Dollars, Millions (IMF/BOP/Q.PH.IFR_BP6_USD)","Quarterly – Pakistan – Net International Investment Position (With Fund Record), US Dollars, Millions (IMF/BOP/Q.PK.IFR_BP6_USD)","Quarterly – Poland – Net International Investment Position (With Fund Record), US Dollars, Millions (IMF/BOP/Q.PL.IFR_BP6_USD)","Quarterly – Palestine, State of – Net International Investment Position (With Fund Record), US Dollars, Millions (IMF/BOP/Q.PS.IFR_BP6_USD)","Quarterly – Portugal – Net International Investment Position (With Fund Record), US Dollars, Millions (IMF/BOP/Q.PT.IFR_BP6_USD)","Quarterly – Paraguay – Net International Investment Position (With Fund Record), US Dollars, Millions (IMF/BOP/Q.PY.IFR_BP6_USD)","Quarterly – Romania – Net International Investment Position (With Fund Record), US Dollars, Millions (IMF/BOP/Q.RO.IFR_BP6_USD)","Quarterly – Serbia – Net International Investment Position (With Fund Record), US Dollars, Millions (IMF/BOP/Q.RS.IFR_BP6_USD)","Quarterly – Russian Federation – Net International Investment Position (With Fund Record), US Dollars, Millions (IMF/BOP/Q.RU.IFR_BP6_USD)","Quarterly – Rwanda – Net International Investment Position (With Fund Record), US Dollars, Millions (IMF/BOP/Q.RW.IFR_BP6_USD)","Quarterly – Saudi Arabia – Net International Investment Position (With Fund Record), US Dollars, Millions (IMF/BOP/Q.SA.IFR_BP6_USD)","Quarterly – Solomon Islands – Net International Investment Position (With Fund Record), US Dollars, Millions (IMF/BOP/Q.SB.IFR_BP6_USD)","Quarterly – Seychelles – Net International Investment Position (With Fund Record), US Dollars, Millions (IMF/BOP/Q.SC.IFR_BP6_USD)","Quarterly – Sweden – Net International Investment Position (With Fund Record), US Dollars, Millions (IMF/BOP/Q.SE.IFR_BP6_USD)","Quarterly – Singapore – Net International Investment Position (With Fund Record), US Dollars, Millions (IMF/BOP/Q.SG.IFR_BP6_USD)","Quarterly – Slovenia – Net International Investment Position (With Fund Record), US Dollars, Millions (IMF/BOP/Q.SI.IFR_BP6_USD)","Quarterly – Slovakia – Net International Investment Position (With Fund Record), US Dollars, Millions (IMF/BOP/Q.SK.IFR_BP6_USD)","Quarterly – Suriname – Net International Investment Position (With Fund Record), US Dollars, Millions (IMF/BOP/Q.SR.IFR_BP6_USD)","Quarterly – Sao Tome and Principe – Net International Investment Position (With Fund Record), US Dollars, Millions (IMF/BOP/Q.ST.IFR_BP6_USD)","Quarterly – El Salvador – Net International Investment Position (With Fund Record), US Dollars, Millions (IMF/BOP/Q.SV.IFR_BP6_USD)","Quarterly – Eswatini – Net International Investment Position (With Fund Record), US Dollars, Millions (IMF/BOP/Q.SZ.IFR_BP6_USD)","Quarterly – Thailand – Net International Investment Position (With Fund Record), US Dollars, Millions (IMF/BOP/Q.TH.IFR_BP6_USD)","Quarterly – Tajikistan – Net International Investment Position (With Fund Record), US Dollars, Millions (IMF/BOP/Q.TJ.IFR_BP6_USD)","Quarterly – Timor-Leste – Net International Investment Position (With Fund Record), US Dollars, Millions (IMF/BOP/Q.TL.IFR_BP6_USD)","Quarterly – Tonga – Net International Investment Position (With Fund Record), US Dollars, Millions (IMF/BOP/Q.TO.IFR_BP6_USD)","Quarterly – Türkiye – Net International Investment Position (With Fund Record), US Dollars, Millions (IMF/BOP/Q.TR.IFR_BP6_USD)","Quarterly – Trinidad and Tobago – Net International Investment Position (With Fund Record), US Dollars, Millions (IMF/BOP/Q.TT.IFR_BP6_USD)","Quarterly – Euro area (Member States and Institutions of the Euro Area) changing composition – Net International Investment Position (With Fund Record), US Dollars, Millions (IMF/BOP/Q.U2.IFR_BP6_USD)","Quarterly – Ukraine – Net International Investment Position (With Fund Record), US Dollars, Millions (IMF/BOP/Q.UA.IFR_BP6_USD)","Quarterly – Uganda – Net International Investment Position (With Fund Record), US Dollars, Millions (IMF/BOP/Q.UG.IFR_BP6_USD)","Quarterly – United States – Net International Investment Position (With Fund Record), US Dollars, Millions (IMF/BOP/Q.US.IFR_BP6_USD)","Quarterly – Uruguay – Net International Investment Position (With Fund Record), US Dollars, Millions (IMF/BOP/Q.UY.IFR_BP6_USD)","Quarterly – Uzbekistan – Net International Investment Position (With Fund Record), US Dollars, Millions (IMF/BOP/Q.UZ.IFR_BP6_USD)","Quarterly – Venezuela, Bolivarian Republic – Net International Investment Position (With Fund Record), US Dollars, Millions (IMF/BOP/Q.VE.IFR_BP6_USD)","Quarterly – Vanuatu – Net International Investment Position (With Fund Record), US Dollars, Millions (IMF/BOP/Q.VU.IFR_BP6_USD)","Quarterly – Samoa – Net International Investment Position (With Fund Record), US Dollars, Millions (IMF/BOP/Q.WS.IFR_BP6_USD)","Quarterly – Kosovo, Republic of – Net International Investment Position (With Fund Record), US Dollars, Millions (IMF/BOP/Q.XK.IFR_BP6_USD)","Quarterly – Yemen – Net International Investment Position (With Fund Record), US Dollars, Millions (IMF/BOP/Q.YE.IFR_BP6_USD)","Quarterly – South Africa – Net International Investment Position (With Fund Record), US Dollars, Millions (IMF/BOP/Q.ZA.IFR_BP6_USD)","Quarterly – Zambia – Net International Investment Position (With Fund Record), US Dollars, Millions (IMF/BOP/Q.ZM.IFR_BP6_USD)"
1975-Q1,NA,NA,NA,NA,NA,NA,NA,NA,NA,NA,NA,NA,NA,NA,NA,NA,NA,NA,NA,NA,NA,NA,NA,NA,NA,NA,NA,NA,NA,NA,NA,NA,NA,NA,NA,NA,NA,NA,NA,-3752.39277297743,NA,NA,NA,NA,NA,NA,NA,NA,NA,NA,NA,NA,NA,NA,NA,NA,NA,NA,NA,NA,NA,NA,NA,NA,NA,NA,NA,NA,NA,NA,NA,NA,NA,NA,NA,NA,NA,NA,NA,NA,NA,NA,NA,NA,NA,NA,NA,NA,NA,NA,NA,NA,NA,NA,NA,NA,NA,NA,NA,NA,NA,NA,NA,NA,NA,NA,NA,NA,NA,NA,NA,NA,NA,NA,NA,NA,NA,NA,NA,NA,NA,NA,NA,NA,NA,NA,NA,NA,NA,NA,NA,NA,NA
1975-Q2,NA,NA,NA,NA,NA,NA,NA,NA,NA,NA,NA,NA,NA,NA,NA,NA,NA,NA,NA,NA,NA,NA,NA,NA,NA,NA,NA,NA,NA,NA,NA,NA,NA,NA,NA,NA,NA,NA,NA,-4348.72418147341,NA,NA,NA,NA,NA,NA,NA,NA,NA,NA,NA,NA,NA,NA,NA,NA,NA,NA,NA,NA,NA,NA,NA,NA,NA,NA,NA,NA,NA,NA,NA,NA,NA,NA,NA,NA,NA,NA,NA,NA,NA,NA,NA,NA,NA,NA,NA,NA,NA,NA,NA,NA,NA,NA,NA,NA,NA,NA,NA,NA,NA,NA,NA,NA,NA,NA,NA,NA,NA,NA,NA,NA,NA,NA,NA,NA,NA,NA,NA,NA,NA,NA,NA,NA,NA,NA,NA,NA,NA,NA,NA,NA,NA
1975-Q3,NA,NA,NA,NA,NA,NA,NA,NA,NA,NA,NA,NA,NA,NA,NA,NA,NA,NA,NA,NA,NA,NA,NA,NA,NA,NA,NA,NA,NA,NA,NA,NA,NA,NA,NA,NA,NA,NA,NA,-4629.74089118691,NA,NA,NA,NA,NA,NA,NA,NA,NA,NA,NA,NA,NA,NA,NA,NA,NA,NA,NA,NA,NA,NA,NA,NA,NA,NA,NA,NA,NA,NA,NA,NA,NA,NA,NA,NA,NA,NA,NA,NA,NA,NA,NA,NA,NA,NA,NA,NA,NA,NA,NA,NA,NA,NA,NA,NA,NA,NA,NA,NA,NA,NA,NA,NA,NA,NA,NA,NA,NA,NA,NA,NA,NA,NA,NA,NA,NA,NA,NA,NA,NA,NA,NA,NA,NA,NA,NA,NA,NA,NA,NA,NA,NA
1975-Q4,NA,NA,NA,NA,NA,NA,NA,NA,NA,NA,NA,NA,NA,NA,NA,NA,NA,NA,NA,NA,NA,NA,NA,NA,NA,NA,NA,NA,NA,NA,NA,NA,NA,NA,NA,NA,NA,NA,NA,-5163.35017094474,NA,NA,NA,NA,NA,NA,NA,NA,NA,NA,NA,NA,NA,NA,NA,NA,NA,NA,NA,NA,NA,NA,NA,NA,NA,NA,NA,NA,NA,NA,NA,NA,NA,NA,NA,NA,NA,NA,NA,NA,NA,NA,NA,NA,NA,NA,NA,NA,NA,NA,NA,NA,NA,NA,NA,NA,NA,NA,NA,NA,NA,NA,NA,NA,NA,NA,NA,NA,NA,NA,NA,NA,NA,NA,NA,NA,NA,NA,NA,NA,NA,NA,NA,NA,NA,NA,NA,NA,NA,NA,NA,NA,NA
1976-Q1,NA,NA,NA,NA,NA,NA,NA,NA,NA,NA,NA,NA,NA,NA,NA,NA,NA,NA,NA,NA,NA,NA,NA,NA,NA,NA,NA,NA,NA,NA,NA,NA,NA,NA,NA,NA,NA,NA,NA,-5365.02227082188,NA,NA,NA,NA,NA,NA,NA,NA,NA,NA,NA,NA,NA,NA,NA,NA,NA,NA,NA,NA,NA,NA,NA,NA,NA,NA,NA,NA,NA,NA,NA,NA,NA,NA,NA,NA,NA,NA,NA,NA,NA,NA,NA,NA,NA,NA,NA,NA,NA,NA,NA,NA,NA,NA,NA,NA,NA,NA,NA,NA,NA,NA,NA,NA,NA,NA,NA,NA,NA,NA,NA,NA,NA,NA,NA,NA,NA,NA,NA,NA,NA,NA,NA,NA,NA,NA,NA,NA,NA,NA,NA,NA,NA
1976-Q2,NA,NA,NA,NA,NA,NA,NA,NA,NA,NA,NA,NA,NA,NA,NA,NA,NA,NA,NA,NA,NA,NA,NA,NA,NA,NA,NA,NA,NA,NA,NA,NA,NA,NA,NA,NA,NA,NA,NA,-5573.37889468844,NA,NA,NA,NA,NA,NA,NA,NA,NA,NA,NA,NA,NA,NA,NA,NA,NA,NA,NA,NA,NA,NA,NA,NA,NA,NA,NA,NA,NA,NA,NA,NA,NA,NA,NA,NA,NA,NA,NA,NA,NA,NA,NA,NA,NA,NA,NA,NA,NA,NA,NA,NA,NA,NA,NA,NA,NA,NA,NA,NA,NA,NA,NA,NA,NA,NA,NA,NA,NA,NA,NA,NA,NA,NA,NA,NA,NA,NA,NA,NA,NA,NA,NA,NA,NA,NA,NA,NA,NA,NA,NA,NA,NA
1976-Q3,NA,NA,NA,NA,NA,NA,NA,NA,NA,NA,NA,NA,NA,NA,NA,NA,NA,NA,NA,NA,NA,NA,NA,NA,NA,NA,NA,NA,NA,NA,NA,NA,NA,NA,NA,NA,NA,NA,NA,-5807.59203359386,NA,NA,NA,NA,NA,NA,NA,NA,NA,NA,NA,NA,NA,NA,NA,NA,NA,NA,NA,NA,NA,NA,NA,NA,NA,NA,NA,NA,NA,NA,NA,NA,NA,NA,NA,NA,NA,NA,NA,NA,NA,NA,NA,NA,NA,NA,NA,NA,NA,NA,NA,NA,NA,NA,NA,NA,NA,NA,NA,NA,NA,NA,NA,NA,NA,NA,NA,NA,NA,NA,NA,NA,NA,NA,NA,NA,NA,NA,NA,NA,NA,NA,NA,NA,NA,NA,NA,NA,NA,NA,NA,NA,NA
1976-Q4,NA,NA,NA,NA,NA,NA,NA,NA,NA,NA,NA,NA,NA,NA,NA,NA,NA,NA,NA,NA,NA,NA,NA,NA,NA,NA,NA,NA,NA,NA,NA,NA,NA,NA,NA,NA,NA,NA,NA,-6172.28508819908,NA,NA,NA,NA,NA,NA,NA,NA,NA,NA,NA,NA,NA,NA,NA,NA,NA,NA,NA,NA,NA,NA,NA,NA,NA,NA,NA,NA,NA,NA,NA,NA,NA,NA,NA,NA,NA,NA,NA,NA,NA,NA,NA,NA,NA,NA,NA,NA,NA,NA,NA,NA,NA,NA,NA,NA,NA,NA,NA,NA,NA,NA,NA,NA,NA,NA,NA,NA,NA,NA,NA,NA,NA,NA,NA,NA,NA,NA,NA,NA,NA,NA,NA,NA,NA,NA,NA,NA,NA,NA,NA,NA,NA
1977-Q1,NA,NA,NA,NA,NA,NA,NA,NA,NA,NA,NA,NA,NA,NA,NA,NA,NA,NA,NA,NA,NA,NA,NA,NA,NA,NA,NA,NA,NA,NA,NA,NA,NA,NA,NA,NA,NA,NA,NA,-6210.8354150582,NA,NA,NA,NA,NA,NA,NA,NA,NA,NA,NA,NA,NA,NA,NA,NA,NA,NA,NA,NA,NA,NA,NA,NA,NA,NA,NA,NA,NA,NA,NA,NA,NA,NA,NA,NA,NA,NA,NA,NA,NA,NA,NA,NA,NA,NA,NA,NA,NA,NA,NA,NA,NA,NA,NA,NA,NA,NA,NA,NA,NA,NA,NA,NA,NA,NA,NA,NA,NA,NA,NA,NA,NA,NA,NA,NA,NA,NA,NA,NA,NA,NA,NA,NA,NA,NA,NA,NA,NA,NA,NA,NA,NA
1977-Q2,NA,NA,NA,NA,NA,NA,NA,NA,NA,NA,NA,NA,NA,NA,NA,NA,NA,NA,NA,NA,NA,NA,NA,NA,NA,NA,NA,NA,NA,NA,NA,NA,NA,NA,NA,NA,NA,NA,NA,-6484.05398834024,NA,NA,NA,NA,NA,NA,NA,NA,NA,NA,NA,NA,NA,NA,NA,NA,NA,NA,NA,NA,NA,NA,NA,NA,NA,NA,NA,NA,NA,NA,NA,NA,NA,NA,NA,NA,NA,NA,NA,NA,NA,NA,NA,NA,NA,NA,NA,NA,NA,NA,NA,NA,NA,NA,NA,NA,NA,NA,NA,NA,NA,NA,NA,NA,NA,NA,NA,NA,NA,NA,NA,NA,NA,NA,NA,NA,NA,NA,NA,NA,NA,NA,NA,NA,NA,NA,NA,NA,NA,NA,NA,NA,NA
1977-Q3,NA,NA,NA,NA,NA,NA,NA,NA,NA,NA,NA,NA,NA,NA,NA,NA,NA,NA,NA,NA,NA,NA,NA,NA,NA,NA,NA,NA,NA,NA,NA,NA,NA,NA,NA,NA,NA,NA,NA,-6594.86046828683,NA,NA,NA,NA,NA,NA,NA,NA,NA,NA,NA,NA,NA,NA,NA,NA,NA,NA,NA,NA,NA,NA,NA,NA,NA,NA,NA,NA,NA,NA,NA,NA,NA,NA,NA,NA,NA,NA,NA,NA,NA,NA,NA,NA,NA,NA,NA,NA,NA,NA,NA,NA,NA,NA,NA,NA,NA,NA,NA,NA,NA,NA,NA,NA,NA,NA,NA,NA,NA,NA,NA,NA,NA,NA,NA,NA,NA,NA,NA,NA,NA,NA,NA,NA,NA,NA,NA,NA,NA,NA,NA,NA,NA
1977-Q4,NA,NA,NA,NA,NA,NA,NA,NA,NA,NA,NA,NA,NA,NA,NA,NA,NA,NA,NA,NA,NA,NA,NA,NA,NA,NA,NA,NA,NA,NA,NA,NA,NA,NA,NA,NA,NA,NA,NA,-6909.52616996645,NA,NA,NA,NA,NA,NA,NA,NA,NA,NA,NA,NA,NA,NA,NA,NA,NA,NA,NA,NA,NA,NA,NA,NA,NA,NA,NA,NA,NA,NA,NA,NA,NA,NA,NA,NA,NA,NA,NA,NA,NA,NA,NA,NA,NA,NA,NA,NA,NA,NA,NA,NA,NA,NA,NA,NA,NA,NA,NA,NA,NA,NA,NA,NA,NA,NA,NA,NA,NA,NA,NA,NA,NA,NA,NA,NA,NA,NA,NA,NA,NA,NA,NA,NA,NA,NA,NA,NA,NA,NA,NA,NA,NA
1978-Q1,NA,NA,NA,NA,NA,NA,NA,NA,NA,NA,NA,NA,NA,NA,NA,NA,NA,NA,NA,NA,NA,NA,NA,NA,NA,NA,NA,NA,NA,NA,NA,NA,NA,NA,NA,NA,NA,NA,NA,-6753.19371907726,NA,NA,NA,NA,NA,NA,NA,NA,NA,NA,NA,NA,NA,NA,NA,NA,NA,NA,NA,NA,NA,NA,NA,NA,NA,NA,NA,NA,NA,NA,NA,NA,NA,NA,NA,NA,NA,NA,NA,NA,NA,NA,NA,NA,NA,NA,NA,NA,NA,NA,NA,NA,NA,NA,NA,NA,NA,NA,NA,NA,NA,NA,NA,NA,NA,NA,NA,NA,NA,NA,NA,NA,NA,NA,NA,NA,NA,NA,NA,NA,NA,NA,NA,NA,NA,NA,NA,NA,NA,NA,NA,NA,NA
1978-Q2,NA,NA,NA,NA,NA,NA,NA,NA,NA,NA,NA,NA,NA,NA,NA,NA,NA,NA,NA,NA,NA,NA,NA,NA,NA,NA,NA,NA,NA,NA,NA,NA,NA,NA,NA,NA,NA,NA,NA,-6680.84117860103,NA,NA,NA,NA,NA,NA,NA,NA,NA,NA,NA,NA,NA,NA,NA,NA,NA,NA,NA,NA,NA,NA,NA,NA,NA,NA,NA,NA,NA,NA,NA,NA,NA,NA,NA,NA,NA,NA,NA,NA,NA,NA,NA,NA,NA,NA,NA,NA,NA,NA,NA,NA,NA,NA,NA,NA,NA,NA,NA,NA,NA,NA,NA,NA,NA,NA,NA,NA,NA,NA,NA,NA,NA,NA,NA,NA,NA,NA,NA,NA,NA,NA,NA,NA,NA,NA,NA,NA,NA,NA,NA,NA,NA
1978-Q3,NA,NA,NA,NA,NA,NA,NA,NA,NA,NA,NA,NA,NA,NA,NA,NA,NA,NA,NA,NA,NA,NA,NA,NA,NA,NA,NA,NA,NA,NA,NA,NA,NA,NA,NA,NA,NA,NA,NA,-6866.86402971583,NA,NA,NA,NA,NA,NA,NA,NA,NA,NA,NA,NA,NA,NA,NA,NA,NA,NA,NA,NA,NA,NA,NA,NA,NA,NA,NA,NA,NA,NA,NA,NA,NA,NA,NA,NA,NA,NA,NA,NA,NA,NA,NA,NA,NA,NA,NA,NA,NA,NA,NA,NA,NA,NA,NA,NA,NA,NA,NA,NA,NA,NA,NA,NA,NA,NA,NA,NA,NA,NA,NA,NA,NA,NA,NA,NA,NA,NA,NA,NA,NA,NA,NA,NA,NA,NA,NA,NA,NA,NA,NA,NA,NA
1978-Q4,NA,NA,NA,NA,NA,NA,NA,NA,NA,NA,NA,NA,NA,NA,NA,NA,NA,NA,NA,NA,NA,NA,NA,NA,NA,NA,NA,NA,NA,NA,NA,NA,NA,NA,NA,NA,NA,NA,NA,-6702.6571225757,NA,NA,NA,NA,NA,NA,NA,NA,NA,NA,NA,NA,NA,NA,NA,NA,NA,NA,NA,NA,NA,NA,NA,NA,NA,NA,NA,NA,NA,NA,NA,NA,NA,NA,NA,NA,NA,NA,NA,NA,NA,NA,NA,NA,NA,NA,NA,NA,NA,NA,NA,NA,NA,NA,NA,NA,NA,NA,NA,NA,NA,NA,NA,NA,NA,NA,NA,NA,NA,NA,NA,NA,NA,NA,NA,NA,NA,NA,NA,NA,NA,NA,NA,NA,NA,NA,NA,NA,NA,NA,NA,NA,NA
1979-Q1,NA,NA,NA,NA,NA,NA,NA,NA,NA,NA,NA,NA,NA,NA,NA,NA,NA,NA,NA,NA,NA,NA,NA,NA,NA,NA,NA,NA,NA,NA,NA,NA,NA,NA,NA,NA,NA,NA,NA,-6592.95699918496,NA,NA,NA,NA,NA,NA,NA,NA,NA,NA,NA,NA,NA,NA,NA,NA,NA,NA,NA,NA,NA,NA,NA,NA,NA,NA,NA,NA,NA,NA,NA,NA,NA,NA,NA,NA,NA,NA,NA,NA,NA,NA,NA,NA,NA,NA,NA,NA,NA,NA,NA,NA,NA,NA,NA,NA,NA,NA,NA,NA,NA,NA,NA,NA,NA,NA,NA,NA,NA,NA,NA,NA,NA,NA,NA,NA,NA,NA,NA,NA,NA,NA,NA,NA,NA,NA,NA,NA,NA,NA,NA,NA,NA
1979-Q2,NA,NA,NA,NA,NA,NA,NA,NA,NA,NA,NA,NA,NA,NA,NA,NA,NA,NA,NA,NA,NA,NA,NA,NA,NA,NA,NA,NA,NA,NA,NA,NA,NA,NA,NA,NA,NA,NA,NA,-6320.96187068228,NA,NA,NA,NA,NA,NA,NA,NA,NA,NA,NA,NA,NA,NA,NA,NA,NA,NA,NA,NA,NA,NA,NA,NA,NA,NA,NA,NA,NA,NA,NA,NA,NA,NA,NA,NA,NA,NA,NA,NA,NA,NA,NA,NA,NA,NA,NA,NA,NA,NA,NA,NA,NA,NA,NA,NA,NA,NA,NA,NA,NA,NA,NA,NA,NA,NA,NA,NA,NA,NA,NA,NA,NA,NA,NA,NA,NA,NA,NA,NA,NA,NA,NA,NA,NA,NA,NA,NA,NA,NA,NA,NA,NA
1979-Q3,NA,NA,NA,NA,NA,NA,NA,NA,NA,NA,NA,NA,NA,NA,NA,NA,NA,NA,NA,NA,NA,NA,NA,NA,NA,NA,NA,NA,NA,NA,NA,NA,NA,NA,NA,NA,NA,NA,NA,-6519.5488826245,NA,NA,NA,NA,NA,NA,NA,NA,NA,NA,NA,NA,NA,NA,NA,NA,NA,NA,NA,NA,NA,NA,NA,NA,NA,NA,NA,NA,NA,NA,NA,NA,NA,NA,NA,NA,NA,NA,NA,NA,NA,NA,NA,NA,NA,NA,NA,NA,NA,NA,NA,NA,NA,NA,NA,NA,NA,NA,NA,NA,NA,NA,NA,NA,NA,NA,NA,NA,NA,NA,NA,NA,NA,NA,NA,NA,NA,NA,NA,NA,NA,NA,NA,NA,NA,NA,NA,NA,NA,NA,NA,NA,NA
1979-Q4,NA,NA,NA,NA,NA,NA,NA,NA,NA,NA,NA,NA,NA,NA,NA,NA,NA,NA,NA,NA,NA,NA,NA,NA,NA,NA,NA,NA,NA,NA,NA,NA,NA,NA,NA,NA,NA,NA,NA,-6747.29500619862,NA,NA,NA,NA,NA,NA,NA,NA,NA,NA,NA,NA,NA,NA,NA,NA,NA,NA,NA,NA,NA,NA,NA,NA,NA,NA,NA,NA,NA,NA,NA,NA,NA,NA,NA,NA,NA,NA,NA,NA,NA,NA,NA,NA,NA,NA,NA,NA,NA,NA,NA,NA,NA,NA,NA,NA,NA,NA,NA,NA,NA,NA,NA,NA,NA,NA,NA,NA,NA,NA,NA,NA,NA,NA,NA,NA,NA,NA,NA,NA,NA,NA,NA,NA,NA,NA,NA,NA,NA,NA,NA,NA,NA
1980-Q1,NA,NA,NA,NA,NA,NA,NA,NA,NA,NA,NA,NA,NA,NA,NA,NA,NA,NA,NA,NA,NA,NA,NA,NA,NA,NA,NA,NA,NA,NA,NA,NA,NA,NA,NA,NA,NA,NA,NA,-6589.43403121231,NA,NA,NA,NA,NA,NA,NA,NA,NA,NA,NA,NA,NA,NA,NA,NA,NA,NA,NA,NA,NA,NA,NA,NA,NA,NA,NA,NA,NA,NA,NA,NA,NA,NA,NA,NA,NA,NA,NA,NA,NA,NA,NA,NA,NA,NA,NA,NA,NA,NA,NA,NA,NA,NA,NA,NA,NA,NA,NA,NA,NA,NA,NA,NA,NA,NA,NA,NA,NA,NA,NA,NA,NA,NA,NA,NA,NA,NA,NA,NA,NA,NA,NA,NA,NA,NA,NA,NA,NA,NA,NA,NA,NA
1980-Q2,NA,NA,NA,NA,NA,NA,NA,NA,NA,NA,NA,NA,NA,NA,NA,NA,NA,NA,NA,NA,NA,NA,NA,NA,NA,NA,NA,NA,NA,NA,NA,NA,NA,NA,NA,NA,NA,NA,NA,-7758.07529199498,NA,NA,NA,NA,NA,NA,NA,NA,NA,NA,NA,NA,NA,NA,NA,NA,NA,NA,NA,NA,NA,NA,NA,NA,NA,NA,NA,NA,NA,NA,NA,NA,NA,NA,NA,NA,NA,NA,NA,NA,NA,NA,NA,NA,NA,NA,NA,NA,NA,NA,NA,NA,NA,NA,NA,NA,NA,NA,NA,NA,NA,NA,NA,NA,NA,NA,NA,NA,NA,NA,NA,NA,NA,NA,NA,NA,NA,NA,NA,NA,NA,NA,NA,NA,NA,NA,NA,NA,NA,NA,NA,NA,NA
1980-Q3,NA,NA,NA,NA,NA,NA,NA,NA,NA,NA,NA,NA,NA,NA,NA,NA,NA,NA,NA,NA,NA,NA,NA,NA,NA,NA,NA,NA,NA,NA,NA,NA,NA,NA,NA,NA,NA,NA,NA,-8045.3262097989,NA,NA,NA,NA,NA,NA,NA,NA,NA,NA,NA,NA,NA,NA,NA,NA,NA,NA,NA,NA,NA,NA,NA,NA,NA,NA,NA,NA,NA,NA,NA,NA,NA,NA,NA,NA,NA,NA,NA,NA,NA,NA,NA,NA,NA,NA,NA,NA,NA,NA,NA,NA,NA,NA,NA,NA,NA,NA,NA,NA,NA,NA,NA,NA,NA,NA,NA,NA,NA,NA,NA,NA,NA,NA,NA,NA,NA,NA,NA,NA,NA,NA,NA,NA,NA,NA,NA,NA,NA,NA,NA,NA,NA
1980-Q4,NA,NA,NA,NA,NA,NA,NA,NA,NA,NA,NA,NA,NA,NA,NA,NA,NA,NA,NA,NA,NA,NA,NA,NA,NA,NA,NA,NA,NA,NA,NA,NA,NA,NA,NA,NA,NA,NA,NA,-7620.45156848741,NA,NA,NA,NA,NA,NA,NA,NA,NA,NA,NA,NA,NA,NA,NA,NA,NA,NA,NA,NA,NA,NA,NA,NA,NA,NA,NA,NA,NA,NA,NA,NA,NA,NA,NA,NA,NA,NA,NA,NA,NA,NA,NA,NA,NA,NA,NA,NA,NA,NA,NA,NA,NA,NA,NA,NA,NA,NA,NA,NA,NA,NA,NA,NA,NA,NA,NA,NA,NA,NA,NA,NA,NA,NA,NA,NA,NA,NA,NA,NA,NA,NA,NA,NA,NA,NA,NA,NA,NA,NA,NA,NA,NA
1981-Q1,NA,NA,NA,NA,NA,NA,NA,NA,NA,NA,NA,NA,NA,NA,NA,NA,NA,NA,NA,NA,NA,NA,NA,NA,NA,NA,NA,NA,NA,NA,NA,NA,NA,NA,NA,NA,NA,NA,NA,-7702.50348674422,NA,NA,NA,NA,NA,NA,NA,NA,NA,NA,NA,NA,NA,NA,NA,NA,NA,NA,NA,NA,NA,NA,NA,NA,NA,NA,NA,NA,NA,NA,NA,NA,NA,NA,NA,NA,NA,NA,NA,NA,NA,NA,NA,NA,NA,NA,NA,NA,NA,NA,NA,NA,NA,NA,NA,NA,NA,NA,NA,NA,NA,NA,NA,NA,NA,NA,NA,NA,NA,NA,NA,NA,NA,NA,NA,NA,NA,NA,NA,NA,NA,NA,NA,NA,NA,NA,NA,NA,NA,NA,NA,NA,NA
1981-Q2,NA,NA,NA,NA,NA,NA,NA,NA,NA,NA,NA,NA,NA,NA,NA,NA,NA,NA,NA,NA,NA,NA,NA,NA,NA,NA,NA,NA,NA,NA,NA,NA,NA,NA,NA,NA,NA,NA,NA,-7959.66377345482,NA,NA,NA,NA,NA,NA,NA,NA,NA,NA,NA,NA,NA,NA,NA,NA,NA,NA,NA,NA,NA,NA,NA,NA,NA,NA,NA,NA,NA,NA,NA,NA,NA,NA,NA,NA,NA,NA,NA,NA,NA,NA,NA,NA,NA,NA,NA,NA,NA,NA,NA,NA,NA,NA,NA,NA,NA,NA,NA,NA,NA,NA,NA,NA,NA,NA,NA,NA,NA,NA,NA,NA,NA,NA,NA,NA,NA,NA,NA,NA,NA,NA,NA,NA,NA,NA,NA,NA,NA,NA,NA,NA,NA
1981-Q3,NA,NA,NA,NA,NA,NA,NA,NA,NA,NA,NA,NA,NA,NA,NA,NA,NA,NA,NA,NA,NA,NA,NA,NA,NA,NA,NA,NA,NA,NA,NA,NA,NA,NA,NA,NA,NA,NA,NA,-8072.54317874932,NA,NA,NA,NA,NA,NA,NA,NA,NA,NA,NA,NA,NA,NA,NA,NA,NA,NA,NA,NA,NA,NA,NA,NA,NA,NA,NA,NA,NA,NA,NA,NA,NA,NA,NA,NA,NA,NA,NA,NA,NA,NA,NA,NA,NA,NA,NA,NA,NA,NA,NA,NA,NA,NA,NA,NA,NA,NA,NA,NA,NA,NA,NA,NA,NA,NA,NA,NA,NA,NA,NA,NA,NA,NA,NA,NA,NA,NA,NA,NA,NA,NA,NA,NA,NA,NA,NA,NA,NA,NA,NA,NA,NA
1981-Q4,NA,NA,NA,NA,NA,NA,NA,NA,NA,NA,NA,NA,NA,NA,NA,NA,NA,NA,NA,NA,NA,NA,NA,NA,NA,NA,NA,NA,NA,NA,NA,NA,NA,NA,NA,NA,NA,NA,NA,-8524.70962384794,NA,NA,NA,NA,NA,NA,NA,NA,NA,NA,NA,NA,NA,NA,NA,NA,NA,NA,NA,NA,NA,NA,NA,NA,NA,NA,NA,NA,NA,NA,NA,NA,NA,NA,NA,NA,NA,NA,NA,NA,NA,NA,NA,NA,NA,NA,NA,NA,NA,NA,NA,NA,NA,NA,NA,NA,NA,NA,NA,NA,NA,NA,NA,NA,NA,NA,NA,NA,NA,NA,NA,NA,NA,NA,NA,NA,NA,NA,NA,NA,NA,NA,NA,NA,NA,NA,NA,NA,NA,NA,NA,NA,NA
1982-Q1,NA,NA,NA,NA,NA,NA,NA,NA,NA,NA,NA,NA,NA,NA,NA,NA,NA,NA,NA,NA,NA,NA,NA,NA,NA,NA,NA,NA,NA,NA,NA,NA,NA,NA,NA,NA,NA,NA,NA,-8163.8166893821,NA,NA,NA,NA,NA,NA,NA,NA,NA,NA,NA,NA,NA,NA,NA,NA,NA,NA,NA,NA,NA,NA,NA,NA,NA,NA,NA,NA,NA,NA,NA,NA,NA,NA,NA,NA,NA,NA,NA,NA,NA,NA,NA,NA,NA,NA,NA,NA,NA,NA,NA,NA,NA,NA,NA,NA,NA,NA,NA,NA,NA,NA,NA,NA,NA,NA,NA,NA,NA,NA,NA,NA,NA,NA,NA,NA,NA,NA,NA,NA,NA,NA,NA,NA,NA,NA,NA,NA,NA,NA,NA,NA,NA
1982-Q2,NA,NA,NA,NA,NA,NA,NA,NA,NA,NA,NA,NA,NA,NA,NA,NA,NA,NA,NA,NA,NA,NA,NA,NA,NA,NA,NA,NA,NA,NA,NA,NA,NA,NA,NA,NA,NA,NA,NA,-8288.49390197357,NA,NA,NA,NA,NA,NA,NA,NA,NA,NA,NA,NA,NA,NA,NA,NA,NA,NA,NA,NA,NA,NA,NA,NA,NA,NA,NA,NA,NA,NA,NA,NA,NA,NA,NA,NA,NA,NA,NA,NA,NA,NA,NA,NA,NA,NA,NA,NA,NA,NA,NA,NA,NA,NA,NA,NA,NA,NA,NA,NA,NA,NA,NA,NA,NA,NA,NA,NA,NA,NA,NA,NA,NA,NA,NA,NA,NA,NA,NA,NA,NA,NA,NA,NA,NA,NA,NA,NA,NA,NA,NA,NA,NA
1982-Q3,NA,NA,NA,NA,NA,NA,NA,NA,NA,NA,NA,NA,NA,NA,NA,NA,NA,NA,NA,NA,NA,NA,NA,NA,NA,NA,NA,NA,NA,NA,NA,NA,NA,NA,NA,NA,NA,NA,NA,-8458.62982971074,NA,NA,NA,NA,NA,NA,NA,NA,NA,NA,NA,NA,NA,NA,NA,NA,NA,NA,NA,NA,NA,NA,NA,NA,NA,NA,NA,NA,NA,NA,NA,NA,NA,NA,NA,NA,NA,NA,NA,NA,NA,NA,NA,NA,NA,NA,NA,NA,NA,NA,NA,NA,NA,NA,NA,NA,NA,NA,NA,NA,NA,NA,NA,NA,NA,NA,NA,NA,NA,NA,NA,NA,NA,NA,NA,NA,NA,NA,NA,NA,NA,NA,NA,NA,NA,NA,NA,NA,NA,NA,NA,NA,NA
1982-Q4,NA,NA,NA,NA,NA,NA,NA,NA,NA,NA,NA,NA,NA,NA,NA,NA,NA,NA,NA,NA,NA,NA,NA,NA,NA,NA,NA,NA,NA,NA,NA,NA,NA,NA,NA,NA,NA,NA,NA,-8914.56325149066,NA,NA,NA,NA,NA,NA,NA,NA,NA,NA,NA,NA,NA,NA,NA,NA,NA,NA,NA,NA,NA,NA,NA,NA,NA,NA,NA,NA,NA,NA,NA,NA,NA,NA,NA,NA,NA,NA,NA,NA,NA,NA,NA,NA,NA,NA,NA,NA,NA,NA,NA,NA,NA,NA,NA,NA,NA,NA,NA,NA,NA,NA,NA,NA,NA,NA,NA,NA,NA,NA,NA,NA,NA,NA,NA,NA,NA,NA,NA,NA,NA,NA,NA,NA,NA,NA,NA,NA,NA,NA,NA,NA,NA
1983-Q1,NA,NA,NA,NA,NA,NA,NA,NA,NA,NA,NA,NA,NA,NA,NA,NA,NA,NA,NA,NA,NA,NA,NA,NA,NA,NA,NA,NA,NA,NA,NA,NA,NA,NA,NA,NA,NA,NA,NA,-8921.23289151972,NA,NA,NA,NA,NA,NA,NA,NA,NA,NA,NA,NA,NA,NA,NA,NA,NA,NA,NA,NA,NA,NA,NA,NA,NA,NA,NA,NA,NA,NA,NA,NA,NA,NA,NA,NA,NA,NA,NA,NA,NA,NA,NA,NA,NA,NA,NA,NA,NA,NA,NA,NA,NA,NA,NA,NA,NA,NA,NA,NA,NA,NA,NA,NA,NA,NA,NA,NA,NA,NA,NA,NA,NA,NA,NA,NA,NA,NA,NA,NA,NA,NA,NA,NA,NA,NA,NA,NA,NA,NA,NA,NA,NA
1983-Q2,NA,NA,NA,NA,NA,NA,NA,NA,NA,NA,NA,NA,NA,NA,NA,NA,NA,NA,NA,NA,NA,NA,NA,NA,NA,NA,NA,NA,NA,NA,NA,NA,NA,NA,NA,NA,NA,NA,NA,-9130.57156451692,NA,NA,NA,NA,NA,NA,NA,NA,NA,NA,NA,NA,NA,NA,NA,NA,NA,NA,NA,NA,NA,NA,NA,NA,NA,NA,NA,NA,NA,NA,NA,NA,NA,NA,NA,NA,NA,NA,NA,NA,NA,NA,NA,NA,NA,NA,NA,NA,NA,NA,NA,NA,NA,NA,NA,NA,NA,NA,NA,NA,NA,NA,NA,NA,NA,NA,NA,NA,NA,NA,NA,NA,NA,NA,NA,NA,NA,NA,NA,NA,NA,NA,NA,NA,NA,NA,NA,NA,NA,NA,NA,NA,NA
1983-Q3,NA,NA,NA,NA,NA,NA,NA,NA,NA,NA,NA,NA,NA,NA,NA,NA,NA,NA,NA,NA,NA,NA,NA,NA,NA,NA,NA,NA,NA,NA,NA,NA,NA,NA,NA,NA,NA,NA,NA,-9328.94789236195,NA,NA,NA,NA,NA,NA,NA,NA,NA,NA,NA,NA,NA,NA,NA,NA,NA,NA,NA,NA,NA,NA,NA,NA,NA,NA,NA,NA,NA,NA,NA,NA,NA,NA,NA,NA,NA,NA,NA,NA,NA,NA,NA,NA,NA,NA,NA,NA,NA,NA,NA,NA,NA,NA,NA,NA,NA,NA,NA,NA,NA,NA,NA,NA,NA,NA,NA,NA,NA,NA,NA,NA,NA,NA,NA,NA,NA,NA,NA,NA,NA,NA,NA,NA,NA,NA,NA,NA,NA,NA,NA,NA,NA
1983-Q4,NA,NA,NA,NA,NA,NA,NA,NA,NA,NA,NA,NA,NA,NA,NA,NA,NA,NA,NA,NA,NA,NA,NA,NA,NA,NA,NA,NA,NA,NA,NA,NA,NA,NA,NA,NA,NA,NA,NA,-9740.13650958316,NA,NA,NA,NA,NA,NA,NA,NA,NA,NA,NA,NA,NA,NA,NA,NA,NA,NA,NA,NA,NA,NA,NA,NA,NA,NA,NA,NA,NA,NA,NA,NA,NA,NA,NA,NA,NA,NA,NA,NA,NA,NA,NA,NA,NA,NA,NA,NA,NA,NA,NA,NA,NA,NA,NA,NA,NA,NA,NA,NA,NA,NA,NA,NA,NA,NA,NA,NA,NA,NA,NA,NA,NA,NA,NA,NA,NA,NA,NA,NA,NA,NA,NA,NA,NA,NA,NA,NA,NA,NA,NA,NA,NA
1984-Q1,NA,NA,NA,NA,NA,NA,NA,NA,NA,NA,NA,NA,NA,NA,NA,NA,NA,NA,NA,NA,NA,NA,NA,NA,NA,NA,NA,NA,NA,NA,NA,NA,NA,NA,NA,NA,NA,NA,NA,-9664.25270322199,NA,NA,86098.3739378718,NA,NA,NA,NA,NA,NA,NA,NA,NA,NA,NA,NA,NA,NA,NA,NA,NA,NA,NA,NA,NA,NA,NA,NA,NA,NA,NA,NA,NA,NA,NA,NA,NA,NA,NA,NA,NA,NA,NA,NA,NA,NA,NA,NA,NA,NA,NA,NA,NA,NA,NA,NA,NA,NA,NA,NA,NA,NA,NA,NA,NA,NA,NA,NA,NA,NA,NA,NA,NA,NA,NA,NA,NA,NA,NA,NA,NA,NA,NA,NA,NA,NA,NA,NA,NA,NA,NA,NA,NA,NA
1984-Q2,NA,NA,NA,NA,NA,NA,NA,NA,NA,NA,NA,NA,NA,NA,NA,NA,NA,NA,NA,NA,NA,NA,NA,NA,NA,NA,NA,NA,NA,NA,NA,NA,NA,NA,NA,NA,NA,NA,NA,-9447.60923666066,NA,NA,84255.2415562094,NA,NA,NA,NA,NA,NA,NA,NA,NA,NA,NA,NA,NA,NA,NA,NA,NA,NA,NA,NA,NA,NA,NA,NA,NA,NA,NA,NA,NA,NA,NA,NA,NA,NA,NA,NA,NA,NA,NA,NA,NA,NA,NA,NA,NA,NA,NA,NA,NA,NA,NA,NA,NA,NA,NA,NA,NA,NA,NA,NA,NA,NA,NA,NA,NA,NA,NA,NA,NA,NA,NA,NA,NA,NA,NA,NA,NA,NA,NA,NA,NA,NA,NA,NA,NA,NA,NA,NA,NA,NA
1984-Q3,NA,NA,NA,NA,NA,NA,NA,NA,NA,NA,NA,NA,NA,NA,NA,NA,NA,NA,NA,NA,NA,NA,NA,NA,NA,NA,NA,NA,NA,NA,NA,NA,NA,NA,NA,NA,NA,NA,NA,-9497.18957396423,NA,NA,82899.4230249751,NA,NA,NA,NA,NA,NA,NA,NA,NA,NA,NA,NA,NA,NA,NA,NA,NA,NA,NA,NA,NA,NA,NA,NA,NA,NA,NA,NA,NA,NA,NA,NA,NA,NA,NA,NA,NA,NA,NA,NA,NA,NA,NA,NA,NA,NA,NA,NA,NA,NA,NA,NA,NA,NA,NA,NA,NA,NA,NA,NA,NA,NA,NA,NA,NA,NA,NA,NA,NA,NA,NA,NA,NA,NA,NA,NA,NA,NA,NA,NA,NA,NA,NA,NA,NA,NA,NA,NA,NA,NA
1984-Q4,NA,NA,NA,NA,NA,NA,NA,NA,NA,NA,NA,NA,NA,NA,NA,NA,NA,NA,NA,NA,NA,NA,NA,NA,NA,NA,NA,NA,NA,NA,NA,NA,NA,NA,NA,NA,NA,NA,NA,-9530.31407957938,NA,NA,88687.7383497561,NA,NA,NA,NA,NA,NA,NA,NA,NA,NA,NA,NA,NA,NA,NA,NA,NA,NA,NA,NA,NA,NA,NA,NA,NA,NA,NA,NA,NA,NA,NA,NA,NA,NA,NA,NA,NA,NA,NA,NA,NA,NA,NA,NA,NA,NA,NA,NA,NA,NA,NA,NA,NA,NA,NA,NA,NA,NA,NA,NA,NA,NA,NA,NA,NA,NA,NA,NA,NA,NA,NA,NA,NA,NA,NA,NA,NA,NA,NA,NA,NA,NA,NA,NA,NA,NA,NA,NA,NA,NA
1985-Q1,NA,NA,NA,NA,NA,NA,NA,NA,NA,NA,NA,NA,NA,NA,NA,NA,NA,NA,NA,NA,NA,NA,NA,NA,NA,NA,NA,NA,NA,NA,NA,NA,NA,NA,NA,NA,NA,NA,NA,-9523.13701639384,NA,NA,87864.6743899312,NA,NA,NA,NA,NA,NA,NA,NA,NA,NA,NA,NA,NA,NA,NA,NA,NA,NA,NA,NA,NA,NA,NA,NA,NA,NA,NA,NA,NA,NA,NA,NA,NA,NA,NA,NA,NA,NA,NA,NA,NA,NA,NA,NA,NA,NA,NA,NA,NA,NA,NA,NA,NA,NA,NA,NA,NA,NA,NA,NA,NA,NA,NA,NA,NA,NA,NA,NA,NA,NA,NA,NA,NA,NA,NA,NA,NA,NA,NA,NA,NA,NA,NA,NA,NA,NA,NA,NA,NA,NA
1985-Q2,NA,NA,NA,NA,NA,NA,NA,NA,NA,NA,NA,NA,NA,NA,NA,NA,NA,NA,NA,NA,NA,NA,NA,NA,NA,NA,NA,NA,NA,NA,NA,NA,NA,NA,NA,NA,NA,NA,NA,-9789.45315365276,NA,NA,83110.9308801422,NA,NA,NA,NA,NA,NA,NA,NA,NA,NA,NA,NA,NA,NA,NA,NA,NA,NA,NA,NA,NA,NA,NA,NA,NA,NA,NA,NA,NA,NA,NA,NA,NA,NA,NA,NA,NA,NA,NA,NA,NA,NA,NA,NA,NA,NA,NA,NA,NA,NA,NA,NA,NA,NA,NA,NA,NA,NA,NA,NA,NA,NA,NA,NA,NA,NA,NA,NA,NA,NA,NA,NA,NA,NA,NA,NA,NA,NA,NA,NA,NA,NA,NA,NA,NA,NA,NA,NA,NA,NA
1985-Q3,NA,NA,NA,NA,NA,NA,NA,NA,NA,NA,NA,NA,NA,NA,NA,NA,NA,NA,NA,NA,NA,NA,NA,NA,NA,NA,NA,NA,NA,NA,NA,NA,NA,NA,NA,NA,NA,NA,NA,-10579.3368852425,NA,NA,92238.7499010355,NA,NA,NA,NA,NA,NA,NA,NA,NA,NA,NA,NA,NA,NA,NA,NA,NA,NA,NA,NA,NA,NA,NA,NA,NA,NA,NA,NA,NA,NA,NA,NA,NA,NA,NA,NA,NA,NA,NA,NA,NA,NA,NA,NA,NA,NA,NA,NA,NA,NA,NA,NA,NA,NA,NA,NA,NA,NA,NA,NA,NA,NA,NA,NA,NA,NA,NA,NA,NA,NA,NA,NA,NA,NA,NA,NA,NA,NA,NA,NA,NA,NA,NA,NA,NA,NA,NA,NA,NA,NA
1985-Q4,NA,NA,NA,NA,NA,NA,NA,NA,NA,NA,NA,NA,NA,NA,NA,NA,NA,NA,NA,NA,NA,NA,NA,NA,NA,NA,NA,NA,NA,NA,NA,NA,NA,NA,NA,NA,NA,NA,NA,-10334.7095288931,NA,NA,100389.06312365,NA,NA,NA,NA,NA,NA,NA,NA,NA,NA,NA,NA,NA,NA,NA,NA,NA,NA,NA,NA,NA,NA,NA,NA,NA,NA,NA,NA,NA,NA,NA,NA,NA,NA,NA,NA,NA,NA,NA,NA,NA,NA,NA,NA,NA,NA,NA,NA,NA,NA,NA,NA,NA,NA,NA,NA,NA,NA,NA,NA,NA,NA,NA,NA,NA,NA,NA,NA,NA,NA,NA,NA,NA,NA,NA,NA,NA,NA,NA,NA,NA,NA,NA,NA,NA,NA,NA,NA,NA,NA
1986-Q1,NA,NA,NA,NA,NA,NA,NA,NA,NA,NA,NA,NA,NA,NA,NA,NA,NA,NA,NA,NA,NA,NA,NA,NA,NA,NA,NA,NA,NA,NA,NA,NA,NA,NA,NA,NA,NA,NA,NA,-11260.0812790395,NA,NA,106042.402288939,NA,NA,NA,NA,NA,NA,NA,NA,NA,NA,NA,NA,NA,NA,NA,NA,NA,NA,NA,NA,NA,NA,NA,NA,NA,NA,NA,NA,NA,NA,NA,NA,NA,NA,NA,NA,NA,NA,NA,NA,NA,NA,NA,NA,NA,NA,NA,NA,NA,NA,NA,NA,NA,NA,NA,NA,NA,NA,NA,NA,NA,NA,NA,NA,NA,NA,NA,NA,NA,NA,NA,NA,NA,NA,NA,NA,NA,NA,NA,NA,NA,NA,NA,NA,NA,NA,NA,NA,NA,NA
1986-Q2,NA,NA,NA,NA,NA,NA,NA,NA,NA,NA,NA,NA,NA,NA,NA,NA,NA,NA,NA,NA,NA,NA,NA,NA,NA,NA,NA,NA,NA,NA,NA,NA,NA,NA,NA,NA,NA,NA,NA,-11180.7534213013,NA,NA,117351.724512309,NA,NA,NA,NA,NA,NA,NA,NA,NA,NA,NA,NA,NA,NA,NA,NA,NA,NA,NA,NA,NA,NA,NA,NA,NA,NA,NA,NA,NA,NA,NA,NA,NA,NA,NA,NA,NA,NA,NA,NA,NA,NA,NA,NA,NA,NA,NA,NA,NA,NA,NA,NA,NA,NA,NA,NA,NA,NA,NA,NA,NA,NA,NA,NA,NA,NA,NA,NA,NA,NA,NA,NA,NA,NA,NA,NA,NA,NA,NA,NA,NA,NA,NA,NA,NA,NA,NA,NA,NA,NA
1986-Q3,NA,NA,NA,NA,NA,NA,NA,NA,NA,NA,NA,NA,NA,NA,NA,NA,NA,NA,NA,NA,NA,NA,NA,NA,NA,NA,NA,NA,NA,NA,NA,NA,NA,NA,NA,NA,NA,NA,NA,-11881.8562636351,NA,NA,145561.269346697,NA,NA,NA,NA,NA,NA,NA,NA,NA,NA,NA,NA,NA,NA,NA,NA,NA,NA,NA,NA,NA,NA,NA,NA,NA,NA,NA,NA,NA,NA,NA,NA,NA,NA,NA,NA,NA,NA,NA,NA,NA,NA,NA,NA,NA,NA,NA,NA,NA,NA,NA,NA,NA,NA,NA,NA,NA,NA,NA,NA,NA,NA,NA,NA,NA,NA,NA,NA,NA,NA,NA,NA,NA,NA,NA,NA,NA,NA,NA,NA,NA,NA,NA,NA,NA,NA,NA,NA,NA,NA
1986-Q4,NA,NA,NA,NA,NA,NA,NA,NA,NA,NA,NA,NA,NA,NA,NA,NA,NA,NA,NA,NA,NA,NA,NA,NA,NA,NA,NA,NA,NA,NA,NA,NA,NA,NA,NA,NA,NA,NA,NA,-12175.0567550257,NA,NA,144671.933972362,NA,NA,NA,NA,NA,NA,NA,NA,NA,NA,NA,NA,NA,NA,NA,NA,NA,NA,NA,NA,NA,NA,NA,NA,NA,NA,NA,NA,NA,NA,NA,NA,NA,NA,NA,NA,NA,NA,NA,NA,NA,NA,NA,NA,NA,NA,NA,NA,NA,NA,NA,NA,NA,NA,NA,NA,NA,NA,NA,NA,NA,NA,NA,NA,NA,NA,NA,NA,NA,NA,NA,NA,NA,NA,NA,NA,NA,NA,NA,NA,NA,NA,NA,NA,NA,NA,NA,NA,NA,NA
1987-Q1,NA,NA,NA,NA,NA,NA,NA,NA,NA,NA,NA,NA,NA,NA,NA,NA,NA,NA,NA,NA,NA,NA,NA,NA,NA,NA,NA,NA,NA,NA,NA,NA,NA,NA,NA,NA,NA,NA,NA,-14415.0674809193,NA,NA,131613.079961945,NA,NA,NA,NA,NA,NA,NA,NA,NA,NA,NA,NA,NA,NA,NA,NA,NA,NA,NA,NA,NA,NA,NA,NA,NA,NA,NA,NA,NA,NA,NA,NA,NA,NA,NA,NA,NA,NA,NA,NA,NA,NA,NA,NA,NA,NA,NA,NA,NA,NA,NA,NA,NA,NA,NA,NA,NA,NA,NA,NA,NA,NA,NA,NA,NA,NA,NA,NA,NA,NA,NA,NA,NA,NA,NA,NA,NA,NA,NA,NA,NA,NA,NA,NA,NA,NA,NA,NA,NA,NA
1987-Q2,NA,NA,NA,NA,NA,NA,NA,NA,NA,NA,NA,NA,NA,NA,NA,NA,NA,NA,NA,NA,NA,NA,NA,NA,NA,NA,NA,NA,NA,NA,NA,NA,NA,NA,NA,NA,NA,NA,NA,-14357.0054311916,NA,NA,110612.865189275,NA,NA,NA,NA,NA,NA,NA,NA,NA,NA,NA,NA,NA,NA,NA,NA,NA,NA,NA,NA,NA,NA,NA,NA,NA,NA,NA,NA,NA,NA,NA,NA,NA,NA,NA,NA,NA,NA,NA,NA,NA,NA,NA,NA,NA,NA,NA,NA,NA,NA,NA,NA,NA,NA,NA,NA,NA,NA,NA,NA,NA,NA,NA,NA,NA,NA,NA,NA,NA,NA,NA,NA,NA,NA,NA,NA,NA,NA,NA,NA,NA,NA,NA,NA,NA,NA,NA,NA,NA,NA
1987-Q3,NA,NA,NA,NA,NA,NA,NA,NA,NA,NA,NA,NA,NA,NA,NA,NA,NA,NA,NA,NA,NA,NA,NA,NA,NA,NA,NA,NA,NA,NA,NA,NA,NA,NA,NA,NA,NA,NA,NA,-15533.1659163256,NA,NA,109315.178641645,NA,NA,NA,NA,NA,NA,NA,NA,NA,NA,NA,NA,NA,NA,NA,NA,NA,NA,NA,NA,NA,NA,NA,NA,NA,NA,NA,NA,NA,NA,NA,NA,NA,NA,NA,NA,NA,NA,NA,NA,NA,NA,NA,NA,NA,NA,NA,NA,NA,NA,NA,NA,NA,NA,NA,NA,NA,NA,NA,NA,NA,NA,NA,NA,NA,NA,NA,NA,NA,NA,NA,NA,NA,NA,NA,NA,NA,NA,NA,NA,NA,NA,NA,NA,NA,NA,NA,NA,NA,NA
1987-Q4,NA,NA,NA,NA,NA,NA,NA,NA,NA,NA,NA,NA,NA,NA,NA,NA,NA,NA,NA,NA,NA,NA,NA,NA,NA,NA,NA,NA,NA,NA,NA,NA,NA,NA,NA,NA,NA,NA,NA,-17369.1943515833,NA,NA,91209.19702965,NA,NA,NA,NA,NA,NA,NA,NA,NA,NA,NA,NA,NA,NA,NA,NA,NA,NA,NA,NA,NA,NA,NA,NA,NA,NA,NA,NA,NA,NA,NA,NA,NA,NA,NA,NA,NA,NA,NA,NA,NA,NA,NA,NA,NA,NA,NA,NA,NA,NA,NA,NA,NA,NA,NA,NA,NA,NA,NA,NA,NA,NA,NA,NA,NA,NA,NA,NA,NA,NA,NA,NA,NA,NA,NA,NA,NA,NA,NA,NA,NA,NA,NA,NA,NA,NA,NA,NA,NA,NA
1988-Q1,NA,NA,NA,NA,NA,NA,NA,NA,NA,NA,NA,NA,NA,NA,NA,NA,NA,NA,NA,NA,NA,NA,NA,NA,NA,NA,NA,NA,NA,NA,NA,NA,NA,NA,NA,NA,NA,NA,NA,-17009.9438483919,NA,NA,79811.9396365051,NA,NA,NA,NA,NA,NA,NA,NA,NA,NA,NA,NA,NA,NA,NA,NA,NA,NA,NA,NA,NA,NA,NA,NA,NA,NA,NA,NA,NA,NA,NA,NA,NA,NA,NA,NA,NA,NA,NA,NA,NA,NA,NA,NA,NA,NA,NA,NA,NA,NA,NA,NA,NA,NA,NA,NA,NA,NA,NA,NA,NA,NA,NA,NA,NA,NA,NA,NA,NA,NA,NA,NA,NA,NA,NA,NA,NA,NA,NA,NA,NA,NA,NA,NA,NA,NA,NA,NA,NA,NA
1988-Q2,NA,NA,NA,NA,NA,NA,NA,NA,NA,NA,NA,NA,NA,NA,NA,NA,NA,NA,NA,NA,NA,NA,NA,NA,NA,NA,NA,NA,NA,NA,NA,NA,NA,NA,NA,NA,NA,NA,NA,-17112.3588967073,NA,NA,83786.2083457406,NA,NA,NA,NA,NA,NA,NA,NA,NA,NA,NA,NA,NA,NA,NA,NA,NA,NA,NA,NA,NA,NA,NA,NA,NA,NA,NA,NA,NA,NA,NA,NA,NA,NA,NA,NA,NA,NA,NA,NA,NA,NA,NA,NA,NA,NA,NA,NA,NA,NA,NA,NA,NA,NA,NA,NA,NA,NA,NA,NA,NA,NA,NA,NA,NA,NA,NA,NA,NA,NA,NA,NA,NA,NA,NA,NA,NA,NA,NA,NA,NA,NA,NA,NA,NA,NA,NA,NA,NA,NA
1988-Q3,NA,NA,NA,NA,NA,NA,NA,NA,NA,NA,NA,NA,NA,NA,NA,NA,NA,NA,NA,NA,NA,NA,NA,NA,NA,NA,NA,NA,NA,NA,NA,NA,NA,NA,NA,NA,NA,NA,NA,-17424.7269578447,NA,NA,80847.477574378,NA,NA,NA,NA,NA,NA,NA,NA,NA,NA,NA,NA,NA,NA,NA,NA,NA,NA,NA,NA,NA,NA,NA,NA,NA,NA,NA,NA,NA,NA,NA,NA,NA,NA,NA,NA,NA,NA,NA,NA,NA,NA,NA,NA,NA,NA,NA,NA,NA,NA,NA,NA,NA,NA,NA,NA,NA,NA,NA,NA,NA,NA,NA,NA,NA,NA,NA,NA,NA,NA,NA,NA,NA,NA,NA,NA,NA,NA,NA,NA,NA,NA,NA,NA,NA,NA,NA,NA,NA,NA
1988-Q4,NA,NA,NA,NA,NA,NA,NA,NA,NA,NA,NA,NA,NA,NA,NA,NA,NA,NA,NA,NA,NA,NA,NA,NA,NA,NA,NA,NA,NA,NA,NA,NA,NA,NA,NA,NA,NA,NA,NA,-19766.3559486608,NA,NA,86285.2378693128,NA,NA,NA,NA,NA,NA,NA,NA,NA,NA,NA,NA,NA,NA,NA,NA,NA,NA,NA,NA,NA,NA,NA,NA,NA,NA,NA,NA,NA,NA,NA,NA,NA,NA,NA,NA,NA,NA,NA,NA,NA,NA,NA,NA,NA,NA,NA,NA,NA,NA,NA,NA,NA,NA,NA,NA,NA,NA,NA,NA,NA,NA,NA,NA,NA,NA,NA,NA,NA,NA,NA,NA,NA,NA,NA,NA,NA,NA,NA,NA,NA,NA,NA,NA,NA,NA,NA,NA,NA,NA
1989-Q1,NA,NA,NA,NA,NA,NA,NA,-115024.587705612,NA,NA,NA,NA,NA,NA,NA,NA,NA,NA,NA,NA,NA,NA,NA,NA,NA,NA,NA,NA,NA,NA,NA,NA,NA,NA,NA,NA,NA,NA,NA,-20224.6935989602,NA,NA,45427.9390796127,NA,NA,NA,NA,NA,NA,NA,NA,NA,NA,-18370.301915793,NA,NA,NA,NA,NA,NA,NA,NA,NA,NA,NA,NA,NA,NA,NA,NA,NA,NA,NA,NA,NA,NA,NA,NA,NA,NA,NA,NA,NA,NA,NA,NA,NA,NA,NA,NA,NA,NA,NA,NA,NA,NA,NA,NA,NA,NA,NA,NA,NA,NA,NA,NA,NA,NA,NA,NA,NA,NA,NA,NA,NA,NA,NA,NA,NA,NA,NA,NA,NA,NA,NA,NA,NA,NA,NA,NA,NA,NA,NA
1989-Q2,NA,NA,NA,NA,NA,NA,NA,-113570.651767504,NA,NA,NA,NA,NA,NA,NA,NA,NA,NA,NA,NA,NA,NA,NA,NA,NA,NA,NA,NA,NA,NA,NA,NA,NA,NA,NA,NA,NA,NA,NA,-20804.5561264703,NA,NA,71606.8701135906,NA,NA,NA,NA,NA,NA,NA,NA,NA,NA,-18319.5284574733,NA,NA,NA,NA,NA,NA,NA,NA,NA,NA,NA,NA,NA,NA,NA,NA,NA,NA,NA,NA,NA,NA,NA,NA,NA,NA,NA,NA,NA,NA,NA,NA,NA,NA,NA,NA,NA,NA,NA,NA,NA,NA,NA,NA,NA,NA,NA,NA,NA,NA,NA,NA,NA,NA,NA,NA,NA,NA,NA,NA,NA,NA,NA,NA,NA,NA,NA,NA,NA,NA,NA,NA,NA,NA,NA,NA,NA,NA,NA
1989-Q3,NA,NA,NA,NA,NA,NA,NA,-122055.023941241,NA,NA,NA,NA,NA,NA,NA,NA,NA,NA,NA,NA,NA,NA,NA,NA,NA,NA,NA,NA,NA,NA,NA,NA,NA,NA,NA,NA,NA,NA,NA,-22818.0360781529,NA,NA,65356.6301978167,NA,NA,NA,NA,NA,NA,NA,NA,NA,NA,-18094.0895273686,NA,NA,NA,NA,NA,NA,NA,NA,NA,NA,NA,NA,NA,NA,NA,NA,NA,NA,NA,NA,NA,NA,NA,NA,NA,NA,NA,NA,NA,NA,NA,NA,NA,NA,NA,NA,NA,NA,NA,NA,NA,NA,NA,NA,NA,NA,NA,NA,NA,NA,NA,NA,NA,NA,NA,NA,NA,NA,NA,NA,NA,NA,NA,NA,NA,NA,NA,NA,NA,NA,NA,NA,NA,NA,NA,NA,NA,NA,NA
1989-Q4,NA,NA,NA,NA,NA,NA,NA,-130433.084655644,NA,NA,NA,NA,NA,NA,NA,NA,NA,NA,NA,NA,NA,NA,NA,NA,NA,NA,NA,NA,NA,NA,NA,NA,NA,NA,NA,NA,NA,NA,NA,-26360.7126545607,NA,NA,81491.837055011,NA,NA,NA,NA,NA,NA,NA,NA,NA,NA,-17489.5562146818,NA,NA,NA,NA,NA,NA,NA,NA,NA,NA,NA,NA,NA,NA,NA,NA,NA,NA,NA,NA,NA,NA,NA,NA,NA,NA,NA,NA,NA,NA,NA,NA,NA,NA,NA,NA,NA,NA,NA,NA,NA,NA,NA,NA,NA,NA,NA,NA,NA,NA,NA,NA,NA,NA,NA,NA,NA,NA,NA,NA,NA,NA,NA,NA,NA,NA,NA,NA,NA,NA,NA,NA,NA,NA,NA,NA,NA,NA,NA
1990-Q1,NA,NA,NA,NA,NA,NA,NA,-129583.351774842,NA,NA,NA,NA,NA,NA,NA,NA,NA,NA,NA,NA,-230679.012671401,NA,NA,NA,NA,NA,NA,NA,NA,NA,NA,NA,NA,NA,NA,NA,NA,NA,NA,-29632.2786911563,NA,NA,25834.1917241824,NA,NA,NA,NA,NA,NA,NA,NA,NA,NA,-16758.2391966074,NA,NA,NA,NA,NA,NA,NA,NA,NA,NA,NA,NA,NA,NA,NA,NA,NA,NA,NA,NA,NA,NA,NA,NA,NA,NA,NA,NA,NA,NA,NA,NA,NA,NA,NA,NA,NA,NA,NA,NA,NA,NA,NA,NA,NA,NA,NA,NA,NA,NA,NA,NA,NA,NA,NA,NA,NA,NA,NA,NA,NA,NA,NA,NA,NA,NA,NA,NA,NA,NA,NA,NA,NA,NA,NA,NA,NA,NA,NA
1990-Q2,NA,NA,NA,NA,NA,NA,NA,-136689.320011438,NA,NA,NA,NA,NA,NA,NA,NA,NA,NA,NA,NA,-236398.221993554,NA,NA,NA,NA,NA,NA,NA,NA,NA,NA,NA,NA,NA,NA,NA,NA,NA,NA,-31312.3057645705,NA,NA,15761.3558689685,NA,NA,NA,NA,NA,NA,NA,NA,NA,NA,-16848.6422579962,NA,NA,NA,NA,NA,NA,NA,NA,NA,NA,NA,NA,NA,NA,NA,NA,NA,NA,NA,NA,NA,NA,NA,NA,NA,NA,NA,NA,NA,NA,NA,NA,NA,NA,NA,NA,NA,NA,NA,NA,NA,NA,NA,NA,NA,NA,NA,NA,NA,NA,NA,NA,NA,NA,NA,NA,NA,NA,NA,NA,NA,NA,NA,NA,NA,NA,NA,NA,NA,NA,NA,NA,NA,NA,NA,NA,NA,NA,NA
1990-Q3,NA,NA,NA,NA,NA,NA,NA,-147797.510240008,NA,NA,NA,NA,NA,NA,NA,NA,NA,NA,NA,NA,-242772.467887817,NA,NA,NA,NA,NA,NA,NA,NA,NA,NA,NA,NA,NA,NA,NA,NA,NA,NA,-34462.2942987004,NA,NA,-22991.8503762011,NA,NA,NA,NA,NA,NA,NA,NA,NA,NA,-17195.5598941652,NA,NA,NA,NA,NA,NA,NA,NA,NA,NA,NA,NA,NA,NA,NA,NA,NA,NA,NA,NA,NA,NA,NA,NA,NA,NA,NA,NA,NA,NA,NA,NA,NA,NA,NA,NA,NA,NA,NA,NA,NA,NA,NA,NA,NA,NA,NA,NA,NA,NA,NA,NA,NA,NA,NA,NA,NA,NA,NA,NA,NA,NA,NA,NA,NA,NA,NA,NA,NA,NA,NA,NA,NA,NA,NA,NA,NA,NA,NA
1990-Q4,NA,NA,NA,NA,NA,NA,NA,-142458.906339826,NA,NA,NA,NA,NA,NA,NA,NA,NA,NA,NA,NA,-238963.733573037,NA,NA,NA,NA,NA,NA,NA,NA,NA,NA,NA,NA,NA,NA,NA,NA,NA,NA,-39517.8965661165,NA,NA,-27053.2440372736,NA,NA,NA,NA,NA,NA,NA,NA,NA,NA,-16996.1719722297,NA,NA,NA,NA,NA,NA,NA,NA,NA,NA,NA,NA,NA,NA,NA,NA,NA,NA,NA,NA,NA,NA,NA,NA,NA,NA,NA,NA,NA,NA,NA,NA,NA,NA,NA,NA,NA,NA,NA,NA,NA,NA,NA,NA,NA,NA,NA,NA,NA,NA,NA,NA,NA,NA,NA,NA,NA,NA,NA,NA,NA,NA,NA,NA,NA,NA,NA,NA,NA,NA,NA,NA,NA,NA,NA,NA,NA,NA,NA
1991-Q1,NA,NA,NA,NA,NA,NA,NA,-145903.107881277,NA,NA,NA,NA,NA,NA,NA,NA,NA,NA,NA,NA,-260759.46298596,NA,NA,NA,NA,NA,NA,NA,NA,NA,NA,NA,NA,NA,NA,NA,NA,NA,NA,-37446.5532818241,NA,NA,-24839.6548886061,NA,NA,NA,NA,NA,NA,NA,NA,NA,NA,-17587.3244584461,NA,NA,NA,NA,NA,NA,NA,NA,NA,NA,NA,NA,NA,NA,NA,NA,NA,NA,NA,NA,NA,NA,NA,NA,NA,NA,NA,NA,NA,NA,NA,NA,NA,NA,NA,NA,NA,NA,-19259.6683630195,NA,NA,NA,NA,NA,NA,NA,NA,NA,NA,NA,NA,NA,NA,NA,NA,NA,NA,NA,NA,NA,NA,NA,NA,NA,NA,NA,NA,NA,NA,NA,NA,NA,NA,NA,NA,NA,NA,NA,NA
1991-Q2,NA,NA,NA,NA,NA,NA,NA,-147262.761727552,NA,NA,NA,NA,NA,NA,NA,NA,NA,NA,NA,NA,-259758.589587641,NA,NA,NA,NA,NA,NA,NA,NA,NA,NA,NA,NA,NA,NA,NA,NA,NA,NA,-37524.8135955489,NA,NA,1542.82656427954,NA,NA,NA,NA,NA,NA,NA,NA,NA,NA,-16786.4300286563,NA,NA,NA,NA,NA,NA,NA,NA,NA,NA,NA,NA,NA,NA,NA,NA,NA,NA,NA,NA,NA,NA,NA,NA,NA,NA,NA,NA,NA,NA,NA,NA,NA,NA,NA,NA,NA,NA,-19370.7018429424,NA,NA,NA,NA,NA,NA,NA,NA,NA,NA,NA,NA,NA,NA,NA,NA,NA,NA,NA,NA,NA,NA,NA,NA,NA,NA,NA,NA,NA,NA,NA,NA,NA,NA,NA,NA,NA,NA,NA,NA
1991-Q3,NA,NA,NA,NA,NA,NA,NA,-154685.529209986,NA,NA,NA,NA,NA,NA,NA,NA,NA,NA,NA,NA,-264060.299141038,NA,NA,NA,NA,NA,NA,NA,NA,NA,NA,NA,NA,NA,NA,NA,NA,NA,NA,-39183.922293897,NA,NA,-8015.3793467852,NA,NA,NA,NA,NA,NA,NA,NA,NA,NA,-17480.270998632,NA,NA,NA,NA,NA,NA,NA,NA,NA,NA,NA,NA,NA,NA,NA,NA,NA,NA,NA,NA,NA,NA,NA,NA,NA,NA,NA,NA,NA,NA,NA,NA,NA,NA,NA,NA,NA,NA,-19370.0465116279,NA,NA,NA,NA,NA,NA,NA,NA,NA,NA,NA,NA,NA,NA,NA,NA,NA,NA,NA,NA,NA,NA,NA,NA,NA,NA,NA,NA,NA,NA,NA,NA,NA,NA,NA,NA,NA,NA,NA,NA
1991-Q4,NA,NA,NA,NA,NA,NA,NA,-151746.567365335,NA,NA,NA,NA,NA,NA,NA,NA,NA,NA,NA,NA,-260212.472414582,NA,NA,NA,NA,NA,NA,NA,NA,NA,NA,NA,NA,NA,NA,NA,NA,NA,NA,-42159.229043313,NA,NA,-7577.25530328996,NA,NA,NA,NA,NA,NA,NA,NA,NA,NA,-15181.2401192979,NA,NA,NA,NA,NA,NA,NA,NA,NA,NA,NA,NA,NA,NA,NA,NA,NA,NA,NA,NA,NA,NA,NA,NA,NA,NA,NA,NA,NA,NA,NA,NA,NA,NA,NA,NA,NA,NA,-20441.4159121143,NA,NA,NA,NA,NA,NA,NA,NA,NA,NA,NA,NA,NA,NA,NA,NA,NA,NA,NA,NA,NA,NA,NA,NA,NA,NA,NA,NA,NA,NA,NA,NA,NA,NA,NA,NA,NA,NA,NA,NA
1992-Q1,NA,NA,NA,NA,NA,NA,NA,-155012.436204663,NA,NA,NA,NA,NA,NA,NA,NA,NA,NA,NA,NA,-261853.140905257,NA,NA,NA,NA,NA,NA,NA,NA,NA,NA,NA,NA,NA,NA,NA,NA,NA,NA,-42125.6312385121,NA,NA,15869.1489909465,NA,NA,NA,NA,NA,NA,NA,NA,NA,NA,-18902.281207133,NA,NA,NA,NA,NA,NA,NA,NA,NA,NA,NA,NA,NA,NA,NA,NA,NA,NA,NA,NA,NA,NA,NA,NA,NA,NA,NA,NA,NA,NA,NA,NA,NA,NA,NA,NA,NA,NA,-20746.5665294925,NA,NA,NA,NA,NA,NA,NA,NA,NA,NA,NA,NA,NA,NA,NA,NA,NA,NA,NA,NA,NA,NA,NA,NA,NA,NA,NA,NA,NA,NA,NA,NA,NA,NA,NA,NA,NA,NA,NA,NA
1992-Q2,NA,NA,NA,NA,NA,NA,NA,-154465.211730493,NA,NA,NA,NA,NA,NA,NA,NA,NA,NA,NA,NA,-262787.405874243,NA,NA,NA,NA,NA,NA,NA,NA,NA,NA,NA,NA,NA,NA,NA,NA,NA,NA,-45898.5534482604,NA,NA,-12334.4420250454,NA,NA,NA,NA,NA,NA,NA,NA,NA,NA,-18620.6105877807,NA,NA,NA,NA,NA,NA,NA,NA,NA,NA,NA,NA,NA,NA,NA,NA,NA,NA,NA,NA,NA,NA,NA,NA,NA,NA,NA,NA,NA,NA,NA,NA,NA,NA,NA,NA,NA,NA,-21112.7137234697,NA,NA,NA,NA,NA,NA,NA,NA,NA,NA,NA,NA,NA,NA,NA,NA,NA,NA,NA,NA,NA,NA,NA,NA,NA,NA,NA,NA,NA,NA,NA,NA,NA,NA,NA,NA,NA,NA,NA,NA
1992-Q3,NA,NA,NA,NA,NA,NA,NA,-148862.345426652,NA,NA,NA,NA,NA,NA,NA,NA,NA,NA,NA,NA,-251837.587497791,NA,NA,NA,NA,NA,NA,NA,NA,NA,NA,NA,NA,NA,NA,NA,NA,NA,NA,-48154.5462294754,NA,NA,7315.24865888785,NA,NA,NA,NA,NA,NA,NA,NA,NA,NA,-19799.2852244609,NA,NA,NA,NA,NA,NA,NA,NA,NA,NA,NA,NA,NA,NA,NA,NA,NA,NA,NA,NA,NA,NA,NA,NA,NA,NA,NA,NA,NA,NA,NA,NA,NA,NA,NA,NA,NA,NA,-21422.0117827265,NA,NA,NA,NA,NA,NA,NA,NA,NA,NA,NA,NA,NA,NA,NA,NA,NA,NA,NA,NA,NA,NA,NA,NA,NA,NA,NA,NA,NA,NA,NA,NA,NA,NA,NA,NA,NA,NA,NA,NA
1992-Q4,NA,NA,NA,NA,NA,NA,NA,-146120.575603166,NA,NA,NA,NA,NA,NA,NA,NA,NA,NA,NA,NA,-253338.697735833,NA,NA,NA,NA,NA,NA,NA,NA,NA,NA,NA,NA,NA,NA,NA,NA,NA,NA,-43662.2934275946,NA,NA,16699.6979595474,NA,NA,NA,NA,NA,NA,NA,NA,NA,NA,-19474.3739684024,NA,NA,NA,NA,NA,NA,NA,NA,NA,NA,NA,NA,NA,NA,NA,NA,NA,NA,NA,NA,NA,NA,NA,NA,NA,NA,NA,NA,NA,NA,NA,NA,NA,NA,NA,NA,NA,NA,-21546.2803360513,NA,NA,NA,NA,NA,NA,NA,NA,NA,NA,NA,NA,NA,NA,NA,NA,NA,NA,NA,NA,NA,NA,NA,NA,NA,NA,NA,NA,NA,NA,NA,NA,NA,NA,NA,NA,NA,NA,NA,NA
1993-Q1,NA,NA,NA,NA,NA,NA,NA,-150292.666884548,NA,NA,NA,NA,NA,NA,NA,NA,NA,NA,NA,NA,-282010.627261672,NA,NA,NA,NA,NA,NA,NA,NA,NA,NA,NA,NA,NA,NA,NA,NA,NA,NA,-44514.8556852688,NA,NA,49202.7232555385,NA,NA,NA,NA,NA,NA,NA,NA,NA,NA,-20318.2571668181,NA,NA,NA,NA,NA,NA,NA,NA,NA,NA,NA,NA,NA,NA,NA,NA,NA,NA,NA,NA,NA,NA,NA,NA,NA,NA,NA,NA,NA,NA,NA,NA,NA,NA,NA,NA,NA,NA,-21722.7925864741,NA,NA,NA,NA,NA,NA,NA,NA,NA,NA,NA,NA,NA,NA,NA,NA,NA,NA,NA,NA,NA,NA,NA,NA,NA,NA,NA,NA,NA,NA,NA,NA,NA,NA,NA,NA,NA,NA,NA,NA
1993-Q2,NA,NA,NA,NA,NA,NA,NA,-148597.620961849,NA,NA,NA,NA,NA,NA,NA,NA,NA,NA,NA,NA,-285370.304597935,NA,NA,NA,NA,NA,NA,NA,NA,NA,NA,NA,NA,NA,NA,NA,NA,NA,NA,-45216.3528239357,NA,NA,58450.6833044112,NA,NA,NA,NA,NA,NA,NA,NA,NA,NA,-20539.1076159517,NA,NA,NA,NA,NA,NA,NA,NA,NA,NA,NA,NA,NA,NA,NA,NA,NA,NA,NA,NA,NA,NA,NA,NA,NA,NA,NA,NA,NA,NA,NA,NA,NA,NA,NA,NA,NA,NA,-22071.8168114014,NA,NA,NA,NA,NA,NA,NA,NA,NA,NA,NA,NA,NA,NA,NA,NA,NA,NA,NA,NA,NA,NA,NA,NA,NA,NA,NA,NA,NA,NA,NA,NA,NA,NA,NA,NA,NA,NA,NA,NA
1993-Q3,NA,NA,NA,NA,NA,NA,NA,-150893.888107426,NA,NA,NA,NA,NA,NA,NA,NA,NA,NA,NA,NA,-272322.122453726,NA,NA,NA,NA,NA,NA,NA,NA,NA,NA,NA,NA,NA,NA,NA,NA,NA,NA,-46046.6119393841,NA,NA,73400.559864736,NA,NA,NA,NA,NA,NA,NA,NA,NA,NA,-20484.0607443204,NA,NA,NA,NA,NA,NA,NA,NA,NA,NA,NA,NA,NA,NA,NA,NA,NA,NA,NA,NA,NA,NA,NA,NA,NA,NA,NA,NA,NA,NA,NA,NA,NA,NA,NA,NA,NA,NA,-22501.4864384672,NA,NA,NA,NA,NA,NA,NA,NA,NA,NA,NA,NA,NA,NA,NA,NA,NA,NA,NA,NA,NA,NA,NA,NA,NA,NA,NA,NA,NA,NA,NA,NA,NA,NA,NA,NA,NA,NA,NA,NA
1993-Q4,NA,NA,NA,NA,NA,NA,NA,-163481.813417224,NA,NA,NA,NA,NA,NA,NA,NA,NA,NA,NA,NA,-282498.077910667,NA,NA,NA,NA,NA,NA,NA,NA,NA,NA,NA,NA,NA,NA,NA,NA,NA,NA,-45306.9548609624,NA,NA,43836.976427581,NA,NA,NA,NA,NA,NA,NA,NA,NA,NA,-19133.2243552644,NA,NA,NA,NA,NA,NA,NA,NA,NA,NA,NA,NA,NA,NA,NA,NA,NA,NA,NA,NA,NA,NA,NA,NA,NA,NA,NA,NA,NA,NA,NA,NA,NA,NA,NA,NA,NA,NA,-22758.4479920026,NA,NA,NA,NA,NA,NA,NA,NA,17890.7357374874,NA,NA,NA,NA,NA,NA,NA,NA,NA,NA,NA,NA,NA,NA,NA,NA,NA,NA,NA,NA,NA,NA,NA,NA,NA,NA,NA,NA,NA,NA,NA
1994-Q1,NA,NA,NA,NA,NA,NA,NA,-167185.158492033,NA,NA,NA,NA,NA,NA,NA,NA,NA,NA,NA,NA,-255431.650021555,NA,NA,NA,NA,NA,NA,NA,NA,NA,NA,NA,NA,NA,NA,NA,NA,NA,NA,-49484.6238244212,NA,NA,55624.8757489634,NA,NA,NA,NA,NA,NA,NA,NA,NA,NA,-18273.5697133558,NA,NA,NA,NA,NA,NA,NA,NA,NA,NA,NA,NA,NA,NA,NA,NA,NA,NA,NA,NA,NA,NA,NA,NA,NA,NA,NA,NA,NA,NA,NA,NA,NA,NA,NA,NA,NA,NA,-23098.7091972688,NA,NA,NA,NA,NA,NA,NA,NA,NA,NA,NA,NA,NA,NA,NA,NA,NA,NA,NA,NA,NA,NA,NA,NA,NA,NA,NA,NA,NA,NA,NA,NA,NA,NA,NA,NA,NA,NA,NA,NA
1994-Q2,NA,NA,NA,NA,NA,NA,NA,-172106.227866955,NA,NA,NA,NA,NA,NA,NA,NA,NA,NA,NA,NA,-255199.595077392,NA,NA,NA,NA,NA,NA,NA,NA,NA,NA,NA,NA,NA,NA,NA,NA,NA,NA,-50713.6930445276,NA,NA,56587.3018424917,NA,NA,NA,NA,NA,NA,NA,NA,NA,NA,-19412.5070147386,NA,NA,NA,NA,NA,NA,NA,NA,NA,NA,NA,NA,NA,NA,NA,NA,NA,NA,NA,NA,NA,NA,NA,NA,NA,NA,NA,NA,NA,NA,NA,NA,NA,NA,NA,NA,NA,NA,-23858.4390646046,NA,NA,NA,NA,NA,NA,NA,NA,NA,NA,NA,NA,NA,NA,NA,NA,NA,NA,NA,NA,NA,NA,NA,NA,NA,NA,NA,NA,NA,NA,NA,NA,NA,NA,NA,NA,NA,NA,NA,NA
1994-Q3,NA,NA,NA,NA,NA,NA,NA,-179220.970552939,NA,NA,NA,NA,NA,NA,NA,NA,NA,NA,NA,NA,-262260.233768323,NA,NA,NA,NA,NA,NA,NA,NA,NA,NA,NA,NA,NA,NA,NA,NA,NA,NA,-54987.6685803482,NA,NA,38610.9367821561,NA,NA,NA,NA,NA,NA,NA,NA,NA,NA,-19525.0413722366,NA,NA,NA,NA,NA,NA,NA,NA,NA,NA,NA,NA,NA,NA,NA,NA,NA,NA,NA,NA,NA,NA,NA,NA,NA,NA,NA,NA,NA,NA,NA,NA,NA,NA,NA,NA,NA,NA,-24014.791465848,NA,NA,NA,NA,NA,NA,NA,NA,NA,NA,NA,NA,NA,NA,NA,NA,NA,NA,NA,NA,NA,NA,NA,NA,NA,NA,NA,NA,NA,NA,NA,NA,NA,NA,NA,NA,NA,NA,NA,NA
1994-Q4,NA,NA,NA,NA,NA,NA,NA,-189676.389339638,NA,NA,NA,NA,NA,NA,NA,NA,NA,NA,NA,NA,-253289.910736572,NA,NA,NA,NA,NA,NA,NA,NA,NA,NA,NA,NA,NA,NA,NA,NA,NA,NA,-55919.0341662819,NA,NA,35244.0034355689,NA,NA,NA,NA,NA,NA,NA,NA,NA,NA,-21396.705700559,NA,NA,NA,NA,NA,NA,NA,NA,NA,-37244.7818921961,NA,NA,NA,NA,NA,NA,NA,NA,NA,NA,NA,NA,NA,NA,NA,NA,NA,NA,NA,NA,NA,NA,NA,NA,NA,NA,NA,NA,-25620.9868945344,NA,NA,NA,NA,NA,NA,NA,NA,14862.4471513263,NA,NA,NA,NA,NA,NA,NA,NA,NA,NA,NA,NA,NA,NA,NA,NA,NA,NA,NA,NA,NA,NA,NA,NA,NA,NA,NA,NA,NA,NA,NA
1995-Q1,NA,NA,NA,NA,NA,NA,NA,-178140.236862845,NA,NA,NA,NA,NA,NA,NA,NA,NA,NA,NA,NA,-276337.280307096,NA,NA,NA,NA,NA,NA,NA,NA,NA,NA,NA,NA,NA,NA,NA,NA,NA,NA,-57698.0089234103,NA,NA,23124.638827618,NA,NA,NA,NA,NA,NA,NA,-28120.6285387569,NA,NA,-14339.55803165,NA,-3610.92500186138,NA,NA,NA,NA,NA,NA,NA,-39085.0629114839,NA,NA,NA,NA,NA,NA,NA,NA,NA,NA,NA,NA,NA,NA,NA,NA,NA,NA,NA,NA,NA,NA,NA,NA,NA,NA,NA,NA,-25630.6060023392,NA,NA,NA,NA,NA,NA,NA,NA,NA,NA,NA,NA,NA,NA,NA,NA,NA,NA,NA,NA,NA,NA,NA,NA,NA,NA,NA,NA,NA,NA,NA,NA,NA,NA,NA,NA,NA,NA,NA,NA
1995-Q2,NA,NA,NA,NA,NA,NA,NA,-180929.955379677,NA,NA,NA,NA,NA,NA,NA,NA,NA,NA,NA,NA,-273926.157083154,NA,NA,NA,NA,NA,NA,NA,NA,NA,NA,NA,NA,NA,NA,NA,NA,NA,NA,-62345.3476733337,NA,NA,10453.0762374284,NA,NA,NA,NA,NA,NA,NA,-28322.9980970065,NA,NA,-14691.8710584566,NA,-3569.95923005583,NA,NA,NA,NA,NA,NA,NA,-43027.862910642,NA,NA,NA,NA,NA,NA,NA,NA,NA,NA,NA,NA,NA,NA,NA,NA,NA,NA,NA,NA,NA,NA,NA,NA,NA,NA,NA,NA,-26733.7040831744,NA,NA,NA,NA,NA,NA,NA,NA,NA,NA,NA,NA,NA,NA,NA,NA,NA,NA,NA,NA,NA,NA,NA,NA,NA,NA,NA,NA,NA,NA,NA,NA,NA,NA,NA,NA,NA,NA,NA,NA
1995-Q3,NA,NA,NA,NA,NA,NA,NA,-200049.47145307,NA,NA,NA,NA,NA,NA,NA,NA,NA,NA,NA,NA,-268454.238064969,NA,NA,NA,NA,NA,NA,NA,NA,NA,NA,NA,NA,NA,NA,NA,NA,NA,NA,-62934.6387522486,NA,NA,4496.30006838688,NA,NA,NA,NA,NA,NA,NA,-26658.9780289752,NA,NA,-14683.7040263907,NA,-3479.8745715001,NA,NA,NA,NA,NA,NA,NA,-48265.921522286,NA,NA,NA,NA,NA,NA,NA,NA,NA,NA,NA,NA,NA,NA,NA,NA,NA,NA,NA,NA,NA,NA,NA,NA,NA,NA,NA,NA,-27684.1097042109,NA,NA,NA,NA,NA,NA,NA,NA,NA,NA,NA,NA,NA,NA,NA,NA,NA,NA,NA,NA,NA,NA,NA,NA,NA,NA,NA,NA,NA,NA,NA,NA,NA,NA,NA,NA,NA,NA,NA,NA
1995-Q4,NA,NA,NA,NA,NA,NA,NA,-200895.843647239,NA,NA,NA,NA,NA,NA,NA,NA,NA,NA,NA,NA,-251163.127121509,NA,NA,NA,NA,NA,NA,NA,NA,NA,NA,NA,NA,NA,NA,NA,NA,NA,NA,-53487.7271357738,NA,NA,-23047.8913305229,NA,NA,NA,NA,NA,NA,NA,-25198.222809405,NA,NA,-24940.4076925592,NA,-3469.96585043344,NA,NA,NA,NA,NA,NA,NA,-46128.7446905733,NA,NA,NA,NA,NA,NA,NA,NA,NA,-530.053347623409,NA,NA,NA,NA,NA,NA,NA,NA,NA,NA,NA,NA,NA,NA,NA,NA,NA,NA,-28125.8075060374,NA,NA,NA,NA,NA,NA,NA,NA,13152.6163367661,NA,NA,NA,NA,NA,NA,NA,NA,NA,NA,NA,NA,NA,NA,NA,NA,NA,NA,NA,NA,NA,NA,NA,NA,NA,NA,NA,NA,NA,NA,NA
1996-Q1,NA,NA,NA,NA,NA,NA,NA,-212016.667381566,NA,NA,NA,NA,NA,NA,NA,NA,NA,NA,NA,NA,-259108.344738981,NA,NA,NA,NA,NA,NA,NA,NA,NA,NA,NA,NA,NA,NA,NA,-383.637287736387,NA,NA,-51055.6037980905,NA,NA,-29720.8071251847,NA,NA,NA,NA,NA,NA,NA,-25212.477295146,NA,NA,-14385.0758732548,NA,-3388.89568301179,NA,NA,NA,NA,NA,NA,NA,-50406.8269476084,NA,NA,NA,NA,NA,NA,NA,-77.9365755116055,NA,NA,NA,NA,NA,NA,NA,NA,NA,NA,NA,NA,NA,NA,NA,NA,NA,NA,NA,NA,-27995.8058199762,NA,NA,NA,NA,NA,NA,NA,NA,NA,NA,NA,NA,NA,NA,NA,NA,NA,NA,NA,NA,NA,NA,NA,NA,NA,NA,NA,NA,NA,NA,NA,NA,NA,NA,NA,NA,NA,NA,NA,NA
1996-Q2,NA,NA,NA,NA,NA,NA,NA,-216746.942724693,NA,NA,NA,NA,NA,NA,NA,NA,NA,NA,NA,NA,-249184.742319991,NA,NA,NA,NA,NA,NA,NA,NA,NA,NA,NA,NA,NA,NA,NA,-466.346698655422,NA,NA,-51135.1581796887,NA,NA,-40697.5469518003,NA,NA,NA,NA,NA,NA,NA,-24881.1834275739,NA,NA,-14009.6559577505,NA,-3284.32426524747,NA,NA,NA,NA,NA,NA,NA,-54738.7705030187,NA,NA,NA,NA,NA,NA,NA,-98.1861514324435,NA,NA,NA,NA,NA,NA,NA,NA,NA,NA,NA,NA,NA,NA,NA,NA,NA,NA,NA,NA,-28769.9834928153,NA,NA,NA,NA,NA,NA,NA,NA,NA,NA,NA,NA,NA,NA,NA,NA,NA,NA,NA,NA,NA,NA,NA,NA,NA,NA,NA,NA,NA,NA,NA,NA,NA,NA,NA,NA,NA,NA,NA,NA
1996-Q3,NA,NA,NA,NA,NA,NA,NA,-218489.441541936,NA,NA,NA,NA,NA,NA,NA,NA,NA,NA,NA,NA,-243987.242806669,NA,NA,NA,NA,NA,NA,NA,NA,NA,NA,NA,NA,NA,NA,NA,-490.598886124652,NA,NA,-52568.1156897608,NA,NA,-90605.4394191057,NA,NA,NA,NA,NA,NA,NA,-24489.7296910071,NA,NA,-14391.2759656047,NA,-3295.4455204043,NA,NA,NA,NA,NA,NA,NA,-62465.9497845256,NA,NA,NA,NA,NA,NA,NA,-119.951392595279,NA,NA,NA,NA,NA,NA,NA,NA,NA,NA,NA,NA,NA,NA,NA,NA,NA,NA,NA,NA,-29172.0305561177,NA,NA,NA,NA,NA,NA,NA,NA,NA,NA,NA,NA,NA,NA,NA,NA,NA,NA,NA,NA,NA,NA,NA,NA,NA,NA,NA,NA,NA,NA,NA,NA,NA,NA,NA,NA,NA,NA,NA,NA
1996-Q4,NA,NA,NA,NA,NA,NA,NA,-225881.104620344,NA,NA,NA,NA,NA,NA,NA,NA,NA,NA,NA,-544.733309367415,-242060.66517945,NA,NA,NA,NA,-26699.1577540036,NA,NA,NA,NA,NA,NA,NA,NA,NA,NA,-630.805913520584,NA,NA,-53065.1416933574,NA,NA,-96952.1659277916,NA,NA,NA,NA,NA,NA,NA,-24626.3034808231,NA,NA,-26496.3826835693,NA,-3249.3671038054,NA,NA,NA,NA,NA,NA,NA,-63528.8201546665,NA,NA,NA,NA,NA,NA,NA,-350.972466898273,NA,-666.144477102003,NA,NA,NA,NA,NA,NA,NA,NA,NA,NA,NA,NA,NA,NA,NA,NA,NA,NA,-28893.7983173349,NA,NA,NA,NA,NA,NA,NA,NA,6877.26944978084,NA,NA,NA,NA,NA,NA,NA,NA,NA,NA,NA,NA,NA,NA,NA,NA,NA,NA,NA,NA,NA,NA,NA,NA,NA,NA,NA,NA,NA,NA,NA
1997-Q1,NA,NA,NA,NA,NA,NA,NA,-218617.406479152,NA,NA,NA,NA,NA,NA,NA,NA,NA,NA,NA,-793.557871626917,-239000.447471284,NA,NA,NA,NA,NA,NA,NA,NA,NA,NA,NA,NA,NA,NA,NA,-1125.96319662721,NA,NA,-54244.2518134639,NA,NA,-72901.5303659949,NA,NA,NA,NA,NA,NA,NA,-25056.9173493895,NA,NA,-12969.5795701758,NA,-3082.86017045247,NA,NA,NA,NA,NA,NA,NA,-72311.0375899223,NA,NA,NA,NA,NA,NA,NA,-403.367589131795,NA,NA,NA,NA,NA,NA,NA,NA,NA,NA,NA,NA,NA,NA,NA,NA,NA,NA,NA,NA,-23529.1112089172,NA,NA,NA,NA,NA,NA,NA,NA,NA,NA,NA,NA,NA,NA,NA,NA,NA,NA,NA,NA,NA,NA,NA,NA,NA,NA,NA,NA,NA,NA,NA,NA,NA,-12790.5876561462,NA,NA,NA,NA,NA,NA
1997-Q2,NA,NA,NA,NA,NA,NA,NA,-215801.310273584,NA,NA,NA,NA,NA,NA,NA,NA,NA,NA,NA,-867.487122096533,-222473.469127418,NA,NA,NA,NA,-32088.0327426465,NA,NA,NA,NA,NA,NA,NA,NA,NA,NA,-1211.53576337074,NA,NA,-55657.9824413847,NA,NA,-58890.2038029344,NA,NA,NA,NA,NA,NA,NA,-25009.6191451066,NA,NA,-13188.3696344614,NA,-3072.03368387672,NA,NA,NA,NA,NA,NA,NA,-76646.3461229974,NA,NA,NA,NA,NA,NA,NA,-436.745189612834,NA,NA,NA,NA,NA,NA,NA,NA,NA,NA,NA,NA,NA,NA,NA,NA,NA,NA,NA,NA,-23307.3613110666,NA,NA,NA,NA,NA,NA,NA,NA,NA,NA,NA,NA,NA,NA,NA,NA,NA,NA,NA,NA,NA,NA,NA,NA,NA,NA,NA,NA,NA,NA,NA,NA,NA,-15196.4961128433,NA,NA,NA,NA,NA,NA
1997-Q3,NA,NA,NA,NA,NA,NA,NA,-205064.601483814,NA,NA,NA,NA,NA,NA,NA,NA,NA,NA,NA,-700.48760906337,-217970.71070273,NA,NA,NA,NA,NA,NA,NA,NA,NA,NA,NA,NA,NA,NA,NA,-1555.52417173828,NA,NA,-58917.8439424542,NA,NA,-77445.4070113747,NA,NA,NA,NA,NA,NA,NA,-25017.7034630406,NA,NA,-12586.5046744857,NA,-3041.5737815236,NA,NA,NA,NA,NA,NA,NA,-78330.4317970148,NA,NA,NA,NA,NA,NA,NA,-459.735385474418,NA,NA,NA,NA,NA,NA,NA,NA,NA,NA,NA,NA,NA,NA,NA,NA,NA,NA,NA,NA,-23753.6633392749,NA,NA,NA,NA,NA,NA,NA,NA,NA,NA,NA,NA,NA,NA,NA,NA,NA,NA,NA,NA,NA,NA,NA,NA,NA,NA,NA,NA,NA,NA,NA,NA,NA,-16147.2013395951,NA,NA,NA,NA,NA,NA
1997-Q4,NA,NA,NA,NA,NA,NA,NA,-185691.186258219,NA,NA,NA,NA,NA,NA,NA,NA,NA,NA,NA,-1283.19557823496,-204983.917192457,NA,NA,NA,NA,-35578.7383214944,NA,NA,NA,NA,NA,NA,NA,NA,NA,NA,-1712.24894616277,NA,NA,-48806.7382290316,NA,NA,-93187.3868793468,NA,NA,NA,NA,NA,NA,NA,-27615.8610999834,NA,NA,-29208.4462755278,NA,-3207.13857420537,NA,NA,NA,NA,NA,NA,NA,-75537.7185921377,NA,NA,NA,NA,NA,NA,NA,-448.471489249169,NA,-935.445739497432,NA,NA,NA,NA,NA,NA,NA,NA,NA,NA,NA,NA,NA,NA,NA,NA,NA,NA,-24211.2836724901,NA,NA,NA,NA,NA,NA,NA,NA,611.96245709377,NA,NA,NA,NA,NA,NA,NA,NA,NA,NA,NA,NA,NA,NA,NA,NA,NA,NA,NA,NA,NA,NA,NA,NA,-13231.0790629598,NA,NA,NA,NA,NA,NA
1998-Q1,NA,NA,NA,NA,NA,NA,NA,-195977.867374464,NA,NA,NA,NA,NA,NA,NA,NA,NA,NA,NA,-1659.64335309999,-204784.259006051,NA,NA,NA,NA,NA,NA,NA,NA,NA,NA,NA,NA,NA,NA,NA,-1775.72185105538,NA,NA,-58580.1196260926,NA,NA,-127247.412569559,NA,NA,NA,NA,NA,NA,NA,-27995.9352608087,NA,NA,-31719.0290547139,NA,-3298.07721858439,NA,NA,NA,NA,NA,NA,NA,-75237.9208698754,NA,-380.848116601453,NA,NA,NA,NA,NA,-567.02020594015,NA,-1073.64182284284,NA,NA,NA,NA,NA,NA,NA,NA,NA,NA,NA,NA,NA,NA,NA,NA,NA,NA,-24001.1623716598,NA,NA,NA,NA,NA,NA,-3235.43045164962,NA,-1690.10330805391,NA,NA,NA,NA,NA,NA,NA,NA,NA,NA,NA,NA,NA,NA,NA,NA,NA,NA,NA,NA,NA,NA,NA,NA,-15291.6083747462,-33.3830822379843,NA,NA,NA,NA,NA
1998-Q2,NA,NA,NA,NA,NA,NA,NA,-181336.73528706,NA,NA,NA,NA,NA,NA,NA,NA,NA,NA,NA,-1752.83772316673,-189296.172780857,NA,NA,NA,NA,-33600.891953902,NA,NA,NA,NA,NA,NA,NA,NA,NA,NA,-1600.38465030021,NA,NA,-70959.0492222604,NA,NA,-135896.232270105,NA,NA,NA,NA,NA,NA,NA,-28401.6436617016,NA,NA,-31465.2309871533,NA,-3385.89415728696,NA,NA,NA,NA,NA,NA,NA,-66419.3594853849,NA,-700.182703246836,NA,NA,NA,NA,NA,-563.412094678086,NA,-1145.74373242362,NA,NA,NA,NA,NA,NA,NA,NA,NA,NA,NA,NA,NA,NA,NA,NA,NA,NA,-24474.9517494099,NA,NA,NA,NA,NA,NA,-4181.44217433636,NA,-3632.43848267923,NA,NA,NA,NA,NA,NA,NA,NA,NA,NA,NA,NA,NA,NA,NA,NA,NA,NA,NA,NA,NA,NA,NA,NA,-12589.1779660474,-56.8056878568152,NA,NA,NA,NA,NA
1998-Q3,NA,NA,NA,NA,NA,NA,NA,-186068.051940863,NA,NA,NA,NA,NA,NA,NA,NA,NA,NA,NA,-1863.20111845074,-168682.339093778,NA,NA,NA,NA,NA,NA,NA,NA,NA,NA,NA,NA,NA,NA,NA,-2001.115430607,NA,NA,-69199.4524794583,NA,NA,-163251.976331154,NA,NA,NA,NA,NA,NA,NA,-27691.4691146699,NA,NA,-28123.6768801862,NA,-3796.73430566605,NA,NA,NA,NA,NA,NA,NA,-62735.9707232219,NA,-1171.70584800534,NA,NA,NA,NA,NA,-901.790267723317,NA,-1251.79445441244,NA,NA,NA,NA,NA,NA,NA,NA,NA,NA,NA,NA,NA,NA,NA,NA,NA,NA,-24731.5409000742,NA,NA,NA,NA,NA,NA,-4680.00593548201,NA,-7382.40659853025,NA,NA,NA,NA,NA,NA,NA,NA,NA,NA,NA,NA,NA,NA,NA,NA,NA,NA,NA,NA,NA,NA,NA,NA,-10982.7381611559,-29.1048274970053,NA,NA,NA,NA,NA
1998-Q4,NA,NA,NA,-937.919506047443,NA,NA,NA,-194085.032587647,NA,NA,NA,NA,NA,NA,NA,NA,NA,NA,NA,-2071.01178727568,-137364.495511702,NA,NA,NA,NA,-33641.4573898136,NA,NA,NA,NA,NA,NA,NA,NA,NA,NA,-2151.50049141782,NA,NA,-100472.636257681,NA,NA,-196764.768338176,NA,NA,NA,NA,NA,NA,NA,-30349.7065976886,NA,NA,-27863.0618390206,NA,-3954.74459340249,NA,NA,NA,NA,NA,NA,NA,-68896.229516414,NA,-1202.5239526059,NA,NA,NA,NA,NA,-1201.68265877234,NA,-1348.8171526932,NA,NA,NA,NA,NA,NA,NA,NA,NA,NA,NA,NA,NA,NA,NA,NA,NA,NA,-26123.1886988276,NA,NA,NA,NA,NA,NA,-6713.36590423625,NA,-4369.50236548082,NA,NA,NA,NA,NA,NA,NA,NA,NA,NA,NA,NA,NA,NA,NA,NA,NA,NA,NA,NA,NA,NA,NA,NA,-12261.761325673,-27.5717521084701,NA,NA,NA,NA,NA
1999-Q1,NA,NA,NA,-968.316431931507,NA,NA,NA,-200174.403387818,NA,NA,NA,NA,NA,NA,NA,NA,NA,NA,NA,-2109.41942079914,-121938.278644239,NA,NA,NA,NA,NA,NA,NA,NA,NA,NA,NA,NA,NA,NA,NA,-2278.27647716921,NA,-210823.887478995,-106461.160375162,NA,66993.3372942252,-212475.751424363,NA,NA,NA,NA,NA,NA,NA,-29372.4332017182,NA,NA,-29965.7064064318,NA,-3898.65451998174,-40264.3460294565,NA,NA,NA,NA,NA,NA,-67346.7712339927,NA,-1091.30553496917,NA,NA,NA,-2781.10009531708,NA,-1346.4218793069,NA,-1388.56869336274,NA,NA,NA,-7868.37241709605,NA,NA,NA,NA,NA,NA,NA,NA,NA,NA,NA,NA,NA,NA,-26077.2498873599,NA,NA,NA,NA,-36788.9196703476,NA,-6934.1948277646,NA,-3213.65220656026,NA,NA,NA,NA,-106439.976297045,NA,NA,NA,NA,NA,NA,NA,NA,NA,NA,NA,NA,NA,-310042.964651339,NA,NA,NA,NA,NA,-12956.3141639116,17.0995416443319,NA,NA,NA,NA,NA
1999-Q2,NA,NA,NA,-996.97472515821,NA,NA,NA,-211028.960811518,NA,NA,NA,NA,NA,NA,NA,NA,NA,NA,NA,-2157.57351337343,-107593.812934058,NA,NA,NA,NA,-29863.0696239395,NA,NA,NA,NA,NA,NA,NA,NA,NA,NA,-2553.14104986384,NA,-198494.187561652,-113165.384561815,NA,83716.775102111,-178952.146336205,NA,NA,NA,NA,NA,NA,NA,-30795.7326102382,NA,NA,-32102.8835372321,NA,-3800.74659703063,-70320.2111406787,NA,NA,NA,NA,NA,NA,-78409.6964345542,NA,-1354.63380881516,NA,NA,NA,-3021.35899980496,NA,-1484.4706749099,NA,-1309.70648822962,NA,NA,NA,-7840.74023098106,NA,NA,NA,NA,NA,NA,NA,NA,NA,NA,NA,NA,NA,NA,-25826.738295691,NA,NA,NA,NA,-37439.4247720129,NA,-7117.96192875788,NA,30.38051949442,NA,NA,NA,NA,-62776.5205877829,NA,NA,NA,NA,NA,NA,NA,NA,NA,NA,NA,NA,NA,-302418.046368972,NA,NA,NA,NA,NA,-13797.7661135234,10.9109656481001,NA,NA,NA,NA,NA
1999-Q3,NA,NA,NA,-1048.59579832621,NA,NA,NA,-218184.14372901,NA,NA,NA,NA,NA,NA,NA,NA,NA,NA,NA,-2244.48460577752,-90905.9934900618,NA,NA,NA,NA,NA,NA,NA,NA,NA,NA,NA,NA,NA,NA,NA,-2482.01814146461,NA,-202809.749330867,-117890.247876337,NA,102284.1648632,-176849.532800796,NA,NA,NA,NA,NA,NA,NA,-32349.3971716256,NA,NA,-36086.961765616,NA,-4072.84097531163,-57871.448069445,NA,NA,NA,NA,NA,NA,-69522.6059278039,NA,-1143.41039603342,NA,NA,NA,-3351.75942513471,NA,-1713.80922565398,NA,-1315.92758627628,NA,NA,NA,-8138.12766116169,NA,NA,NA,NA,NA,NA,NA,NA,NA,NA,NA,NA,NA,NA,-26206.3663678539,NA,NA,NA,NA,-39738.0122613302,NA,-6658.52311534357,NA,2052.5266804603,NA,NA,NA,NA,-52505.3925896632,NA,NA,NA,NA,NA,NA,NA,NA,NA,NA,NA,NA,NA,-290445.682365482,NA,NA,NA,NA,NA,-12696.0814630714,3.62636921884925,NA,NA,NA,NA,NA
1999-Q4,NA,NA,NA,-1162.48318227668,NA,NA,NA,-217580.938317466,NA,NA,NA,NA,NA,NA,NA,NA,NA,NA,NA,-2379.72659434443,-76858.0325509581,NA,334116.231552421,NA,NA,-28561.7356110249,NA,NA,NA,NA,NA,NA,NA,NA,NA,NA,-2784.5503908241,NA,-207970.114457217,-215749.760211304,NA,12531.2926604746,-256404.155100113,-2059.89009725862,NA,NA,NA,NA,NA,-4838.30530787763,-34123.4359944048,NA,NA,-49639.2124899978,NA,-3828.92861209024,-54264.004716097,NA,NA,NA,NA,NA,NA,-91690.816630867,NA,-1079.96110218216,NA,NA,NA,-3661.39608923251,NA,-1832.51800049685,NA,-1355.89256847806,NA,NA,NA,-8198.31518397043,NA,NA,-198.121196208116,NA,NA,NA,NA,NA,NA,NA,NA,NA,NA,NA,-26852.1211432905,NA,NA,NA,NA,-42931.8928264626,NA,-7035.86199062208,NA,4304.81342481584,NA,NA,NA,NA,-86203.0829770051,NA,NA,NA,NA,NA,NA,NA,NA,NA,NA,NA,NA,NA,-359460.39422899,NA,NA,NA,NA,NA,-11802.8130182956,-15.9339575453351,NA,NA,NA,NA,NA
2000-Q1,NA,NA,NA,-1190.53719088455,NA,NA,NA,-193658.658582118,NA,NA,NA,NA,NA,NA,NA,NA,NA,NA,NA,-2351.36178649355,-70111.0447120124,NA,345353.235402095,NA,NA,-27315.0988674009,NA,NA,NA,NA,NA,NA,NA,NA,NA,NA,-2951.67339585187,NA,-220985.374156067,-224982.854021005,NA,4687.64729987544,-223877.652465744,-2049.31828698109,NA,NA,NA,NA,NA,NA,-35529.9718716243,NA,NA,-57067.2295531072,NA,-3817.54039153919,-52981.7619171644,NA,NA,NA,NA,NA,NA,-97085.896421356,NA,-702.383163890501,NA,NA,-30.512289326439,-3720.57627697115,NA,-1498.5505978423,NA,-1419.92263017536,NA,NA,NA,-8125.42041284138,NA,NA,-217.656856497204,NA,NA,NA,NA,NA,NA,NA,NA,NA,NA,NA,-27217.4731875762,NA,NA,NA,NA,-46096.0890455377,-14465.5426061198,-6674.7165038359,NA,NA,NA,NA,NA,NA,-121431.340715739,NA,NA,NA,NA,NA,NA,NA,NA,NA,NA,NA,NA,NA,-374098.192976736,NA,NA,NA,NA,NA,-9968.55828462139,-10.7553271523948,NA,NA,NA,NA,NA
2000-Q2,NA,NA,NA,-1244.70641345295,NA,NA,NA,-195767.137589519,NA,NA,NA,NA,NA,NA,NA,NA,NA,NA,NA,-2324.19957648368,-95660.6387681708,NA,353364.1940371,NA,NA,-24474.9818795396,NA,NA,NA,NA,NA,NA,NA,NA,NA,NA,-2713.7135706237,NA,-212503.437804811,-217464.113094707,NA,-11241.4796934762,-113496.983892595,-2076.01055167179,NA,NA,NA,NA,NA,NA,-34102.0008181063,NA,NA,-56272.8828001824,NA,-4634.86767237133,-53968.3409607445,NA,NA,NA,NA,NA,NA,-94614.3057674177,NA,-398.289000000885,NA,NA,-94.5131995260522,-3725.71186981721,NA,-1500.88746929486,NA,-1449.63418557691,NA,NA,NA,-8114.09681033053,NA,NA,-199.972112616334,NA,NA,NA,NA,NA,NA,NA,NA,NA,-42907.6111303939,NA,-26704.6270328281,NA,NA,NA,NA,-48681.2341997529,-14458.118449917,-6703.61022015627,NA,NA,NA,NA,NA,NA,-88237.625844531,NA,NA,NA,NA,NA,NA,NA,NA,NA,NA,NA,NA,NA,-400890.58272328,NA,NA,NA,NA,NA,-7941.84872223485,NA,NA,NA,NA,NA,NA
2000-Q3,NA,NA,NA,-1256.7676630828,NA,NA,NA,-181995.779648168,NA,NA,NA,NA,NA,NA,NA,NA,NA,NA,NA,-2352.2778687599,-82889.9024192419,NA,335091.844663012,NA,NA,-23698.8198772221,NA,NA,NA,NA,NA,NA,NA,NA,NA,NA,-2505.93910818388,NA,-206487.497096161,-165826.880841281,NA,30913.9141040804,-145709.927556059,-2066.81958420324,NA,NA,NA,NA,NA,NA,-30848.5720403138,NA,NA,-62916.4519302877,NA,-4783.38813541407,-56412.1301581408,NA,NA,NA,NA,NA,NA,-66898.4997043405,NA,-201.304103384639,NA,NA,-77.4460780522164,-3767.48132629812,NA,-1466.60846002886,NA,-1430.4230424501,NA,NA,NA,-7911.82239490328,NA,NA,-190.901555389241,NA,NA,NA,NA,NA,NA,NA,NA,NA,-38337.5549539819,NA,-27092.594862439,NA,NA,NA,NA,-45476.1125714683,-14645.2981136314,-6762.10259548256,NA,NA,NA,NA,NA,NA,-83997.2563423339,NA,NA,NA,NA,NA,NA,NA,NA,NA,NA,NA,NA,NA,-244786.373502803,NA,NA,NA,NA,NA,-5128.48058353234,NA,NA,NA,NA,NA,NA
2000-Q4,NA,NA,NA,-1315.49371250198,NA,NA,NA,-196024.828091209,NA,NA,NA,NA,NA,NA,NA,NA,NA,NA,NA,-2390.55950692756,-41870.9939384441,NA,308209.745289485,NA,NA,-22438.7316163518,NA,NA,NA,NA,NA,NA,NA,NA,NA,NA,-2775.52305228181,NA,-210420.380579217,-181991.906835071,NA,29709.2920656563,-128918.480764795,-2138.84263163691,NA,NA,NA,NA,NA,-6121.07584277369,-33335.7179603083,NA,NA,-52014.2512092288,NA,-5175.80187912474,-73447.5277217823,NA,NA,NA,NA,NA,NA,-42268.9631399557,NA,-11113.9813133408,NA,NA,-105.482700766831,-4015.5865743817,NA,-1893.83321144109,NA,-1451.62303178835,NA,NA,NA,-8004.27806959645,NA,NA,44.386284005163,NA,NA,NA,NA,NA,NA,NA,NA,NA,-40957.1049357762,NA,-27069.944376474,NA,NA,NA,NA,-51323.1870886824,-14673.7751361146,-8490.27021120511,NA,NA,NA,NA,NA,NA,-83230.7896434703,NA,NA,NA,NA,NA,NA,NA,NA,NA,NA,NA,NA,NA,-409799.81952685,-12791.0669551304,NA,NA,NA,NA,-2076.10687287462,NA,NA,NA,NA,NA,NA
2001-Q1,NA,NA,NA,-1326.76769409623,NA,NA,NA,-180199.103185679,-4180.0021582371,NA,NA,NA,NA,NA,NA,NA,NA,NA,NA,-2344.04335491988,-53006.4878332244,NA,318023.996863736,NA,NA,-22837.3787525965,NA,NA,NA,NA,NA,NA,NA,NA,NA,NA,-2607.4241021438,NA,-219546.707474673,-96302.4501394843,NA,60108.4021599403,-77801.653018038,-2154.83448322068,NA,NA,NA,NA,NA,-6317.94209777528,-30893.101125973,NA,NA,-35711.8962288888,NA,-5466.69226378003,-80831.2607027325,NA,NA,NA,NA,NA,NA,-39482.1339779462,NA,-11310.6248312654,NA,NA,-65.1512382960303,-4065.18800503252,NA,-2019.07836036111,NA,-1824.77564690933,NA,NA,NA,-7838.37238487149,NA,NA,27.7500313996513,NA,NA,NA,NA,NA,NA,NA,NA,NA,-35731.8347381674,NA,-26661.9873873368,NA,NA,NA,NA,-53306.4253651278,-13735.6614951579,-8244.75736024739,NA,NA,NA,NA,NA,NA,-96978.8897993444,NA,NA,NA,NA,NA,NA,NA,NA,NA,NA,NA,NA,NA,-350906.943125162,-12823.7662538875,NA,NA,NA,NA,-1714.886134083,NA,NA,NA,NA,NA,NA
2001-Q2,NA,NA,NA,-1339.84372851471,NA,NA,NA,-184579.932595542,-4172.76720478326,NA,NA,NA,NA,NA,NA,NA,NA,NA,NA,-2372.27594715961,-70303.6030814042,NA,332445.97526279,NA,NA,-24538.1043196918,NA,NA,NA,NA,NA,NA,NA,NA,NA,NA,-2664.27631497979,NA,-212934.491724089,-86966.372820558,NA,76599.392042381,-80648.0090251428,-2188.09183406624,NA,NA,NA,NA,NA,-6714.3008631326,-32357.3178747141,NA,NA,-37997.8482265086,NA,-5277.46388468346,-68361.7951653908,NA,NA,NA,NA,NA,NA,-45388.6284400127,NA,-11627.1976275691,NA,NA,-44.4529205440126,-3998.42578958514,NA,-1977.87691109187,NA,-1849.26922470867,NA,NA,NA,-7717.63216153935,NA,NA,75.1221958117769,NA,NA,NA,NA,NA,NA,NA,NA,NA,-36884.1519996053,NA,-26924.9736397243,NA,NA,NA,NA,-50949.5648511512,-13554.1313383921,-8616.46360963883,NA,NA,NA,NA,NA,NA,-76488.0540225898,NA,NA,-5166.32103786421,NA,NA,NA,NA,NA,NA,NA,NA,NA,NA,-285389.194100679,-12034.2389040789,NA,NA,NA,NA,-1662.44503114101,NA,NA,NA,NA,NA,NA
2001-Q3,NA,NA,NA,-1378.70960127014,NA,NA,NA,-172945.409236373,-4188.72655357764,NA,NA,NA,NA,NA,NA,NA,NA,NA,NA,-2507.27513244564,-79188.4185629348,NA,353234.85382649,NA,NA,-24003.0957177366,NA,NA,NA,NA,NA,NA,NA,NA,NA,NA,-2809.31299218636,NA,-230946.773497479,-62556.5868018846,NA,150247.662320672,-65064.832306418,-2265.221577075,NA,NA,NA,NA,NA,-6234.93325781665,-32367.6504590637,NA,NA,-28215.4174119285,NA,-5939.74026789195,-76237.051625043,NA,NA,NA,NA,NA,NA,-29216.6439964423,NA,-12045.8801497499,NA,NA,-52.6815042768154,-4101.01252465229,NA,-2279.42276193687,NA,-1810.81972660127,NA,NA,NA,-8056.5913906041,NA,NA,123.764460535084,NA,NA,NA,NA,NA,NA,NA,NA,NA,-36350.397988332,NA,-27175.0329979403,NA,NA,NA,NA,-58369.9580213693,-13602.1018099362,-8851.25691599015,NA,NA,NA,NA,NA,NA,-65955.2623663001,NA,NA,-5465.73186509778,NA,NA,NA,NA,NA,NA,NA,NA,NA,NA,-285242.368126969,-12088.638261643,NA,NA,NA,NA,-1801.51656762784,NA,NA,NA,NA,NA,NA
2001-Q4,NA,NA,NA,-1413.25145110845,NA,NA,NA,-174409.737740665,-4224.60096642035,NA,NA,NA,NA,NA,NA,NA,NA,-262275.370093947,NA,-3120.13455278014,-60149.8649106112,NA,349654.536363727,NA,NA,-25141.8776039742,NA,NA,NA,NA,NA,NA,NA,NA,NA,NA,-3097.25843016359,NA,-238093.266213938,-101070.01401066,NA,108875.221586709,-117801.464029663,-2287.78309347199,NA,NA,NA,NA,NA,-4776.64696846967,-35920.7328191088,NA,NA,-33801.4811211538,NA,-5958.23120266287,-56472.1828470096,NA,NA,NA,NA,NA,NA,-57708.047185428,NA,-13075.3208821664,NA,NA,-76.9236294873334,-4205.13246623167,NA,-2435.91964854244,NA,-1787.72790704221,NA,NA,NA,-7871.66090100412,NA,NA,204.274437392124,NA,NA,NA,NA,NA,-7681.06065782264,NA,NA,NA,-32952.2115650597,NA,-27164.9245704919,NA,NA,NA,NA,-60440.063426174,-13450.7073611688,-9428.56476720953,NA,NA,NA,NA,NA,NA,-54190.5416439849,NA,NA,-5511.27025689218,NA,NA,NA,NA,NA,NA,NA,NA,NA,NA,-340410.284762255,-12240.0674034454,NA,NA,NA,NA,-2218.75496154426,NA,NA,NA,NA,NA,NA
2002-Q1,NA,NA,NA,-1395.87646450609,NA,NA,NA,-181419.54058822,-4271.37699069802,NA,NA,NA,NA,NA,NA,NA,NA,-270726.23407712,NA,-3087.4217844313,-68998.4039554207,NA,344289.447183628,NA,NA,-25648.1894034756,NA,NA,NA,NA,NA,NA,NA,NA,NA,NA,-3330.37757927856,NA,-247508.810832435,-82768.5636249225,NA,65840.9879103077,-94907.1681439277,-2327.66297259919,NA,NA,NA,NA,NA,-6464.93370111126,-37551.7691866203,NA,NA,-28489.6593885641,NA,-6064.20335783895,-52802.0431405035,NA,NA,NA,NA,NA,NA,-79915.4193129264,NA,-12774.7470140466,NA,NA,0.55869164372312,-3973.33845787202,-1461.70209942915,-2537.1698920169,NA,-1815.82114127392,NA,NA,NA,-7786.56506660186,NA,NA,326.687409296441,NA,NA,NA,NA,NA,-7892.5172414395,NA,NA,NA,-36867.3828940426,-7905.29989887541,-27493.5843667842,NA,NA,NA,NA,-62132.9811094504,-13232.7106003763,-9730.03601719115,NA,NA,NA,NA,NA,NA,-42486.2690213827,NA,NA,-5780.37674381519,NA,NA,-5123.64500872839,NA,NA,NA,NA,NA,NA,NA,-271191.294032895,-11955.0959598794,NA,NA,NA,NA,-3466.47759295743,-10.4436277606357,NA,NA,NA,NA,NA
2002-Q2,NA,NA,NA,-1437.17345414254,NA,NA,NA,-205092.51265583,-4675.73936563689,NA,NA,NA,NA,NA,NA,NA,NA,-246628.827791318,NA,-3168.81192948004,-113620.221708096,NA,363174.423552982,NA,NA,-26361.0357823683,NA,NA,NA,NA,NA,NA,NA,NA,NA,NA,-3785.49587641079,NA,-288673.642697451,-51588.0625208985,NA,91011.8393197785,-38128.7367262156,-2459.60862824847,NA,NA,NA,NA,NA,-7724.38632096874,-42485.1290660722,NA,NA,-24382.7887962885,NA,-6876.2946481918,-112754.460060393,NA,NA,NA,NA,NA,NA,-79005.4847108301,NA,-13129.6587315335,NA,NA,-26.2144132115649,-4527.14143281444,-3736.00321809705,-2996.70699063486,NA,-1837.8693551636,NA,NA,NA,-8228.27705118271,NA,NA,336.547406405292,NA,NA,NA,NA,NA,-8292.51679952134,NA,NA,NA,-41899.5152193279,-7845.48525312759,-27939.1136776935,NA,NA,NA,NA,-76289.65480983,-13357.3389983563,-10700.7763809506,NA,NA,NA,NA,NA,NA,-51879.2245358316,NA,NA,-6722.19459658723,NA,NA,-5550.84115525856,NA,NA,NA,NA,NA,NA,NA,-536632.189264527,-11878.9564512245,NA,NA,NA,NA,-32.087223597029,-19.0262697710714,NA,NA,NA,NA,NA
2002-Q3,NA,NA,NA,-1443.86572060358,NA,NA,NA,-207040.08829422,-4881.72528338823,NA,NA,NA,NA,NA,NA,NA,NA,-208488.985762891,NA,-3212.11114580977,-124945.213835502,NA,385503.433222642,NA,NA,-26114.631728585,NA,NA,NA,NA,NA,NA,NA,NA,NA,NA,-3774.34719849084,NA,-284449.842481177,-42184.1673254581,NA,154485.88991809,7919.04284240793,-2489.38824326057,NA,NA,NA,NA,NA,-7688.38766184946,-43106.8166647845,NA,NA,-23087.5263168407,NA,-6868.31539905291,-111968.888989298,NA,NA,NA,NA,NA,NA,-64779.2359054433,NA,-13302.1720693915,NA,NA,-41.0523172473924,-4536.96704567383,-5452.17939970707,-3133.13085021421,NA,-1779.45012930653,NA,NA,NA,-8221.29110874799,NA,NA,466.413535042064,NA,NA,NA,NA,NA,-8217.29315355168,NA,NA,NA,-40551.4467335813,-7864.40942683719,-27040.107880085,NA,NA,NA,NA,-75575.5140332552,-13261.7209772338,-10914.1485849188,NA,NA,NA,NA,NA,NA,-58602.4895164544,NA,NA,-3849.47491534506,NA,NA,-5728.07446132269,NA,NA,NA,NA,NA,NA,NA,-452728.396353391,-11718.4358685401,NA,NA,NA,NA,2524.33799981482,-19.0755668021,NA,NA,NA,NA,NA
2002-Q4,NA,NA,NA,-1486.70001496791,NA,NA,NA,-220796.232988332,-5278.44068656108,NA,NA,NA,NA,NA,NA,NA,NA,-227590.311178873,NA,-3580.40295070913,-104771.776830961,NA,412616.908326398,NA,NA,-27163.5501837837,NA,NA,NA,NA,NA,NA,NA,NA,NA,NA,-4409.81597105766,NA,-359116.279044904,-55390.4846270859,NA,114577.405600639,4472.17134430086,-2599.50222137894,NA,NA,NA,NA,NA,-8778.95971249533,-49471.0710106923,NA,NA,-21778.6208681371,NA,-6942.03604721676,-156769.930238541,NA,NA,NA,NA,NA,NA,-61082.1750111481,NA,-13734.9456121254,NA,NA,-74.0742209025782,-5147.71745594528,16898.1611307904,-3520.15922461063,NA,-1794.5027477595,NA,NA,NA,-8407.06497979772,NA,NA,517.724712695857,NA,NA,NA,NA,NA,-8420.28632176869,NA,NA,NA,-46506.1473580638,-7907.34640759593,-27828.9481896748,NA,NA,NA,NA,-83646.5717942726,-13011.8070290373,-9748.60909040516,NA,NA,NA,NA,NA,NA,-61168.1625305542,NA,NA,-6168.72609915123,NA,NA,-5898.60837407857,NA,NA,NA,NA,NA,NA,NA,-733037.804588063,-12118.8421498412,NA,NA,NA,NA,2611.25155733805,-24.2032280906924,NA,NA,NA,NA,NA
2003-Q1,NA,NA,NA,-1514.97569030705,NA,NA,NA,-241979.799126529,-5697.4155197758,NA,NA,NA,NA,NA,NA,NA,NA,-234235.546131123,NA,-3633.81919430043,-141554.526717374,NA,467079.206808695,NA,NA,-28636.4207105109,NA,NA,NA,NA,NA,NA,NA,NA,NA,NA,-4802.26743101538,NA,-386086.128436802,-43341.54875035,NA,132200.363299432,101225.605480389,-2705.45081165094,NA,NA,NA,NA,NA,-9732.12510625048,-51012.5838835677,NA,NA,-21646.8413562591,NA,-7091.19302564169,-199380.922514165,NA,NA,NA,NA,NA,NA,-45189.1116686861,NA,-13078.8998973424,NA,NA,-22.4728138672058,-5385.04075839909,14046.9690742848,-3744.46366435458,NA,-1804.1196572672,NA,NA,NA,-8508.15817321189,NA,NA,539.69442266292,NA,NA,NA,NA,NA,-8635.63079374972,NA,NA,NA,-49387.5344689975,-7816.18652285847,-28103.5085221348,NA,NA,NA,NA,-91269.4869003331,-13900.9473187077,-11223.4764946511,NA,NA,NA,NA,NA,NA,-63442.6200971705,NA,NA,-6690.99138325032,NA,NA,-6084.65061612137,NA,NA,NA,NA,NA,NA,NA,-795672.124545843,-10888.717705663,NA,NA,NA,NA,2638.89295105164,-27.0135588156564,NA,NA,NA,NA,NA
2003-Q2,NA,NA,NA,-1542.40917772802,NA,NA,NA,-275398.92034311,-6216.1406191777,NA,NA,NA,NA,NA,NA,NA,NA,-254227.779981858,NA,-3545.08372286537,-169115.111406741,NA,471891.009214099,NA,NA,-28767.3511000989,NA,NA,NA,NA,NA,NA,NA,NA,NA,NA,-5838.73689633033,NA,-445148.12200974,-48943.2910364007,NA,113001.823010962,29388.2087105838,-2847.02934417189,NA,NA,NA,NA,NA,-11723.5958095154,-52311.2013497541,NA,NA,-26892.9311629366,NA,-7386.20268664791,-219956.644504102,NA,NA,NA,NA,NA,NA,-59319.9778759624,NA,-13094.6382152026,NA,NA,-21.0364004064999,-5818.91075350665,15144.4381038367,-4056.78934604229,NA,-1802.27154789255,NA,NA,NA,-8820.9191246492,NA,NA,639.291934967276,NA,NA,NA,NA,NA,-8585.65131290456,22225.3414525378,NA,NA,-53992.2249395645,-7637.7957752911,-28347.9316019828,NA,NA,NA,NA,-99303.5460806995,-14014.1305296429,-12657.3928173301,NA,NA,NA,NA,NA,NA,-70165.1583304985,NA,NA,-7532.50413736311,NA,NA,-6285.84910520444,NA,NA,NA,NA,NA,NA,NA,-890920.97936098,-10669.7279729018,NA,NA,NA,NA,4692.70887161169,-47.2685464953048,NA,NA,NA,NA,NA
2003-Q3,NA,NA,NA,-1538.6835771587,NA,NA,NA,-281453.10671993,-6887.68110289744,NA,NA,NA,NA,NA,NA,NA,NA,-255464.498141969,NA,-3730.66328320479,-157332.29724801,NA,457365.892957666,NA,NA,-29490.7020202105,NA,NA,NA,NA,NA,NA,NA,NA,NA,NA,-6254.46154226064,NA,-449562.133656609,-45631.3593620413,NA,50971.8454656569,1343.74202693614,-2898.73677334166,NA,NA,NA,NA,NA,-11476.4523081875,-58812.7105739367,NA,NA,-26951.5776852225,NA,-7641.68581727811,-205509.76363396,NA,NA,NA,NA,NA,NA,-62417.3581430994,NA,-13745.7214325396,NA,NA,18.7813799043614,-5828.12749657394,10696.3404311626,-4301.81548569206,NA,-1781.55212178404,NA,NA,NA,-8956.17252517541,NA,NA,729.374265449696,NA,NA,NA,NA,NA,-8569.68509228575,34915.7592215041,NA,NA,-56293.8529639843,-7932.16565666098,-27687.9531586545,NA,NA,NA,NA,-102376.684028271,-14002.9069439226,-13665.4479421515,NA,NA,NA,NA,NA,NA,-73462.5406227726,NA,NA,-7143.88677249318,NA,NA,-6497.52547215103,NA,NA,NA,NA,NA,NA,NA,-884885.70235862,-10684.432320754,NA,NA,NA,NA,7160.43055059903,-76.4712097467193,NA,NA,NA,NA,NA
2003-Q4,NA,NA,NA,-1570.49117713588,NA,NA,NA,-322452.051364419,-7748.90207590347,NA,NA,NA,NA,NA,NA,NA,NA,-267762.109891923,NA,-3982.87818149937,-154904.463633096,NA,448293.032536686,-29512.2389131148,NA,-29314.9978421965,NA,NA,NA,NA,NA,NA,NA,NA,NA,NA,-7247.53694385903,NA,-512633.755410266,-48612.8819571142,NA,-57404.0225907573,-25863.8139781332,-3082.56739565992,-134795.230969062,NA,NA,NA,NA,-15036.8680315857,-69241.8652481432,NA,NA,-25889.9494853342,NA,-7664.85481342924,-211098.706506263,NA,NA,NA,NA,NA,NA,-63018.3027536514,NA,-14757.8298039813,NA,NA,47.5927491022725,-6858.88812178879,24233.5187913679,-5018.29004350475,NA,-1854.94080490548,NA,NA,NA,-9371.30774815383,NA,NA,854.272469321607,NA,NA,NA,NA,NA,-9164.88298218498,-33169.2933487914,NA,NA,-62489.932381812,-8014.03171327908,-28414.5927548027,NA,NA,NA,NA,-111610.418591314,-14136.7230392324,-16525.9417038771,NA,NA,NA,NA,NA,NA,-65186.2971655196,NA,NA,-12410.2566242114,NA,NA,-6755.82546156788,NA,NA,NA,NA,NA,NA,NA,-972755.29067356,-11721.6726600798,NA,NA,NA,NA,8398.81344656444,-75.7176231535634,NA,NA,NA,NA,NA
2004-Q1,NA,NA,NA,-1640.6855295053,NA,NA,NA,-333454.424917998,-7498.82852807059,NA,NA,NA,NA,NA,NA,NA,-7649.33139641302,-265696.553189877,NA,-3730.22664714365,-132872.419453794,NA,439267.279384768,NA,NA,-30920.4266142497,NA,NA,NA,-16322.3696237185,36246.3717198611,NA,NA,NA,NA,NA,-7883.61508397226,NA,-521819.8165215,-55013.7955847868,NA,-69435.6173746322,-52604.9530616148,-3118.01902275096,-140827.640444548,NA,NA,NA,NA,-16244.9761730516,-75878.2003831073,NA,NA,-24370.5305337838,NA,-7276.342745822,-201370.225833433,NA,NA,NA,NA,NA,NA,-78635.3383156511,NA,-14521.4671189507,NA,NA,54.4993360635713,-7060.71695728543,9060.59444437051,-5390.83570895265,NA,-1848.6974644455,NA,NA,NA,-9304.5179440061,NA,NA,894.087837734825,NA,NA,NA,NA,NA,-8954.54184914541,-11231.3377336606,NA,NA,-66037.6588624064,-8504.7605615286,-28997.2165551006,NA,NA,-93646.2953621481,NA,-115254.617241114,-14062.0896552231,-17838.8128320391,NA,NA,NA,NA,NA,NA,-66990.3409571384,NA,NA,-16040.3688274673,NA,NA,-6711.87980408977,NA,NA,NA,NA,NA,NA,NA,-881267.184632306,-11863.7043239834,NA,NA,NA,NA,10021.251714438,-74.3565737836399,NA,NA,NA,NA,NA
2004-Q2,NA,NA,NA,-1669.64333941741,NA,NA,NA,-308652.07448871,-8194.43842646218,NA,NA,NA,NA,NA,NA,NA,-7821.61423510868,-245467.387015102,NA,-4016.70658773505,-98861.9741679026,NA,435577.449128701,NA,NA,-30402.1337923614,NA,NA,NA,-20024.8892776495,108837.601227044,NA,NA,NA,NA,NA,-8532.11531770077,NA,-539274.253521022,-28988.9656168606,NA,-82947.9303747121,-141610.550776086,-3162.19736426149,-143895.650196746,NA,NA,NA,NA,-17529.3826273117,-77354.8385399764,NA,NA,-23044.8013687182,NA,-8018.15940664089,-195772.361882263,NA,NA,NA,NA,NA,NA,-53303.7692694549,NA,-15223.2162182041,NA,NA,131.519029307309,-7594.04375236594,11631.5897863634,-5792.12141294308,NA,-1764.65477035299,NA,NA,NA,-9305.26504908169,NA,NA,811.275034990164,NA,NA,NA,NA,NA,-8550.71580620602,-24423.4683450753,NA,NA,-62895.6206170125,-8484.45053260511,-28515.8307056305,NA,NA,-99709.4159539606,NA,-118633.855049155,-13925.7163476007,-19353.697267511,NA,NA,NA,NA,NA,NA,-73510.7695095501,NA,NA,-17418.5326209564,NA,NA,-7012.78617722957,NA,NA,NA,NA,NA,NA,NA,-900967.823460072,-11729.8164040908,NA,NA,NA,NA,12188.5586660411,-73.0124467338977,NA,NA,NA,NA,NA
2004-Q3,NA,NA,NA,-1674.08537771807,NA,NA,NA,-334608.311473257,-8719.27007815025,NA,NA,NA,NA,NA,NA,NA,-7613.23044236108,-263414.14555552,NA,-4018.94773495824,-151744.794200164,NA,457859.040375794,NA,NA,-30399.1915708099,NA,NA,NA,-22827.638144027,114765.230405067,NA,NA,NA,NA,NA,-9016.3403316004,NA,-572389.027930011,-21292.6404167481,NA,-68629.1840942498,-225811.850007776,-3257.39717778742,-149551.059881543,NA,NA,NA,NA,-18608.3865760402,-84434.9659413324,NA,NA,-19263.3277566406,NA,-8533.49744071813,-224580.00036464,NA,NA,NA,NA,NA,NA,-44259.0547617439,NA,-15604.0677384799,NA,NA,136.112489340969,-7914.54481496885,3627.68220105278,-6256.3950432272,NA,-1692.975866016,NA,NA,NA,-9323.37566973582,NA,NA,846.75771892833,NA,NA,NA,NA,NA,-7832.28068452363,-5082.34798936066,NA,NA,-71062.7297413246,-9136.93431452336,-27582.9241557724,NA,NA,-107474.832088116,NA,-122633.511435504,-13958.986831307,-20426.5428449623,NA,NA,NA,NA,NA,NA,-74859.7451886895,NA,NA,-18636.0651840863,NA,NA,-7046.15121199052,NA,NA,NA,NA,NA,NA,NA,-893528.856957504,-11204.1312237601,NA,NA,NA,NA,13884.0356391574,-55.5136369812907,NA,NA,NA,NA,NA
2004-Q4,NA,NA,NA,-1759.36845663966,NA,NA,NA,-373484.152283952,-9458.02979764253,NA,NA,NA,NA,NA,NA,NA,-7836.61506100212,-282137.45329233,NA,-4434.33055852352,-135581.49781825,NA,493774.974442279,-23551.8422408788,NA,-31293.8676252608,NA,NA,NA,-32820.3095107366,138922.222390737,NA,NA,NA,NA,NA,-11416.112583952,NA,-696685.937995988,-20959.7007927326,NA,-71722.8769476732,-211511.279583071,-3414.83003906111,-176769.542374281,NA,NA,NA,NA,-22519.5901259246,-100163.962214256,NA,NA,-19872.9955978457,NA,-10044.5652853022,-297013.860769509,NA,NA,NA,NA,NA,NA,-60215.2668215533,NA,-15702.1464176059,NA,NA,181.669554051019,-8954.6818230423,6780.94580092108,-7519.91785653816,NA,-1645.54983016313,NA,NA,NA,-9832.59685397701,NA,NA,897.041668576054,NA,NA,NA,-1510.91236052923,NA,-8012.37166096723,-3634.54044989626,NA,NA,-80085.3585645559,-9165.83233112599,-27420.1697524686,NA,NA,-127469.940586602,NA,-136490.868555251,-13904.8417368717,-22572.0187369068,NA,NA,NA,NA,NA,NA,-92154.6786314856,NA,NA,-24428.2987629751,NA,NA,-6915.24730037082,NA,NA,NA,NA,NA,NA,NA,-1321213.12571977,-12119.1419091429,NA,NA,NA,NA,16424.2976425277,-71.6786316183636,NA,NA,NA,NA,NA
2005-Q1,NA,NA,NA,-1752.51854547236,NA,NA,-49374.9920145897,-379562.99540538,-10131.7699481787,NA,-18348.7338449405,103099.264225494,NA,NA,NA,NA,-7756.51255752466,-282512.392160214,NA,-3690.85275650033,-136517.578814116,NA,494204.806349423,NA,NA,-31666.3695172303,-5468.640392521,NA,NA,-31585.6812316678,210359.732379495,NA,-12291.5202329931,NA,NA,NA,-12774.3392034826,NA,-688023.286717479,-18692.2083141225,-232.460907532974,-64165.7023944831,-216004.284452039,-3496.21802491877,-167516.694317346,NA,NA,NA,NA,-24949.6366924146,-100960.047533593,NA,NA,-18430.220329662,NA,-12658.4147918153,-338445.969347934,NA,NA,NA,NA,NA,NA,-74850.52420795,NA,-15734.9011983893,NA,NA,159.21178353892,-9804.55885583701,5359.80455918816,-7642.04736197858,NA,-1622.85920862983,NA,NA,NA,-9634.18801996789,NA,NA,920.263188791231,NA,NA,NA,442.340513497162,NA,-7954.73122337286,-27049.3748737887,NA,NA,-78505.6952762242,-9504.4342715557,-27620.9014059975,NA,NA,-123317.382849114,NA,-133588.918030229,-13639.5112621474,-22453.8906024677,NA,NA,NA,NA,NA,NA,-94796.9552717476,NA,NA,-24709.0402943778,NA,NA,-7119.65004201372,NA,NA,NA,NA,NA,NA,NA,-1264264.82032784,-11143.6949070087,NA,NA,NA,79.1549222887627,20700.1415915031,-55.008766043649,NA,NA,191.617281030677,NA,NA
2005-Q2,NA,NA,NA,-1753.61316428668,NA,NA,-45534.7070676493,-380449.73288083,-10321.9197401387,NA,-19046.4866411592,110901.424578718,NA,NA,NA,NA,-7489.77492952905,-296563.956574586,NA,-3532.14321101666,-120770.349375322,NA,461389.61727618,NA,NA,-32257.276336063,-5615.83180166338,NA,NA,-28562.935155024,256254.03529395,NA,-1164.06714135642,NA,NA,NA,-11849.9511047146,NA,-667472.96335125,-31316.5051653483,-259.145492233966,-59207.6085107353,-238346.046320671,-3556.45149837102,-167507.796684231,NA,NA,NA,NA,-24047.8300758849,-97636.2822806097,NA,NA,-12784.5670216919,NA,-11763.029048906,-313310.187421051,NA,NA,NA,NA,NA,NA,-81878.396950143,NA,-17170.7503092347,NA,NA,129.883581944006,-10164.3731397646,6747.14036090989,-7616.52660390489,NA,-1576.00039876246,NA,-340.809935408616,NA,-9387.75456235153,NA,NA,876.399904711832,NA,NA,NA,76.3283239398445,NA,-8051.46210229157,-29634.8296670997,NA,NA,-78047.943597639,-9653.12678682756,-26909.0406831469,NA,NA,-116359.670936486,NA,-127533.933978587,-13699.6020229332,-23165.3460436417,NA,NA,NA,NA,NA,NA,-82164.3757291402,NA,NA,-23415.7178467693,NA,NA,-7168.06364734785,NA,NA,NA,NA,NA,NA,NA,-1135879.20128745,-11459.7782437322,NA,NA,NA,432.398626501711,26356.8261419915,-64.2786581873482,NA,NA,180.190432370699,NA,NA
2005-Q3,NA,NA,NA,-1778.15161340763,NA,NA,-45968.7370025396,-386148.056345402,-10503.1017495036,NA,-19399.9696424958,105935.293961149,NA,NA,NA,NA,-7214.60543578148,-335978.640728685,NA,-3520.84330854749,-175097.265021145,NA,465524.300361843,NA,NA,-33599.9337003071,-5747.09240662541,NA,NA,-31746.3089825079,295076.469938462,NA,4312.79642991346,NA,NA,NA,-11890.1923948853,NA,-708053.780961143,-24346.7764339087,-358.269462808192,-73461.2506784283,-260474.33008923,-3672.82087635668,-182407.6721695,NA,NA,NA,NA,-24413.111762749,-104256.491342185,NA,NA,-14050.9953544665,NA,-11341.2948158686,-310123.870371938,NA,NA,NA,NA,NA,NA,-117184.162724123,NA,-18026.9133200356,NA,NA,197.462517014114,-11724.8806585095,7812.20446858576,-8254.56699831862,NA,-1495.44116551434,NA,-423.468908020304,NA,-9285.71252025872,NA,NA,884.417573417995,NA,NA,NA,1631.55348365541,NA,-8073.45914248473,-66774.2025572176,NA,NA,-80580.6529301283,-9791.44714383036,-25174.3423736866,NA,NA,-122941.138389065,NA,-128450.93613838,-12927.5599449623,-26072.4135524475,NA,NA,NA,NA,NA,NA,-78090.6872364308,NA,NA,-24678.6195641481,NA,NA,-7338.36855213592,NA,NA,NA,NA,NA,NA,NA,-1135048.0452,-12119.3424997463,NA,NA,NA,535.732511082,31270.9581104782,-71.8557304790389,NA,NA,531.45750003678,NA,NA
2005-Q4,NA,NA,NA,-1862.1772661592,NA,NA,-63084.5560641864,-388691.98859347,-9348.69672984021,NA,-19683.1571149353,119318.354476237,NA,NA,NA,NA,-7256.89146756996,-299734.659674485,NA,-3895.84390989909,-154604.318328165,NA,458392.985663115,-21911.5141161758,NA,-33913.5024972192,-6306.6163258036,NA,NA,-30657.6151694785,356520.485961536,NA,9337.11459389517,NA,NA,NA,-11246.423354667,NA,-697795.548578192,-28605.563691638,-477.383028460909,-34070.339630018,-198697.388796696,-3904.57118957125,-177869.441697756,-2916.28824028814,NA,NA,NA,-25698.0121324334,-100079.848964985,NA,NA,-19227.7021196009,NA,-13738.1528759071,-271421.650495698,NA,NA,1531754.10961177,NA,NA,NA,-143871.432634422,NA,-20273.638186308,NA,NA,245.041736505783,-11049.9249923429,6940.32909237009,-9009.14705081611,NA,-1620.61240573993,NA,-770.875479536211,NA,-9196.32080934089,NA,NA,882.942968100283,NA,NA,NA,594.032851088108,NA,-6823.62329845925,-34352.1276945773,NA,NA,-82222.1411780412,-10319.798740817,-26418.5843747784,NA,NA,-126857.247698882,NA,-132153.335875617,-13271.6793870666,-27499.3799840204,NA,NA,NA,NA,NA,NA,-63763.7931408404,NA,NA,-28242.6038248113,NA,NA,-7751.83785240979,NA,NA,NA,NA,NA,NA,NA,-995928.744441881,-14157.5000543121,NA,-1857865.09898665,NA,1144.88131964193,35726.9105579853,-80.0368123662376,NA,NA,1069.3134782703,NA,NA
2006-Q1,NA,NA,NA,-1947.92283529881,NA,NA,-32543.3527532866,-376233.365698485,-8923.17026108005,NA,-19472.56730221,122629.658762861,NA,NA,NA,NA,-7061.72137079147,-335903.883595735,NA,-3885.9373808601,-127042.346048792,NA,507683.939591563,NA,NA,-34640.4904695264,-5895.07429954159,NA,NA,-34163.6426140186,97982.4452245157,NA,4513.6027929259,NA,NA,NA,-11219.9830797969,NA,-739346.978696738,-50126.7184716284,-611.709518064248,-73999.654376667,-263202.191875478,-4093.78205406304,-198262.043118473,-2880.17156622774,NA,NA,NA,-29844.4611268781,-104813.92298445,NA,NA,-10252.7791469331,-60961.5909872681,-16389.6820336114,-302128.552829768,NA,NA,NA,NA,-1308.51139503666,NA,-159790.228460586,NA,-19457.7885878741,NA,NA,345.389490073526,-12441.2006959226,11742.4609399173,-9963.78617519469,NA,-1647.80287010635,NA,-719.90866447126,NA,-9138.70762360584,NA,1865.42989132364,1053.20042550912,NA,NA,NA,1427.85157703892,NA,-6694.64650040272,-62391.0161936058,NA,NA,-72571.1822846457,-10609.5390820662,-25120.9722909988,NA,NA,-133729.619173041,NA,-144140.204816291,-13149.4254176956,-31592.1656408971,NA,NA,NA,NA,-234.678423249016,NA,-78175.9166885879,NA,NA,-29869.1586934652,NA,NA,-8032.55899757944,NA,NA,NA,NA,NA,-186587.186668324,NA,-1109401.87529652,-15626.7740884132,NA,-1655617.21266878,NA,1670.33869051607,42271.0224223388,-68.9392530781661,NA,NA,1408.31715428326,NA,NA
2006-Q2,NA,NA,NA,-1995.74338551995,NA,NA,-40898.616102557,-399746.256770895,-8356.96546097402,NA,-19806.7094944231,113644.40198265,NA,NA,NA,NA,-5942.63480783,-324194.263304904,NA,-4033.03379529087,-162897.636715472,NA,551814.818731638,-15300.1709279921,NA,-33362.2558104138,-6131.12550534992,NA,NA,-38640.7333267519,251229.530640461,NA,-5078.21163028772,NA,NA,NA,-11693.3055779969,NA,-799346.14733553,-36719.0616866608,-720.058588362436,-139979.434311176,-280838.30009463,-4474.80561855947,-211808.253031017,-2998.64774881503,NA,NA,NA,-34005.8997167465,-101611.566763216,NA,NA,481.361637602002,-62730.6069105702,-20103.2646642981,-299105.314137779,NA,NA,NA,NA,-1383.15737298628,NA,-153227.006616329,NA,-21863.0355350679,NA,NA,381.130326376306,-13169.6826885595,11960.9955048527,-11346.1181236131,NA,-1669.82820759685,NA,-837.136702702038,NA,-9357.8966985034,NA,1825.45532133591,1078.87759606011,NA,NA,NA,2155.06384621826,NA,-6878.90661484931,-46699.9010001479,NA,NA,-71938.4093135317,-11794.3672955956,-28046.7283977778,NA,NA,-140709.847210798,NA,-156225.691532627,-12557.5728084597,-37392.1098925406,NA,NA,NA,NA,-243.143525396749,NA,-82455.4632714373,NA,NA,-33565.9048568577,NA,NA,-7729.89013290326,NA,NA,NA,NA,NA,-159123.821157856,NA,-1203542.06938238,-16169.0093288992,NA,-1678770.34375943,NA,2534.08115244957,53259.0646547133,-61.9583837926039,NA,NA,1707.18290674116,NA,NA
2006-Q3,NA,NA,NA,-2013.93453620067,NA,NA,-45223.0067288122,-414520.163440157,-8377.45570909735,NA,-20624.6629909222,113225.306086353,NA,NA,NA,NA,-4522.31591804646,-318260.931423365,NA,-4456.63359120671,-116279.608541096,NA,554346.920375363,NA,NA,-34722.9505607084,-6735.05258293299,NA,NA,-40454.5636403564,303146.651192586,NA,3855.74625496057,NA,NA,NA,-11880.3114677265,NA,-856790.943692413,-31474.6152964781,-884.174313549752,-159925.381540221,-273863.591612065,-4825.28079115064,-219492.982173847,-3247.43767279116,NA,NA,NA,-36154.9262586777,-106875.379261204,NA,NA,5220.97659946702,-64255.3426274333,-19241.3341571394,-365540.132602051,NA,NA,NA,NA,-1489.48784533588,NA,-163730.164257716,NA,-25535.0335406188,NA,NA,380.182617362692,-14306.72747635,3889.89972821658,-12436.9486910318,NA,-1664.13683989459,NA,-681.087787295801,NA,-9368.18655444386,NA,1949.37947186834,1217.53913482622,NA,NA,NA,2424.37786771252,NA,-6074.29443185425,-74412.7437566788,NA,NA,-81487.284794209,-11593.4998412898,-25895.6099715227,NA,NA,-145656.612755874,NA,-160284.23791189,-12627.5524767967,-41356.6789797801,NA,NA,NA,NA,-240.288801756979,NA,-43880.4271474477,NA,NA,-35052.984818656,NA,NA,-8124.79161249978,NA,NA,NA,NA,NA,-175931.308672318,NA,-1173203.02772314,-17069.6261967859,NA,-2005758.92817734,NA,3312.90507485596,58711.7621519473,-78.6805600704354,NA,NA,1788.22134009391,NA,NA
2006-Q4,NA,NA,NA,-2111.02184723515,NA,NA,-45369.0874070611,-466725.245124843,-7066.49185220845,NA,-19828.4528592131,119583.496909718,NA,NA,NA,NA,-3663.92195586085,-350436.17434737,NA,-5617.23195590297,-53597.1036712204,NA,489397.73773265,-1794.91730345254,NA,-37518.4618784111,-6790.66412852002,NA,NA,-47353.5185574527,423928.605998231,NA,-780.934965884657,NA,NA,NA,-13053.131495056,NA,-965918.103036647,-33535.9736457796,-1113.22464148742,-107529.832717551,-325487.865728576,-5107.37694381906,-237228.836523739,-3570.63184463741,NA,NA,NA,-40431.248309954,-124316.278017556,NA,NA,4732.6296800438,-60706.8660700819,-17111.103764137,-409695.468635652,NA,NA,1808167.27066273,NA,-1479.36429021636,NA,-156707.076764814,NA,-28958.4165232861,NA,NA,469.639293549972,-16056.4745155059,9472.299771812,-14582.8996879209,NA,-1762.08978475018,NA,-805.371952981527,NA,-9442.3518429433,NA,1854.43293294662,1326.88613236934,NA,NA,NA,1324.95281830629,NA,-6281.27236142954,-17058.4530294502,NA,NA,-92172.7156584302,-11379.6243607796,-25815.0206724694,NA,NA,-165192.947421154,NA,-178834.853752195,-12753.5456742712,-48704.8298995507,NA,NA,NA,NA,-256.216417389162,NA,-44678.4729279103,NA,NA,-38884.7349808995,NA,NA,-8756.25829952804,NA,NA,NA,NA,NA,-203268.233201963,NA,-1244109.06807235,-19918.7569879467,NA,-1807818.44689762,NA,4104.6166427311,58257.562163016,-83.8124701954199,NA,NA,1431.60803296799,NA,NA
2007-Q1,NA,NA,NA,-2301.12703451072,NA,NA,-38229.7132622348,-485165.726611701,-6155.54810849178,-3665.92189761452,-912.682142338933,123329.641628533,NA,-21023.6852503231,10859.7578034371,NA,-1756.10371400094,-360406.122198417,NA,-5967.23129860912,-33790.237068738,NA,529547.294719289,NA,NA,-39710.7330552162,-6714.95952295701,NA,NA,-51586.8660976553,417560.010033194,NA,-14437.3749746064,NA,NA,NA,-13865.9057770616,NA,-1056620.4519674,-41875.5652479303,-1325.82893128322,-114789.066165062,-198987.368678269,-5493.90985012559,-247903.275753454,-3677.07181071326,NA,NA,NA,-49351.407964074,-125823.815845267,NA,NA,6325.21906157027,-63465.5238416643,-17076.0864923189,-449279.304937738,NA,NA,NA,NA,-1198.39183689476,NA,-173393.784818098,NA,-33313.4000584999,NA,NA,615.465011959274,-17898.7318634153,7283.5870396462,-16482.1129290907,NA,-1870.11168400864,NA,-1010.66150381572,-2658.10686427217,-8436.77394123284,NA,1840.68459834737,NA,NA,NA,NA,2467.68425761026,NA,-6324.62051889998,-62721.7910125768,NA,NA,-92480.7285309662,-11602.7303305798,-28836.4879047874,NA,NA,-174219.110666445,NA,-184341.604699817,-12858.6115563352,-56305.4989392432,NA,NA,NA,NA,-270.89981518744,NA,-75919.9680207525,NA,NA,-37183.289028799,NA,NA,-8809.4128629543,NA,NA,NA,NA,NA,-222695.218479879,NA,-1259763.3104127,-22660.494282435,NA,-1654166.34860836,NA,4832.27725796273,60883.5278010179,-81.7668190125097,NA,NA,NA,NA,NA
2007-Q2,NA,NA,NA,-2308.82124744414,NA,NA,-32585.700410301,-526203.231906482,-4180.47364584281,-3816.13938954723,-196.484701273683,148954.083225532,NA,-24485.8512112633,11845.8201316229,NA,-1421.04732071571,-418157.118103647,NA,-6419.23064905777,-94562.6044532795,NA,549219.455876348,-749.535871986128,NA,-42232.6045749453,-7078.2147073902,NA,NA,-55529.0612093082,352209.428727055,NA,-12824.3066849894,NA,NA,NA,-14777.4215642619,NA,-1110159.36756863,-60223.0033073151,-1450.65199900457,-251950.04130197,-241943.763288734,-5904.98020320238,-262928.206138718,-3771.9213091792,NA,NA,NA,-52874.4423150564,-134255.211874434,NA,NA,5754.56879927495,-85628.9625840881,-17306.5874533274,-493325.149434469,NA,NA,NA,NA,-1231.32171706079,NA,-207755.991760455,NA,-39570.0773638955,NA,NA,611.453726439732,-19889.035980409,1130.1950297993,-18412.4706032664,NA,-1905.66449148098,NA,-1179.43516350132,-2652.80678682142,-8503.65829160919,NA,2059.52748519877,NA,NA,NA,NA,2790.9104266569,NA,-5274.54995983741,-162650.551084345,NA,NA,-102668.087042955,-11743.9653825752,-30123.6620215181,NA,NA,-191454.795631523,NA,-198851.499152391,-12684.8881217729,-66154.5114578373,NA,NA,NA,NA,-263.18136525609,NA,-54001.288678909,NA,NA,-38283.4253505146,NA,NA,-7921.37305932992,NA,NA,NA,NA,NA,-248991.358142546,NA,-1563154.37922829,-24177.0138644293,NA,-1421381.23235195,NA,5453.3754441693,71232.9430329484,-98.1133811090015,NA,NA,NA,NA,NA
2007-Q3,NA,NA,NA,-2402.3785735295,NA,NA,-33015.3710287217,-549290.520188764,-2393.13237340639,-5276.40089228122,-124.852592188598,147829.487689985,NA,-30313.1941083552,13404.2584189728,NA,-562.539065542765,-465655.475694703,NA,-6971.9283349289,-183360.719216925,NA,599553.169763029,NA,NA,-43699.6806862764,-7491.44591613614,NA,NA,-68026.9925284138,316486.202961288,NA,-14612.383565771,NA,NA,NA,-16337.9972533618,NA,-1227003.73215711,-81920.5187648897,-1618.81622726773,-280117.598657115,-319705.304852595,-6277.0895528853,-300773.624716992,-4157.76287497762,NA,NA,NA,-55972.1035825069,-136250.599141721,NA,NA,3184.08783555545,-80220.3562734552,-23645.191450938,-548224.380344617,NA,NA,NA,NA,-1212.40163195657,NA,-216005.995003931,NA,-43420.9025674026,NA,NA,835.407983679234,-22057.8398806393,-4639.17864561528,-21519.2134296301,NA,-1942.70412987134,NA,-1379.13011724902,-2706.84681645829,-8664.70717389439,NA,1888.70632617896,NA,NA,NA,NA,4030.1106705366,NA,-5479.76126041983,-135794.49747814,NA,NA,-102494.517032879,-12118.0018236159,-30886.308306206,NA,NA,-206773.665237662,NA,-209725.482570024,-12955.4586116948,-77938.5507136593,NA,NA,NA,NA,-281.792717308861,NA,-24825.2892569604,NA,NA,-42146.4391997486,NA,NA,-8546.23231711199,NA,NA,NA,NA,NA,-290869.301666609,NA,-1627400.70106182,-25606.8233248496,NA,-1231443.30790234,NA,6309.34453407557,76550.2463131022,-113.964860786143,NA,NA,NA,NA,NA
2007-Q4,NA,NA,NA,-2739.75148817386,NA,NA,-40649.7695169852,-566311.19643262,631.822720879885,-5209.94229673537,-19732.6319536389,142132.617839575,NA,-36679.2828446203,13157.7290809665,NA,-731.177229965604,-496021.003954742,NA,-7908.92683767059,-185191.920012608,NA,657023.026106871,12524.2209911481,NA,-45042.254688218,-8251.10477445549,NA,NA,-77340.8484754698,429060.277342321,NA,-19730.9187838441,NA,NA,NA,-17045.7895132316,NA,-1348862.04638373,-77565.1898567872,-1779.39369396857,-239171.399297525,-387489.810304275,-7117.71546926881,-321080.130708539,-4582.16622826369,NA,NA,NA,-59518.0303367357,-134962.952025917,NA,NA,4009.83055283401,-75842.4308557321,-23520.0202930295,-501650.529707936,NA,NA,2194948.50832874,NA,-1317.94571324601,NA,-188934.164825888,NA,-44307.483791259,NA,NA,938.324466600344,-24117.6324900181,-9939.41115894857,-23043.9929498189,NA,-2101.72610538359,NA,-1759.97899069518,-3527.89958890434,-8625.32563165859,NA,1618.39690769124,NA,NA,NA,NA,3307.31027253444,NA,-5632.59593309246,-137654.713486912,NA,NA,-105235.041581841,-12534.2411079436,-31308.2344277745,NA,NA,-240053.510475465,NA,-232757.061004911,-12880.4976782465,-79812.5646139872,NA,NA,NA,NA,-289.963281256547,NA,5695.78947000401,NA,NA,-46692.5228418713,NA,NA,-9023.14856636576,NA,NA,NA,NA,NA,-309824.515362407,NA,-1672966.0209548,-26699.4293012775,NA,-1278830.08191216,NA,7146.37419950097,84188.341554337,-99.6035052389448,NA,NA,NA,NA,NA
2008-Q1,NA,NA,NA,-3089.70112634627,NA,NA,-39327.1812832327,-596977.940078569,4308.18860366064,-6483.83567512946,-20585.0798447965,303743.062341579,NA,-41132.4036718535,13670.8092456378,NA,64.7702984455334,-479184.532621178,NA,-8440.95415137283,-162174.175335233,NA,698359.643341078,-2836.20572690327,NA,-47214.4999799566,-8575.43010435696,NA,-27776.3450194385,-87296.556308253,527446.532838189,NA,-34022.2176232472,NA,NA,NA,-19711.5503855356,NA,-1497330.83113546,-40998.7118583073,-1968.71179859442,-198384.764160916,-284807.551378116,-8102.04833417079,-322088.223634754,-2502.71724224125,NA,NA,-3185.82892898327,-61614.1824819928,-165561.12025597,NA,NA,8496.94385220562,-52420.7725525367,-33987.9939601884,-579387.303608582,NA,NA,NA,-2632.77797948765,-1448.63558831264,NA,-153795.017404389,NA,-41960.8505796498,NA,NA,795.797623699202,-27462.2200211038,61.2202438262549,-25752.7317733407,NA,-2247.290225099,NA,-2255.9925340607,-3988.52133848082,-8865.63197946949,NA,1422.4217320646,NA,NA,NA,NA,3520.86988133504,NA,-5617.05774197156,-147401.200127634,NA,NA,-109737.400002264,-13470.0675487758,-35145.4827772634,NA,NA,-273118.307009841,NA,-252333.429853434,-12246.9095636034,-90997.3548209092,NA,NA,NA,NA,-318.932743041848,NA,-12685.3872100916,NA,-16946.1760145874,-51821.4586860686,NA,NA,-9278.40197122599,NA,NA,NA,2867.37844375882,NA,-243479.086100499,NA,-2897395.70197479,-33356.1245033614,NA,-1849030.41202754,NA,8038.46626870198,104573.531746945,-124.604073357138,NA,NA,NA,NA,NA
2008-Q2,NA,NA,NA,-3291.12572310335,NA,NA,-30997.9854032637,-636693.075836911,8409.86098604894,-7331.40375145155,-21044.4450357635,306523.471582785,NA,-45165.9083619414,13845.244614357,NA,695.192051483211,-577179.079276696,NA,-9049.55742796979,-214133.619061363,NA,695011.646334687,8124.18978112469,NA,-47960.9717143324,-9683.71423616759,NA,-28751.6902032731,-97647.876362508,653712.906674828,NA,-30611.264017964,NA,NA,NA,-19919.6941508759,NA,-1509192.66336713,-17832.1952116614,-2184.70887659811,-215872.728606083,-263560.728057154,-9119.31386132497,-318498.611823767,-2929.03204321241,NA,NA,-3621.19076082728,-60124.8105656482,-176716.759571545,NA,NA,4080.45231687575,-59744.453632617,-33409.0264317525,-573168.617344887,NA,NA,NA,-2651.24619307246,-1755.86550750113,NA,-140619.302116023,NA,-39559.0549826172,NA,NA,918.773012791264,-28895.8391151641,18570.0306036963,-26953.0151327081,NA,-2355.83007521168,NA,-2515.48591788977,-4268.42243823257,-8911.03467145951,NA,888.690897379663,NA,NA,NA,NA,3577.57174404648,NA,-5762.8056324692,-125614.257406632,NA,NA,-108650.822725277,-13641.172778895,-32652.7587563634,NA,NA,-291841.374875641,NA,-255330.675612981,-12351.5171256686,-102915.201369377,NA,NA,NA,NA,-338.31325079506,NA,-8329.40997706141,NA,-18271.364459974,-54934.4188697933,NA,NA,-9413.71301263783,NA,NA,NA,3372.38049829589,NA,-253146.617871444,NA,-2768665.18871256,-36530.9496927985,NA,-1834418.08273284,NA,8661.10235885984,114582.390227726,-110.888844462744,NA,NA,NA,NA,NA
2008-Q3,NA,NA,NA,-3659.69923296923,NA,NA,-19374.1799021325,-550010.311287049,12915.7183969977,-7168.66386273563,-21583.2622404077,270962.454922547,NA,-44364.1598332235,14808.6192902659,NA,1553.53139321897,-362617.256331353,NA,-10186.7989893626,-155867.016368446,NA,641965.176583793,-7204.94229292428,NA,-49466.7270304996,-10581.5137594065,NA,-25262.493522946,-87111.5903615705,664894.61463579,NA,-20087.1467481825,NA,NA,NA,-18233.3563860378,NA,-1364158.29216814,2597.91462912847,-2102.21636733469,-282912.848681256,-80940.1797025011,-9602.21562288549,-285044.218490281,-2945.50944190704,NA,NA,-4091.58155501333,-53703.2130057448,-153584.269591034,NA,NA,11680.302280708,-79682.176462617,-28333.7358537679,-466472.52012163,NA,NA,NA,-2504.36024950862,-1796.30521656652,NA,-105976.618534529,NA,-34869.5613134573,NA,NA,923.003042274186,-26423.8125246932,4548.5413658439,-25449.0672614454,NA,-2270.72116368121,NA,-2744.1886618657,-4015.3772765828,-8504.71538080196,NA,882.272009596218,NA,NA,NA,NA,2946.03150318233,NA,-5824.70011672575,-92422.2177449501,NA,NA,-101677.516617639,-13756.6887140301,-31894.0755592943,NA,NA,-266255.944184475,NA,-241879.896182601,-12733.6207771033,-98854.772088751,NA,NA,NA,NA,-342.200397964638,NA,-18047.6822647987,NA,-18526.2037418599,-50631.8150941049,NA,NA,-9518.10585415165,NA,NA,NA,3955.69084179248,NA,-255278.970264841,NA,-2517230.71571584,-40910.94534772,NA,-3309018.24481562,NA,9038.12357583212,136328.071421898,-96.6168105312073,NA,NA,NA,NA,NA
2008-Q4,NA,NA,NA,-4420.8132303686,NA,NA,-40874.9362817443,-488695.856706529,12602.9883633171,-7850.29939998469,-21836.2512180791,209805.270379728,NA,-49173.9462210802,15445.5521106777,NA,2113.21434414384,-243658.350806219,NA,-13389.1035102744,-121294.59036432,NA,610817.377538313,-8742.54269890344,NA,-52189.6495804681,-11305.5519241345,NA,-24696.9826357764,-79284.8551285275,594006.830867962,NA,-17350.1671271689,NA,NA,NA,-17336.0434264131,NA,-1317200.78732759,-13130.5843989611,-2214.75316097739,-368195.950537298,165095.918784215,-9657.43642200715,-255136.650545081,-3200.34002590733,NA,NA,-4334.59485169233,-51857.6963710814,-146066.40865526,NA,NA,19596.0185744189,-88581.7126446606,-85532.3330174402,-493220.239813414,NA,NA,2489372.06967725,-2825.06468974099,-1926.6426746632,NA,-70255.5209271807,NA,-38830.4183914722,NA,NA,831.298731973194,-23957.116835599,8654.83362098395,-25990.223012907,NA,-2170.63171040776,NA,-3113.22262559796,-4603.14498349745,-8555.42195251299,NA,64.1206431202419,NA,NA,NA,NA,2392.37437048519,NA,-6469.48918376494,-134155.205142898,NA,NA,-90020.845122333,-13860.1983110944,-30385.9485845358,NA,NA,-241332.39606646,NA,-243759.72031534,-12530.6164955959,-97148.1598797332,-31067.2414225825,NA,NA,NA,-350.157176828192,NA,-34784.9488000772,NA,-20784.1504405775,-53365.3579198346,NA,NA,-9477.60032506694,NA,NA,NA,4529.63415587958,NA,-191758.236720301,NA,-2725523.03106823,-40199.4037785893,NA,-3994624.16027737,NA,7861.45479333591,133765.03192656,-79.4812846394319,NA,NA,NA,NA,NA
2009-Q1,NA,578.88523527826,NA,-4401.24399590883,NA,NA,-23587.4889145478,-488559.136207986,NA,-8093.38807573494,-21622.5065511346,222681.25948358,NA,-48040.3100959507,16787.8263833668,NA,2274.77993356531,-273578.561151211,NA,-15893.9952038011,-121326.860803107,NA,648355.835027102,-15994.2968289214,NA,-52999.9234227965,-10807.511300226,NA,-23620.597151611,-74034.9564678489,545435.178080323,NA,-16137.8997033946,NA,NA,NA,-16351.3859653695,NA,-1284885.75726556,-7492.23894646527,-2402.71373162695,-334560.706547283,-47193.5266284785,-10005.539606645,-253460.493246873,-3113.98778329793,NA,NA,-4315.06974365073,-50068.8754462636,-121040.569573477,NA,NA,17811.4365388727,-67363.0374673584,-83389.5041344962,-470581.441641363,NA,NA,NA,-2271.74340504107,-515.303135346827,NA,-59705.747978136,NA,-38677.6865398111,NA,NA,899.286975203163,-22243.2313252037,-12861.582324035,-24068.646812268,NA,-2457.50412987413,NA,-3473.8352458997,-4738.27763600749,-8460.50026504535,NA,846.650746424162,NA,-293236.314006159,NA,NA,3192.22068461255,NA,-7329.0824741803,-149965.379643723,NA,NA,-89757.7173717878,-15167.6546409354,-31239.0952171295,NA,-53264.8542063173,-214154.121290907,NA,-241445.760879396,-12068.9388111673,-92201.4391878719,-28884.4313787126,NA,NA,NA,-366.709845733052,NA,-51858.8949101971,NA,-18953.6298540907,-54628.4443234621,NA,NA,-9435.10651939402,NA,NA,NA,4913.11446747448,NA,-170565.380314067,NA,-2637235.76525442,-40333.621719246,NA,-3856030.71902168,NA,7798.17356494787,132086.92108111,-71.8389816232523,NA,NA,NA,NA,NA
2009-Q2,NA,620.879060750494,NA,-4607.51094290461,NA,NA,-21801.9305367983,-562982.876104721,NA,-8895.43848064042,-19945.2599558366,260179.247712385,NA,-51703.3435673945,17952.9833593439,NA,2300.54323691144,-396065.072170997,NA,-17864.3565600184,-133990.82614627,NA,699307.357306722,-14438.4405709588,NA,-54408.2496548838,-10664.5848914062,NA,-29250.0259228682,-90077.4073804832,677345.13349445,NA,-11710.6636655847,NA,NA,NA,-16795.9590214132,NA,-1423865.29121546,-17413.324069993,-2213.51796929106,-345444.288467959,-270197.133724325,-10419.7660236601,-290418.210453275,-2884.06220453374,NA,NA,-4435.04368555053,-55425.7167540405,-140367.069957734,NA,NA,16810.783978542,-91112.1432072074,-85099.0263226307,-513199.557030678,NA,NA,NA,-1983.71646673634,-796.723707561438,NA,-66064.009453368,NA,-40925.31111655,NA,NA,1225.53047298164,-23658.4828557305,-31132.4330169786,-24435.438493413,NA,-2288.20705604778,NA,-3895.51161837898,-5020.80619919464,-8933.28012573291,NA,511.119506940286,NA,-292299.052716459,NA,NA,5104.92006509529,NA,-6995.07884824707,-115530.840299464,NA,NA,-102148.549397987,-15352.3030333604,-31690.18813426,NA,-55500.8005032318,-241228.760857822,NA,-264975.093881893,-11660.8298585395,-101372.577673131,-30279.2347624689,NA,NA,NA,-354.169146967082,NA,-36001.2489543575,NA,-19860.9442795096,-60281.9673642483,NA,NA,-9332.03374970855,NA,NA,NA,5181.6808289962,NA,-225791.884312775,NA,-2713642.80217376,-40192.769131188,NA,-3199377.03169646,NA,8031.56241020115,128618.820159724,-84.2649410454765,NA,NA,NA,NA,NA
2009-Q3,NA,1196.35648315236,NA,-4573.97712786078,NA,NA,-20687.2406588696,-644071.000166196,NA,-9084.6649993947,-19105.1529899004,273224.436985794,NA,-53515.1392479343,21690.040655978,NA,2861.16453155512,-503031.716178849,NA,-18714.8243578531,-175137.06772078,NA,688035.228062778,-5226.38664669334,NA,-55658.0532129219,-10594.3160542561,NA,-31398.5140090528,-99846.3825503916,656053.871023775,NA,-159.922602166264,NA,NA,NA,-16734.6372494976,NA,-1517657.6563884,-4007.44630127574,-2366.18271932279,-374235.876095947,-412254.803110544,-10648.4443495885,-324047.881362657,-2782.3568663612,NA,NA,-4942.46703069097,-59270.8538595,-154623.102886264,NA,NA,18442.3692907073,-112711.011646084,-91711.2539717987,-532922.473042913,NA,NA,NA,-2377.17622357505,-810.957727105936,NA,-114234.180194054,NA,-42304.8505585385,NA,NA,1278.88618159362,-25267.9090734687,-43603.3566788496,-25008.2808840118,NA,-2207.54210278153,NA,-3992.77676333674,-5191.79305723576,-9171.05313134676,NA,535.025120868189,NA,-313515.192034267,NA,NA,5779.3662909278,NA,-7259.9258838806,-95820.6409595286,NA,NA,-111750.103229807,-14541.0913299871,-32208.9062516662,NA,-63917.1160047151,-270347.589784905,NA,-283606.889178933,-11723.8760685317,-109255.110391144,-31134.0179363466,NA,NA,NA,-362.421613170629,NA,-48256.2194505813,NA,-21130.6072669325,-62580.6398788099,NA,NA,-9089.50972707098,NA,NA,NA,5469.68113206527,NA,-260775.769218965,NA,-2818040.85883747,-40490.940988396,NA,-2669479.91286575,NA,8892.1742254538,128187.305719563,-114.069537968792,NA,NA,NA,NA,NA
2009-Q4,NA,1212.05356197784,NA,-5199.02326523743,NA,NA,-20895.7977660871,-682329.069839172,NA,-9561.01930279003,-19137.6591161466,290313.898503841,NA,-51951.5579608805,15852.7784853042,NA,3032.99800930647,-559109.851590661,NA,-18844.8482318802,-210544.118019321,NA,666076.460077212,-4806.57150026006,NA,-57271.0613234397,-11147.105978648,NA,-30552.1585444606,-93941.9151610604,763505.663556147,NA,2807.27678601593,NA,NA,NA,-16014.2834694715,NA,-1502552.73269272,6690.43899194082,-2527.15541857401,-394677.039929052,-407706.334119395,-10826.3924547564,-299355.139271766,-3156.54257596636,NA,NA,-5032.08934633556,-57997.6422702709,-160663.716715058,NA,NA,14823.5800378127,-131892.775116388,-84844.0792525248,-506498.412896814,NA,NA,2916475.828243,-2276.39395288131,-870.362155471382,NA,-100684.100746534,NA,-43024.2097730773,NA,NA,1614.51904980289,-23802.8954428885,-15405.0697794504,-23479.7170658352,NA,-2049.78898750707,NA,-4802.24414960661,-5179.57249682506,-9086.94729214582,NA,976.587835931376,NA,-338933.002935975,NA,NA,6924.4702949308,NA,-7607.96237503064,-226906.629120683,NA,NA,-111016.108340826,-14442.3815293135,-34623.9445950861,NA,-55933.1299136202,-276036.480028407,NA,-279886.139145435,-11497.2360823513,-108635.266828978,-30020.9189280286,NA,NA,NA,-356.058903215685,NA,-36958.2417452824,NA,-21186.4237665063,-61304.6301890698,NA,NA,-10102.1171605388,NA,NA,NA,5694.91041003052,NA,-269684.601888711,NA,-2731780.30012006,-34972.0283579539,NA,-2626940.04351909,NA,9255.93796952847,130615.918843512,-118.110452207627,NA,NA,NA,NA,NA
2010-Q1,NA,1527.79972203346,NA,-5434.74468226377,NA,NA,-10166.3563167697,-696515.872002184,NA,-9136.35217244812,-19808.1706765391,264389.480186601,NA,-48831.6871399578,16021.7023152,NA,2695.95428267293,-568120.343542453,NA,-19626.8346567333,-254539.09036955,NA,646008.745343832,846.30796515068,NA,-58243.9905382028,-10965.6592181249,NA,-28893.5142134727,-91021.5182477318,713692.41594848,NA,22655.134620354,NA,NA,NA,-15170.3136845237,NA,-1384574.60706097,12217.5051561165,-2492.46034266037,-370541.812380072,-235825.26160182,-11001.1533077458,-281954.466640146,-3265.65316105348,NA,724123.124476785,-5386.24639925044,-55791.8483149087,-153948.678205466,NA,NA,14016.4497491107,-165034.992429424,-80662.1211384809,-461126.875263313,NA,NA,NA,-2012.00704616108,406.080273013267,NA,-116306.058387294,NA,-39348.8426230225,NA,-904.650342789361,824.218108525348,-23667.7758866149,-19677.4046405668,-21950.2272581693,NA,-2067.95564952623,NA,-4964.34531596472,-4981.67451201321,-9218.57888115945,NA,1804.97025085847,NA,-384076.082743778,NA,NA,6633.78219640385,-6028.60920480925,-7710.93520165699,-178091.527391761,NA,NA,-108179.297191496,-14854.6060671943,-34727.0623638517,NA,-54783.2933378071,-277019.526544165,NA,-268555.348578877,-11469.3494137991,-105671.071652655,-28464.5287749142,NA,NA,NA,-373.668830388218,NA,-52761.3848505381,NA,-19265.190735031,-53889.2343518781,NA,NA,-10817.4121575388,NA,NA,-3397.36188927644,6092.3194708609,NA,-294006.566177271,NA,-2525009.27058097,-40391.5749517579,NA,-2769045.41311487,NA,9472.84842232553,124967.939331133,-128.53787080656,NA,NA,NA,NA,NA
2010-Q2,NA,1928.37757057774,NA,-6069.34684992146,NA,NA,-12249.0399357775,-649033.976982781,NA,-8400.90935746629,-19945.8208900396,254298.078125863,NA,-44637.9242191258,16162.6280761461,NA,2469.41190341943,-543640.304763088,NA,-20575.0055502972,-264614.941993403,NA,684550.453541861,-4882.74146848012,NA,-60525.6745576942,-11179.3358016529,NA,-28718.9224154199,-81856.9155934695,694028.699185809,NA,24447.3065026436,NA,NA,NA,-13694.8572595241,NA,-1191840.06563605,29951.9008438167,-2442.69349948571,-306165.212907116,-238990.836808468,-11261.0203817173,-271247.088033419,-3270.26881895353,NA,690767.580759104,-5408.99257943573,-50093.8304602849,-128422.14551952,NA,NA,26787.0965719187,-171027.479773617,-79713.7313931599,-386862.525470629,NA,NA,2911743.22444341,-2192.65923868696,318.28662640346,NA,-91636.0721849212,NA,-39747.9934289696,NA,-44.3377884060924,669.394314621521,-21120.9589905664,-3697.28388961407,-19729.4980684315,NA,-1985.85509657192,NA,-4815.36223908562,-4492.6947982876,-8924.37143920333,NA,1820.31893353281,NA,-371507.415729962,NA,NA,5998.80969255757,-9936.52623410065,-7688.85328714851,-164596.780318217,NA,NA,-107047.872201095,-15461.9743707297,-36949.7907446917,NA,-55090.7072613801,-239542.45222426,NA,-241183.854877704,-11371.4508347858,-95736.2734630316,-27140.008684703,NA,NA,NA,-402.213973920707,NA,-72400.6209436538,NA,-18512.6400593039,-49813.5089183952,NA,NA,-10621.7283426421,NA,NA,-3420.60817969995,6631.51406698569,NA,-289071.801511605,NA,-2137394.07528223,-34204.0972699577,NA,-3180635.45969712,NA,9344.56168905569,130362.12738136,-165.789390745783,NA,NA,NA,NA,NA
2010-Q3,NA,2098.91268533457,NA,-6245.56431265072,NA,NA,-14583.7988592746,-738663.681826629,NA,-9218.45690261348,-20722.4757640064,281552.70178805,NA,-48120.0069529313,16418.285544104,NA,2636.20025939955,-665764.460169965,NA,-22956.7892137517,-260669.335398024,NA,783854.163048933,-11559.7012433878,NA,-63915.34858074,-11436.3741624879,NA,-34573.1204128623,-100127.375785461,694754.406378016,NA,41394.5644023212,NA,NA,NA,-14493.719594487,NA,-1392667.3311449,33471.1763629279,-2616.63482347252,-291443.417122262,-393343.854220489,-11643.6586855046,-320673.56301126,-3646.70200530349,NA,707167.557817432,-5716.48296648181,-53717.9507241197,-147450.736643207,NA,NA,28072.9688448107,-196010.903279014,-84328.6362218415,-493323.295799471,NA,NA,3145892.00053208,-1984.19678503027,226.508910670968,NA,-105047.525510896,NA,-31597.0763652699,NA,-40.7662023312534,662.987046385853,-23720.4417389928,-12924.2120217447,-21883.4413709889,NA,-2179.53601223786,NA,-5321.72920489438,-4895.42799889251,-9397.94731927224,NA,969.109414245894,NA,-392139.065502222,NA,NA,6869.03260488229,-13480.3797653135,-7942.37509532521,-153494.494428407,NA,NA,-107606.297570941,-16640.5896295651,-39065.7535463384,NA,-58469.3426118432,-297749.774133359,NA,-266995.717176874,-11306.246490409,-109112.097182344,-30327.9519096479,NA,NA,NA,-447.202138171273,NA,-108949.865091058,NA,-20866.8325185013,-57319.0576396675,NA,NA,-10594.9278280622,NA,NA,-3411.35158597225,6907.48325676789,NA,-359628.928563331,NA,-2483472.17739799,-34785.2512138264,NA,-2746287.20854783,NA,10266.5652766949,122887.477680979,-239.965508454269,NA,NA,NA,NA,NA
2010-Q4,NA,2525.27683244599,NA,-6862.00045483266,NA,NA,-20431.3403382902,-767089.651993454,NA,-9306.13811886506,-21069.9970587657,272933.572869235,NA,-46679.4378470113,16769.0757010938,NA,3131.18739904274,-906164.264178045,NA,-25845.3916382274,-302960.891982091,NA,744002.270698499,-10877.5186530206,1478291.89841985,-66255.944459711,-10887.894621609,NA,-31233.5352818997,-97209.0895038515,720532.757931672,NA,41354.8917705834,NA,NA,NA,-13787.3149223888,NA,-1302947.15819342,38858.4277761332,-2647.395507934,-226537.635252423,-193442.98327356,-11965.6705066035,-298768.54253518,-3835.49636551801,NA,665138.208244903,-5811.41424954411,-56407.025889789,-139835.769185513,NA,NA,27506.2663465448,-211498.178512419,-84983.2976312942,-433461.811836054,NA,-18373.4225192079,3150372.76364789,-1754.06960089302,-784.160723407419,NA,-132652.46757118,NA,-35562.1285313327,NA,103.845730733609,1114.08293026005,-22534.7032317076,-10956.8192992744,-21624.5509762071,NA,-2138.34050155852,NA,-5227.80841544626,-4819.61043392771,-9571.22561499748,-6489.11044506549,953.84628758876,NA,-425078.882357105,NA,NA,5852.92421263482,-18834.0111036473,-8031.28160549264,-163962.141636909,NA,NA,-110119.646464115,-16743.4907554794,-43476.5314643809,NA,-59161.5016432171,-311767.758442471,NA,-257387.869672399,-11429.4746134202,-107631.963126261,-31711.9350364616,NA,NA,NA,-468.327237495095,NA,-32663.6038088863,NA,-20924.3362156256,-55939.8490986513,NA,NA,-10930.4041042869,NA,NA,-3551.20302011768,7441.72009123255,-142.274507085825,-362841.012250848,NA,-2215000.51832974,-35082.9182872966,NA,-2511071.75662985,NA,11882.4688973455,124349.091410025,-250.206024076407,NA,NA,NA,NA,NA
2011-Q1,NA,2984.49145423176,NA,-7067.24756847143,NA,NA,-5098.11935551898,-796431.721247575,NA,-10210.9461086011,-22607.4816549457,274165.676101643,NA,-51062.3024945588,17142.6545419076,NA,3374.05762968284,-976104.053688481,NA,-29164.2095428356,-335116.114758408,NA,768239.220730985,-614.68278726015,1556851.42950976,-67994.9137469021,-11301.6392683143,NA,-35879.4922131899,-106626.774513663,803918.952296044,NA,47981.3113116299,-28421.9181271385,NA,NA,-14684.8546973494,NA,-1440845.28544135,44204.3928726555,-2589.85250874663,-255217.022799808,-226906.294083635,-12471.1652870596,-333081.765533718,-3966.97570975117,NA,751188.206577595,-5663.41430099688,-62833.2366300074,-151819.437622891,NA,-254919.955129237,31253.7884771862,-212674.325671138,-87105.7912593998,-507155.832247612,NA,-19523.3823751852,3202107.49190872,-1901.62380024691,-1105.52552738733,NA,-145829.104436876,NA,-40747.5795535768,NA,87.5362296658388,605.660486288774,-24042.6367545118,-3909.23769536284,-23592.4845746874,NA,-2215.88646001199,NA,-5796.41757330275,-5386.86199852756,-11468.5929668598,-7485.73920490034,1035.64968736784,NA,-449840.42602079,NA,NA,5303.08850540571,-20253.6411617973,-8261.50902089077,-174310.714648612,NA,NA,-96266.9844515521,-17873.4675748438,-42915.3585164649,NA,-58954.8177811179,-337398.804351893,NA,-273276.63163125,-11453.543393157,-120047.26922156,-34643.2170159526,NA,NA,NA,-481.459899971097,NA,-22766.6675477738,NA,-21585.2834047604,-60776.1787504003,NA,NA,-11161.6839886188,1434.73317135224,NA,-3684.3675607036,8134.17611479789,-157.026166100486,-379875.304699404,NA,-2451272.961598,-36756.6609096992,NA,-2638416.20484086,NA,12968.611537544,128042.828006525,-278.712849474375,NA,NA,NA,NA,NA
2011-Q2,NA,3737.80470597134,NA,-7615.07084119145,NA,NA,-17560.8093626896,-835827.444474821,NA,-10641.8528491654,-22598.7138613897,282236.489076161,NA,-50935.8192153166,18150.8115821536,NA,3641.15159623668,-1001017.45622835,NA,-30198.4725123034,-345614.759392458,NA,796513.238684965,-6740.09892187008,1582451.94322214,-70034.5699126344,-11587.5159623627,NA,-37470.3188694123,-113167.075940914,783081.974311535,NA,61745.6143413605,-29178.380057216,NA,NA,-14512.2479322978,NA,-1469538.64045952,44971.2091668107,-2746.23998131612,-321488.7749132,-145554.487624823,-12990.8816828595,-321163.63521508,-4478.93642699956,NA,730726.043883433,-5800.94319563014,-64210.0112234076,-150888.787488524,NA,-227286.159436506,32248.0311191134,-241077.617615372,-84567.8878509979,-513739.371766603,NA,-20630.1212439201,3225822.7636375,-2331.79315106354,-1067.01444649898,NA,-153015.882233425,NA,-34723.405802705,NA,92.5702142606466,581.5719277323,-24941.0432247923,-28550.5522710552,-24117.7530675189,NA,-2205.68540471332,NA,-5961.09932290784,-5682.29059963688,-11594.6489523178,-8865.94827860625,794.859885592657,NA,-467486.312325586,NA,NA,4281.6436480367,-20787.7105439496,-8531.7767699874,-156524.295571308,NA,NA,-108026.286486816,-20015.0247581323,-40233.4033589769,NA,-59763.0412131397,-355110.474222382,NA,-273746.73758574,-11641.2794166462,-122596.010378132,-36355.4919565285,NA,NA,NA,-485.090302520666,NA,-34039.231885999,NA,-22094.5788508508,-63411.3636957085,NA,NA,-11541.2489673407,1257.35650370809,NA,-3798.2038835485,8598.59420846309,-130.070615184637,-378878.010179329,NA,-2581435.72833345,-35346.4842315848,NA,-2785302.7064474,NA,14293.471025662,136608.930902529,-317.47917272449,NA,NA,NA,NA,NA
2011-Q3,NA,3552.30344549103,NA,-7709.86074291216,NA,NA,-29723.1675200869,-790578.907491046,NA,-10017.2638229439,-21675.7807636088,252804.756763592,NA,-45957.0980680569,19369.072398385,NA,3894.62290106257,-762619.368366632,NA,-29798.6147215859,-286913.486611081,NA,839383.994630092,-13666.2391691227,1513578.58657605,-72822.1497701607,-12583.5437463899,NA,-35236.5950143399,-102524.036365455,651064.730992919,NA,81753.945630278,-30407.3114863069,NA,NA,-12764.3012441117,NA,-1368280.72035378,45189.6030496046,-2652.26124322656,-248637.779515734,-234249.110907286,-13392.5657140788,-293889.120007062,-5134.93460668156,NA,685042.72072196,-6461.50787855018,-57370.0524531104,-128624.00261174,NA,-237636.445896804,42810.2542619062,-223897.030640381,-78739.1797055203,-424040.380183216,NA,-20116.4789077355,3231461.01071249,-2179.12179660957,-1442.34978953847,NA,-70017.2063200486,NA,-33347.471194476,NA,80.7284757155413,426.804681703246,-22521.5721451307,-17049.7097239852,-22587.9301589129,NA,-2142.52000986946,NA,-5951.50137061163,-5376.49620557444,-11943.617650088,-10704.8033258988,628.778270302677,NA,-381252.263184997,NA,NA,4236.49713073338,-27560.2865738804,-9220.20950370715,-96317.6063361848,NA,NA,-108276.639039886,-22053.0238088322,-40809.2511137366,NA,-59973.9577330841,-296980.194548683,NA,-252842.460265678,-11428.6268914629,-113806.707058268,-34647.456600802,NA,NA,NA,-491.572334199981,NA,-22783.1031436981,NA,-21225.560654396,-60944.4705649393,NA,NA,-11557.3809981581,958.983634866762,NA,-3853.7704081408,9206.43000433281,-140.485290232737,-334345.81521611,NA,-2337436.14434316,-36756.1043633337,NA,-4134033.15984627,NA,15523.0697871537,147724.080118553,-324.713519068165,NA,NA,NA,NA,NA
2011-Q4,NA,3902.23910086193,NA,-7857.81847103018,NA,NA,-7681.72145698277,-817205.779038784,NA,-9749.95087813472,-22153.3989096614,249970.196066273,NA,-44211.8369763829,17472.2608869128,NA,3965.97142064784,-820351.708673554,NA,-28719.1453910552,-297666.484066527,NA,793060.242456479,-18126.438582252,1534789.8537953,-75657.4660365738,-13411.945685743,NA,-36236.0534303073,-91411.824340194,648467.932226191,NA,89090.3423181891,-31356.2516230523,NA,NA,-11748.0874619022,NA,-1290128.20151667,35549.8969507735,-2751.19973628059,-200850.972772914,-225611.96889392,-13942.5694122937,-238735.968869064,-5623.35088331519,NA,711209.964239009,-6811.94942309885,-53391.1182442173,-122815.526801032,NA,-237179.904548011,46610.3786633362,-226580.557798441,-75422.2647957698,-388284.797870172,NA,-21316.7958180976,3419240.43358944,-2762.29454348456,-2255.1850712571,NA,-82183.2511071569,NA,-32817.1977013417,NA,48.4665269505192,367.475858008195,-21726.9829948944,16357.2589112019,-21363.5065111603,NA,-2532.16339711339,NA,-5855.62500250767,-5128.61476018763,-11958.9274490021,-12314.4437703909,409.804517528571,NA,-389485.47964846,NA,NA,4394.48377957189,-29494.5400498459,-9648.25936909037,-97399.0856088132,NA,NA,-110405.272377818,-22988.1806054474,-42025.4219593544,NA,-59819.5410453318,-281046.622128093,NA,-237178.182003346,-11452.1787601885,-112774.108000726,-33200.3256845311,NA,NA,NA,-463.086441713715,NA,-48470.2425481553,NA,-19057.2061358693,-58888.3316861299,293.835265963892,NA,-11911.3274641617,948.700652564365,NA,-3866.73265436648,9897.43618102143,-141.844461652503,-318544.364295453,NA,-2398243.23928222,-41835.6126723912,NA,-4454617.35362085,-15121.6731467312,15654.8023624295,144969.517706617,-380.457108016483,NA,NA,NA,NA,NA
2012-Q1,NA,3884.96742510825,NA,-8070.35150511533,-16563.5787453677,NA,-4055.55368492585,-858599.489162156,NA,-10184.745958403,-21498.2320538001,246627.824324892,NA,-45287.3014574471,NA,NA,4325.45551148335,-903152.35089982,NA,-27882.1440420608,-266534.18345013,NA,776277.530958759,-25365.731862537,1569488.34002688,-76191.0778335095,-13351.3500526563,-2266.51756022745,-35723.1622904572,-102078.348719539,675288.669928559,NA,97361.6119593818,-32252.4542316069,NA,NA,-12305.7196745614,NA,-1305301.67189122,15722.5240356501,-2798.42056469607,-318006.165896158,-458454.770310338,-14453.345547697,-278794.811592871,-6458.14621263992,NA,705224.04924806,-7118.59913487579,-56772.2489088347,-130542.167450732,NA,-362956.97485805,40785.7807259637,-266064.37625041,-72082.3997742989,-456525.333261304,-18985.1120784038,-24432.6980202521,3300517.69963538,-3181.49133040321,-2289.59578865343,NA,-108829.991508221,NA,-30946.0098896779,NA,46.7732002114913,327.684599554161,-24356.7751129963,37946.9087797708,-21909.7012092722,NA,-2700.28158167865,NA,-6247.78828359982,-5355.49190914995,-13759.6253456412,-14093.1126768497,1051.16335646383,NA,-452943.241710316,NA,NA,5626.13786188671,-32416.1188740243,-8784.42775848353,-55463.3998826438,474005.138814365,NA,-116489.549903326,-23113.8918220658,-43344.4796206623,NA,-62408.6546065167,-326268.355002463,NA,-261165.175314859,-11774.3610385181,-116342.981344576,-35438.5610735525,NA,NA,694281.432654384,-406.810004219294,NA,-44960.0340546073,NA,-21226.5345030264,-59733.3716776829,186.213018095224,NA,-12041.7370515801,1056.85119773732,-46531.6809386339,-3891.52028654318,10603.2555961002,-138.233171087434,-378714.077494855,NA,-2583257.36496431,-43562.5824392526,-8450.23488429877,-4604771.93482686,-14852.6585417461,16490.5190105952,141409.725804907,-378.023316488363,NA,248.570343554073,NA,NA,NA
2012-Q2,NA,4097.71099810939,NA,-8086.82000768495,-19472.7378700358,NA,-6517.49756165643,-835211.255531263,NA,-9742.26882118021,-21619.2925435556,239892.170641491,NA,-42899.0195994634,NA,NA,3985.48180404567,-741542.042351699,NA,-26925.7368220736,-293490.247935536,NA,789038.245418894,-31818.1817620253,1540462.58602252,-80250.3844722181,-14064.6621669764,-2190.49914369209,-33377.5901979585,-92136.9494296551,710567.285783831,NA,102308.289620739,-33139.4237706804,NA,NA,-11746.6285770625,NA,-1207042.87475941,25899.5410045283,-2836.26507653628,-286019.933101665,-549716.107180138,-14978.9020627185,-266502.958018727,-6737.6006179453,NA,687583.443499275,-7215.60201080842,-52856.9802273048,-122400.76371876,NA,-340312.60000936,50655.1718085219,-247046.782826882,-72014.2391132531,-386981.814418624,-18494.5794531086,-25913.7741632883,3508067.99185296,-3883.05756822519,-2481.33260291814,NA,-88938.2545968028,NA,-33893.977696697,NA,21.3943281974299,157.810696876478,-22676.2346408033,45172.3946379106,-20759.2695349931,NA,-2526.60791947287,NA,-6319.20127128025,-5145.03042303686,-2991.26891387763,-16248.0317594742,1663.3931341559,NA,-431893.528373577,NA,NA,5595.99374337996,-31637.071356038,-8950.5975142784,-25516.2472367374,462998.56492954,NA,-114165.03698332,-23726.3583864222,-44494.1187279175,NA,-64263.9584799031,-299139.722093062,NA,-249117.143421884,-11956.7232028883,-110348.810978943,-34029.2451418954,NA,NA,725412.487791812,-382.524361477264,NA,-40845.9173761813,NA,-19579.7936513087,-55378.7571010081,124.364207764509,NA,-12708.5886440895,1145.55159923209,-46371.8194745407,-4054.24085486292,11373.6993966035,-139.712899940174,-374002.400277047,NA,-2228647.16579689,-44537.6696299309,-8775.92141857296,-5259919.76220488,-14968.897493368,16342.6871692691,143965.071905276,-364.251283447933,NA,151.243072003575,NA,NA,NA
2012-Q3,NA,4602.70058264076,NA,-7626.49230751782,-19297.0628230077,NA,-2932.52652275114,-862693.666784739,NA,-10045.5004817146,-20770.311611532,249961.607902057,NA,-42704.2486232186,NA,NA,4967.47303934104,-776609.798979346,NA,-27797.4928556557,-348880.846723766,NA,825371.018038749,-32615.7805491818,1630104.72255985,-82522.4194296654,-14495.6015961803,-2344.04377483361,-35344.2166712172,-98598.2823684411,747224.452645571,NA,116923.063980254,-34628.6763059178,NA,NA,-12073.7909361472,NA,-1251647.98662064,29396.356524116,-2909.04107616289,-314643.922850904,-596692.28130274,-15627.5781814593,-279924.569355474,-7017.98852966168,NA,693510.934533497,-7874.02386090929,-52371.2591421662,-124704.589418678,NA,-341743.69522509,51543.8739937603,-291246.612840563,-71641.9218884829,-405787.14637071,-19317.9941756751,-25690.0027214545,3637080.37475488,-3582.29360826021,-2884.15865397096,NA,-99878.3467833795,NA,-33967.848298239,NA,-30.6136967809807,251.137858437431,-23807.1007728167,40949.6630107508,-20642.5356675905,NA,-2439.44197210489,NA,-6472.98797001157,-5218.57755671148,-3576.39808739845,-18018.041573659,649.663863935835,NA,-486342.925815311,NA,NA,6615.48688902247,-30622.319932569,-9420.25618013405,-1276.70864766999,498414.443042459,NA,-121249.800574509,-25635.220606728,-46417.3566189039,NA,-66339.3312004861,-323833.045275581,NA,-259705.417108199,-12315.8456373392,-113799.524011846,-35963.6032180646,NA,NA,754388.656088471,-292.028137820614,NA,-60518.2288800939,NA,-19547.0259228798,-57479.3004263989,32.3688454603825,NA,-13161.6796274102,1247.31719697741,-67752.7948894797,-3893.83437885986,11821.2821467841,-137.531747300432,-391189.734665805,NA,-2315335.23156263,-45116.7046955025,-9045.01398591056,-5000197.10986708,-16246.6318498134,18804.5498040493,140819.482168166,-406.839377696823,NA,180.548940604799,NA,NA,NA
2012-Q4,NA,4968.88313287321,NA,-7946.39606705539,-15256.3944860871,NA,-13397.9919720785,-863302.505748938,NA,-10238.1412865231,-19422.2075856186,208010.398426119,NA,-42880.1307655712,NA,NA,4912.11158265195,-794826.357010745,NA,-29917.1663909433,-361889.208552008,NA,742497.735052229,-34123.5344588101,1678074.83432836,-85871.2470483998,-15154.3763986091,-2483.16306342871,-36807.4137685646,-97826.9874934013,812281.243866786,NA,120806.675949705,-36398.6102821785,NA,NA,-12081.8694756967,NA,-1209286.04566259,28184.0379153686,-2951.13169164805,-353301.635325202,-686827.511462361,-16019.4767704739,-292659.64088298,-7751.90264596128,NA,721473.047968994,-8706.35810935049,-53549.2341379982,-117220.342468438,NA,-343930.431380592,55878.0258927968,-301166.161949561,-63848.3770537727,-492226.128341644,-19545.531557686,-26515.2811421566,3458135.57002654,-3852.80354414985,-3502.01700442783,NA,-97685.5867207047,NA,-35342.2519963122,NA,-37.0543336178694,259.288720095766,-24000.7969460995,38789.2681094124,-19934.7604213091,NA,-2423.05997147477,NA,-6404.3416494916,-5505.86712587456,-3495.36740084734,-19237.5759310645,1673.73778802553,NA,-525935.305080555,NA,NA,5977.02512382177,-37858.0552077665,-10000.9979375036,28120.8453023159,501366.65435622,460.30228948666,-122674.867812093,-26334.8524369402,-47795.8688320492,NA,-63761.6972488716,-338353.857722715,NA,-265684.421369596,-13097.1419091404,-121518.101669868,-36679.3885390873,NA,NA,783778.909540807,-300.432193157469,391.736849969284,-92720.2970670975,NA,-21048.1666663732,-58938.2890534408,-127.775276453378,NA,-13729.0851326595,1396.33269404066,-81072.116050701,-4187.18078920237,12833.767083104,-132.648909566221,-435142.030920754,NA,-2253422.82077346,-51173.746720213,-9260.73584552111,-4569527.88337237,-17800.7146418014,19500.5146338122,138323.368624517,-458.734507099374,NA,179.238278761524,NA,NA,NA
2013-Q1,NA,4448.61184036659,NA,-8050.3725208238,-12300.2353629378,NA,2147.39853690422,-867080.043148382,NA,-10201.0143618329,-20494.3474348123,201743.656806364,NA,-41463.0738632016,NA,3496.12035530174,5543.17538526149,-836119.830460461,NA,-31782.4256248651,-275920.247106526,NA,652527.751266381,-35896.5066952494,1695720.17690229,-88985.6105148191,-16380.5176080765,-2384.48626649216,-41996.154964869,-89162.9179040919,799599.528725323,NA,129494.396589191,-37100.7328075152,NA,NA,-12817.7008461357,NA,-1169367.28579816,26457.1775285327,-3178.22814817425,-432736.403695447,-380981.871134343,-16220.682796086,-284704.305032556,-8003.69808282761,NA,703519.861302403,-8815.93153663696,-55663.7357567943,-107205.59095683,NA,-416061.872670785,59358.3968570846,-330157.052521048,-63970.7505862027,-453722.115053899,-18738.1599054961,-27833.1193547575,3286788.49882157,-4215.01013292425,-3426.08183082987,725.750621759063,-68206.4954274509,NA,-31180.1144939189,-35857.4373213397,-67.5975537791028,248.439906726362,-23971.3182834992,-30639.8130279653,-20288.2418514236,NA,-2364.58439378493,NA,-6606.80643496302,-5471.96270481729,-2750.090640134,-20929.8107557679,3276.5383426602,NA,-584954.939677945,NA,NA,5038.13509202039,-36888.0313011878,-10294.7436293124,67666.2594037995,546781.716913714,651.178752841383,-123451.297640793,-28190.8195816043,-48557.9791322797,-54541.5514241057,-64406.8715313695,-321646.101060831,NA,-258864.864507136,-13172.8706588821,-127501.297324529,-38223.5416209644,NA,NA,804296.381100782,-302.361206590488,-594.991947319337,-75779.7618829411,NA,-18210.2786680344,-57506.3235482154,-192.7445935038,NA,-14115.4447669113,1458.70329714634,-118803.061162855,-4157.55256774649,13861.9130038959,-142.21085686606,-449115.961925414,NA,-3004625.7126144,-53034.5112889491,-9430.44871326969,-5094142.62160582,-17269.2508501781,19917.6523822813,137557.671706995,-461.758064803812,-316.235164350089,389.331640783788,NA,NA,NA
2013-Q2,NA,4393.7406205856,NA,-8289.6508747267,-11635.3147214295,NA,4389.70281080203,-757307.916990874,NA,-10348.8883234296,-19642.8227324465,200991.57314598,NA,-42896.0809681852,NA,3565.09275292787,4009.66545942232,-734371.02102784,-922.448463097327,-33356.0479877036,-144961.329717804,NA,634326.196053512,-32348.0732277931,1704203.76848503,-90712.1403627709,-16862.472618851,-2471.58021935229,-41434.9353028371,-92126.5050452062,820866.355024557,NA,130921.984512104,-37774.9976977405,NA,NA,-12805.243540116,NA,-1189960.06818517,23895.0187672955,-3047.78736806719,-518162.884746089,-352042.560578331,-16292.8018706369,-290918.405756046,-8548.13592565633,NA,707187.064778351,-9358.18429576943,-57273.9509502731,-111701.762515832,NA,-430829.072615068,58617.1878856149,-318288.209549938,-62860.7849886636,-498032.60340596,-19479.0380986559,-27851.8575341495,3102121.92860133,-4928.93441393462,-4545.4304053839,667.776459928487,-24517.6205236182,NA,-33683.0678856552,-37028.8381562834,-66.3331118468857,367.374235701044,-24298.6673761094,-18285.0029888875,-20388.5952714585,NA,-2631.68255865438,NA,-6819.66465003581,-5928.52696118374,-3755.67614605658,-22472.6001461947,2118.44264189011,NA,-546825.925570855,NA,NA,5074.6905475132,-40335.9177281542,-10555.7747911284,38134.9275165195,560971.721133416,871.690642862731,-115771.174610915,-29393.1966401569,-51166.5005312989,-46130.9781940812,-69065.9431538404,-323423.68004187,NA,-268581.439187092,-12143.0574009041,-128269.172103451,NA,NA,NA,822611.352540941,-277.592629127644,-421.352148359264,-46539.5919749459,NA,-18484.108081084,-59259.3020115967,-480.41400008255,NA,-13848.6019062985,1292.98469837184,-110136.197640446,-4341.42440039335,14320.4935042064,-136.133182224378,-425047.340150276,NA,-3236847.4521316,-55042.2748754722,-10010.5202980846,-5527280.89681943,-15811.203187769,17612.4788849091,146651.714336149,-475.445905445462,-322.453664961602,215.422548638714,NA,NA,NA
2013-Q3,NA,4915.61632043892,NA,-8295.6500181706,-13655.1516119228,NA,3973.32996348114,-787973.872580003,NA,-10590.8386675905,-20078.3880090585,203028.279148634,NA,-42872.113473018,NA,3468.89556302062,4372.51131282629,-766847.316408495,-940.758928261531,-35809.9816216797,-108038.125709823,NA,634611.844887876,-31861.3860959576,1732196.9513308,-94457.3653308039,-17658.8532924158,-2572.97394855182,-41228.1872248055,-92462.9210919904,928001.12794016,NA,134663.810760427,-38880.4398206656,NA,NA,-13361.8501894827,NA,-1261383.59433641,14243.9627919054,-3123.14446358765,-585880.738315053,-491103.261629505,-16263.0037897797,-305216.76570302,-9318.15105660001,NA,702578.748851557,-10077.1174121861,-55856.4589175545,-110420.040692045,NA,-443508.688530292,58175.6961647913,-305219.014913437,-63254.9558780672,-509679.660421317,-19785.190447855,-28805.2820789118,3129577.64317378,-4883.05725308387,-6264.16285306099,679.220865859053,-50532.5723397075,NA,-34495.7956221782,-36631.0688497974,-157.762534897304,382.04831989946,-24616.8386762097,42070.6028077266,-21228.9875315753,NA,-2423.16947020426,NA,-6724.27060780241,-6062.8676822706,-4242.83973926259,-23562.9886595654,2486.70080233508,NA,-542449.394644006,NA,NA,4469.31346937239,-50039.4832150908,-10961.9383738103,4074.97948078943,603765.790277415,1434.99403857274,-121770.981760346,-30516.2334714008,-52684.1111980201,-42751.2160737349,-70464.2692768863,-355417.733765945,NA,-273839.365318069,-12031.0384111182,-131290.361343619,NA,NA,NA,847043.133294594,-290.434567389215,-384.16535231601,-49541.1133013204,NA,-18389.2413740201,-62809.8558487386,-471.42245719511,NA,-13933.604254297,1347.79285559119,-98038.2447795557,-4412.22979197658,15211.1265069764,-140.807616506961,-407365.278816608,NA,-3266475.68060448,-60693.9480881484,-10445.8736861725,-4994325.43502006,-15126.2254104818,18597.2503269167,148954.232018621,-466.436609901752,-307.352348087711,410.125422784649,NA,NA,NA
2013-Q4,NA,4828.87074622015,NA,-8840.40052260667,-11205.4409949886,NA,3240.92636769143,-743985.964476173,NA,-10647.3748480796,-18863.5094724443,233866.316574386,NA,-42182.3625253279,NA,3493.27195471047,4401.86943642907,-723914.700815374,-911.253220340878,-39105.6235062393,-25403.7403833235,NA,625227.710463598,-24847.4400825021,1818365.06434101,-96842.0576932106,-19088.5891658812,-2690.93821415079,-40430.9756508929,-85209.0532212322,965789.317007585,NA,132678.097444294,-39330.9062679814,NA,NA,-13076.9622459598,NA,-1306771.494939,8531.73207413694,-2889.44396120332,-568091.130030719,-439496.436686205,-16418.4164206936,-323757.548291282,-10080.7384339132,NA,757978.70918468,-10526.9862366193,-56610.8387113105,-109552.502785924,NA,-429961.303586946,66181.7052343032,-323169.650201059,-65591.5880074943,-522247.063314837,-19960.9279156667,-29858.2337514014,3093318.9325937,-5126.34741341396,-6186.65826435962,643.505623937178,-40383.4140762084,NA,-33285.2527278009,-38352.5846453248,-112.479915376359,446.001213951637,-24548.0023078048,41637.3120117342,-21326.315296107,NA,-2126.37947065609,NA,-7120.34176516454,-6282.9319551787,-4509.9845625137,-24641.3332908619,2696.32715183229,NA,-582887.308563355,NA,NA,3778.75791128828,-56642.64237261,-11228.9195460865,-16646.6394796059,647655.65018155,1625.29546051351,-118906.174837291,-31317.1248063066,-53925.0593545132,-35957.1766118231,-70995.6382824825,-375355.140936104,880.620171461823,-285134.749581094,-12116.3473637346,-132901.137860823,-42207.4559820584,185483.049646645,NA,867682.19721696,-289.115129075457,-371.551015764314,-94440.4774964839,606214.933757582,-19779.0058584019,-63075.495994673,-709.320456342121,-549.613968153464,-14637.6774773896,1448.48558184325,-69644.0513100566,-4623.17835713667,15842.0297587177,-146.718986612795,-392187.765348787,NA,-3336281.66509404,-66880.994465243,-10545.1943667447,-5443587.08169388,-16621.3140792707,17030.1655257342,149066.41450638,-493.136466262609,-324.590760241582,356.692768697095,NA,NA,NA
2014-Q1,NA,4884.41267449694,-5247.92369173628,-8138.76060527105,-13375.704048924,NA,1682.68705824113,-784866.963764438,NA,-10842.5066628352,-19117.4198711317,227030.423000346,NA,-43964.5896841663,NA,4033.48102656314,4180.85793922624,-786069.582966125,-1029.56077104251,-41169.9055791006,-48617.9700468492,NA,602662.243965826,-24633.7683874971,1894714.63753674,-101356.885706045,-20053.8095434825,-2652.45134682528,-40048.6506096016,-79359.6847970249,1009195.49381692,NA,113783.013543091,-40219.1056275097,NA,NA,-13619.436647559,-79431.186489043,-1353915.17128175,5396.51234087909,-3092.92037470297,-583634.283768404,-392356.990069358,-16791.6450313431,-330491.878503471,-10240.3916480418,NA,849668.388990042,-11714.3346921524,-58118.2314338598,-109717.833041199,-368219.840832218,-442607.500944504,60208.9600591048,-344385.398377368,-66215.4413470068,-565776.006889175,-20346.2756356607,-31179.3809714287,3090033.64284054,-5235.5025139573,-7289.33980811759,713.113082818655,-19556.9802403761,NA,-24286.2338977218,-39124.9136140971,-188.644180799222,260.289830817245,-24610.9812087202,45445.417661542,-21244.4627721379,-73882.8706158365,-2221.96330959248,NA,-7433.67111879403,-6314.7595962343,-5546.22243230819,-25726.4811679268,3675.01353275538,NA,-586414.412257117,NA,-27060.8092408084,4778.62259168184,-75024.4141471453,-11141.542238166,17629.8755066304,684338.753468469,2001.5112239619,-130581.457531332,-31814.1154352644,-54636.8861704321,-39072.5424457594,-71751.5645296244,-379299.138066357,984.752789,-302857.307678306,-11835.0536297948,-128211.787158249,-43735.9392320233,224379.462364184,NA,882216.319623241,-314.641013064272,-181.570582832605,-93114.1833567424,596646.073889626,-20119.3311778657,-65789.1563262407,-804.917999961755,NA,-14099.0577605496,1488.73524790466,-84119.0370149145,-4996.54778631304,16338.8466210464,-139.06481069334,-382708.211870118,NA,-3398852.83529609,-61121.6455827483,-11437.8595662657,-5503555.48175076,-16181.6439076646,18704.3479621464,141032.595623691,-568.019145643866,-305.82270824931,412.435116016769,NA,-10134.4834643235,NA
2014-Q2,NA,5187.42122242631,-5295.85418919573,-8302.11133191087,-12197.6161973783,NA,5230.87594665562,-822848.583111247,NA,-10755.015326772,-20859.8475654153,213172.856658223,NA,-43494.5826053216,NA,4102.88993080948,4582.89253513904,-857282.90676989,-1101.46604444443,-41624.649968773,-100956.173139123,NA,603481.393238371,-24714.3571539165,1845528.88102128,-106598.065734564,-21012.9883166663,-2678.82205480343,-39636.0134260738,-81708.6707648861,1071126.57994052,NA,123539.031972586,-40630.3558324007,NA,NA,-13267.7418265379,-82539.0954130312,-1361134.62042211,2979.882006353,-3320.97974215166,-579121.910679256,-477073.844885573,-17246.6892923753,-333296.448854253,-10848.6121837879,NA,845533.279998405,-12148.8835701576,-58801.4996917554,-109598.607949255,-369875.130912387,-470242.483921748,64454.8466562371,-357027.370006731,-65523.9573541043,-550715.690315625,-20401.8314989153,-31865.0317413854,3053372.39525306,-5198.04918181925,-7384.37606155951,748.781983531078,-23914.3478475009,NA,-24859.9983001193,-39954.5789673345,-183.713493662698,294.722274830627,-24387.9646805023,47040.829149908,-20993.6254140466,-74178.4596342009,-2067.53163833563,NA,-7659.83051465501,-6346.70015826048,-5518.22586223975,-26368.161972825,5550.0996303258,NA,-611984.845212942,NA,-28592.8783889965,3699.9612309679,-79212.3408499136,-11297.3042025844,61999.1206079632,721433.162397116,1867.28084780221,-132223.534559212,-32135.8321211484,-56463.1139324914,-44071.7244546805,-74041.3788490343,-381367.570503466,979.95487887,-296335.460456648,-11677.2401022022,-126918.720593119,-43078.9093992574,183426.724369507,NA,898338.463471132,-264.854355474729,-193.40143550951,-37676.9168365383,623650.728593576,-19852.6605564049,-64650.0862583519,-937.797644502293,NA,-14402.3993049232,1499.57170046874,-94743.0299329867,-4718.76004226186,17076.8736503489,-143.853789530768,-430652.235065144,NA,-3218841.77301041,-57631.1813608791,-11610.5465214353,-5490051.47586709,-17252.1555433689,19416.843434642,137119.557772999,-559.068151093111,-288.788991663861,310.138989307488,NA,-16410.5734500693,NA
2014-Q3,NA,4830.88036262051,-4901.99378656347,-8285.1647654166,-19738.0543656795,NA,13987.988983173,-763236.290330986,NA,-10033.5995795225,-20894.4158292836,189566.077327488,NA,-39053.6834273786,NA,3855.54736974483,5175.48740863047,-820583.649967025,-1084.2597785459,-41582.9112098183,-64484.9954504741,NA,579956.46634046,-24906.1276354666,1771897.03614408,-108910.222751089,-21667.2046580248,-2553.68915674618,-36318.7704933025,-74626.3392482295,1098163.19119059,NA,131146.33320276,-41455.1465333922,NA,NA,-11924.6933861794,-83335.2458939834,-1234099.05836467,-351.981267389672,-3325.18098902665,-504139.246408351,-509353.687464076,-17582.7083691663,-297616.456740804,-11571.0190185886,NA,830451.399624012,-11920.3293317156,-51724.6229550033,-99831.0704314493,-380859.724560377,-448079.695757889,63166.6116863208,-364107.430368817,-62366.3241243811,-499322.227456863,-20719.9699527376,-31906.2049928984,2964581.46142187,-5518.70681903024,-7767.56307913566,737.926203962378,12755.8485223084,NA,-32264.1332366282,-40815.3558158908,-108.170776847431,370.517812459173,-21922.544172535,44228.695320395,-19222.9662517188,-72385.0878032934,-2003.7344741126,NA,-7410.69726048964,-5781.30856342702,-6192.67570311787,-27207.0063638101,4515.04337240559,NA,-595389.501741594,NA,-30365.9274501516,3515.98572589958,-85893.2238814187,-11525.0307317122,104237.395741762,692733.464350277,1939.60533525793,-117660.906525023,-33888.1336596995,-60502.3611645063,-44928.2736979194,-73722.0388847314,-360837.652239147,1170.9,-264939.093040437,-12138.7663296721,-114560.029747587,-40315.6149692293,237469.853222791,NA,916817.558761422,-281.969595047854,-135.518508940208,-32926.2023400792,603515.827751898,-18352.3732723674,-59400.2670563009,-1130.81702954066,NA,-14727.8585948537,1342.63961732504,-113599.990103113,-4687.2242614431,17062.9237856452,NA,-393061.7270622,NA,-2574286.63456952,-55391.6849212303,-12015.7401553155,-6206947.2897162,-16321.4343383955,20675.8114428969,142744.185246578,-511.709478739752,-340.439336519664,353.398842585638,NA,-24146.7529966165,NA
2014-Q4,NA,5178.49417286402,-5192.95842448293,-7713.63517660462,-7016.84846026108,NA,9167.30619460581,-713575.863650015,NA,-9627.39135473617,-22398.6171148267,219221.632129087,NA,-37642.5578131158,NA,4304.88415894574,4517.91995445416,-705914.128028028,-1046.86169491364,-41832.9115226361,27355.2509370428,NA,518097.432572398,-26401.3338687884,1610311.8838256,-107713.605590379,-22570.9184445582,-2489.04850204451,-34798.6488240645,-69067.1143093257,1039174.01387759,NA,140239.704022138,-42102.7604815828,NA,NA,-11445.1579255697,-85375.7702557431,-1200557.6647077,-8334.67363480378,-3419.45741915992,-487773.907227557,-558766.401719695,-17865.2027953512,-286204.80216396,-12478.3689726813,NA,870191.31807421,-12128.0286560995,-49409.481669902,-95231.5851879383,-383973.070945679,-436266.874546103,68146.6032111315,-361537.777454807,-61153.3072045857,-415191.008315548,-20641.8852962929,-32147.6411010614,2910482.86507919,-5836.01212098319,-14269.1597646899,736.568652184627,80878.7219630149,NA,-39800.165460688,-41625.3463976089,-97.4412764979687,398.105618983856,-20844.1658480713,42347.9502380615,-18229.6305393264,-67595.8542805552,-1755.01952954403,NA,-7711.66604618214,-5531.18879107825,-6481.49858380516,-27226.9797831016,4445.50341762029,NA,-548051.808716644,NA,-31879.6672461336,2156.43457893708,-89811.003003028,-12002.796118574,203695.289084056,718262.990885989,2036.23581186046,-121073.641594868,-35007.0543217854,-61312.1403300677,-40896.5993684212,-76343.461486328,-336417.817363638,1384.0602969938,-261305.635737335,-12673.6369671908,-106437.681883643,-39416.6230658804,313247.996834303,NA,915177.410961188,-293.362681787335,-206.145199993788,-17661.6058804036,591219.896011396,-17534.5032166439,-58487.3043677466,-1359.39743226974,-536.041764916253,-14717.7434476123,1541.38438145151,-97278.6551760927,-4962.29140717991,17031.3013294266,NA,-441890.990413257,NA,-2722602.70319912,-49990.7027805466,-12117.1253296321,-7021187.55304365,-17974.7206819191,19637.1362206802,149159.917072971,-515.872830150301,-379.09502658502,238.563739199625,NA,-26215.8024944313,NA
2015-Q1,NA,5215.67194437631,-4685.5414538792,-7840.98537944299,-12455.7178392654,NA,12521.1222171388,-683451.344190781,NA,-9032.01186433124,-23451.1621777377,211544.039852741,NA,-31394.7495753237,NA,4620.21796609225,4591.44692863586,-582953.140185438,-1270.90283283449,-42281.0834067912,121077.15615598,NA,394230.756395282,-28922.3262821926,1469217.24591947,-109174.601985299,-23511.9481261611,-2281.68968410011,-29582.2626041647,-54452.4524974235,897471.609216974,NA,104412.724920454,-40893.6817684804,NA,NA,-9823.14257159008,-87357.5843882992,-1078595.38392762,1879.68853419,-3359.62785428669,-471976.955758096,-363783.001464743,-17677.6096523773,-254236.282771794,-11830.9190942261,NA,906025.995101121,-12089.8661789757,-43896.8677095164,-91232.0362214854,-406983.027046403,-599393.202272034,66356.1029562494,-368973.611231131,-58039.4449805772,-382191.370300097,-20896.5471749989,-32119.8125879729,2763147.41607575,-5823.16976657277,-14814.3489597654,710.319892906129,78445.2457301302,NA,-44476.3611591652,-41824.5313259088,-271.467616971566,368.757985930809,-19092.2440151775,66942.2019317271,-16218.0395126575,-63637.5289980642,-1488.43081645181,NA,-7289.31724969491,-5048.80959397405,-6893.35121733893,-27418.0930427683,8815.78045365041,NA,-543586.113512099,-1811.04558823728,-33198.3402121454,3713.80441152821,-90547.988313214,-12291.552586201,288097.846860006,731136.10511762,2152.83026475231,-112629.39367073,-36540.8655237583,-61795.8916527422,-43986.4478886439,-71186.7650216791,-305792.336344763,1307.39443598185,-233718.695063769,-12877.4671154024,-93638.0821796984,-36101.1879670849,283848.175506722,NA,896000.12550359,-271.07053568812,-313.867525609965,-5262.98750834094,596888.076060891,-14976.9424594925,-53112.518838071,-1604.20135401613,-533.594105831962,-14882.7425726337,1472.15183460528,-98002.5528792222,-4991.66032597063,17290.5485356778,-90.0741431876851,-394092.523483767,6295.62127629611,-2800082.5878229,-41615.5894593085,-12174.3329545251,-6960662.6171926,-17484.0584792465,19391.8665872679,137906.326087111,-568.108303574951,-424.921596113401,302.265964999251,NA,-21633.3178603708,NA
2015-Q2,NA,5223.77676520498,-4873.33068475673,-7943.00049569773,-15691.9373034575,NA,13211.2174730656,-685610.046364851,NA,-9704.10312520277,-22237.3764355008,211190.284313284,NA,-32307.3861634313,NA,4806.35801220531,4232.54584254136,-641795.872758857,-1347.47763848433,-41158.7320748932,143516.530124204,NA,429802.885766888,-26820.9747667318,1398119.24743562,-112683.498330951,-24032.8786425443,-2361.8388780685,-30539.3606092689,-57260.56633015,1104735.04307636,NA,101169.203846216,-42138.463966421,NA,NA,-9867.42161603258,-93643.940820827,-1082172.27108762,14959.3896632932,-3414.18273928353,-437065.938542355,-291187.201754615,-18169.618407161,-266144.363216052,-12353.709218341,NA,1029538.2576622,-11942.5441755721,-46983.8091073764,-89367.2144404395,-383845.522731161,-593410.118564603,70822.4000568183,-366719.019708702,-58779.8904437058,-320781.010932589,-20869.9999130712,-33066.6184583802,2691015.26482536,-5746.60122612568,-14802.1138763283,725.569692660721,131205.317860624,NA,-46215.205013751,-42561.0456785915,-238.566564624836,334.766405724271,-19609.7360899482,46382.1686038571,-16757.6896079493,-63470.8768602565,-1527.18045581185,NA,-7304.42445373336,-5320.01735357506,-7772.64845993826,-27768.6770214758,8733.92529867746,NA,-535328.507407936,5463.28050431568,-34537.9490588717,3029.00739876658,-109250.776375895,-12225.0917800571,191815.439667176,732921.458846456,2819.43829443338,-98967.529230321,-38113.0597591693,-63303.708769504,-38466.8444638823,-74387.0018987239,-310501.839319644,1245.78030512577,-238537.864865458,-12113.0713422852,-96674.4649488869,-37474.2987490426,294778.592205477,NA,882447.246977586,-42.3779826600161,-415.462666974834,10611.5799840196,610995.128560293,-14782.16898397,-54189.3026100923,-1924.33391809742,-507.005991167341,-14441.4138350074,1473.34848970262,-82831.1008824407,-5091.02465186808,17308.7666105104,-99.2690585718806,-403006.351367506,6889.70592152948,-2670667.91855586,-46905.1901175604,-12549.7110526286,-6874739.14773873,-16389.7913363126,20187.2512066127,134517.471970623,-535.429553509599,-402.863374566273,60.1272103246184,NA,-11119.4838388477,NA
2015-Q3,NA,4854.30779368989,-4887.12827334711,-7803.27593047575,-22730.6464256242,NA,8519.79118174442,-649538.90393131,NA,-9662.63557222113,-20471.4744537007,199483.101439222,NA,-31999.5272347817,NA,4949.82189624677,3829.89897787839,-395333.93356237,-1282.10121087577,-40812.9399608358,202843.229123963,NA,520317.940263659,-34924.7917351303,1540661.85369854,-113124.122520633,-24799.8741541074,-2414.34031338913,-30739.1148910652,-60713.2219762446,1185844.0068146,NA,89910.8035780272,-42702.2968807262,NA,NA,-9725.54266407451,-97632.3089488128,-1083603.27245487,12974.4314795876,-3266.95952115743,-466857.87987692,-384958.591240873,-17962.7344144916,-263036.28163066,-13088.8464194221,NA,982453.016710603,-12428.1622253752,-42325.9546186177,-91244.2084752446,-355246.763375318,-599563.237258587,71888.484379935,-363656.901057759,-58957.903275795,-387570.347014428,-20400.8736791756,-34418.4699274714,2844284.39515158,-6137.51055912883,-16232.1624224576,691.360061969965,182925.894769682,NA,-38815.6400466487,-42768.6844868417,-215.042606620165,206.599496862999,-19410.9073635016,49659.3162830548,-16992.634850964,-62388.2457650182,-1493.33745278185,NA,-7084.89137462465,-5401.42734090093,-9185.96837382774,-28074.9153100456,8657.9181069664,NA,-507525.988390999,32575.0950573451,-36691.9409026197,1781.2251181115,-106043.030556374,-12556.753786927,220640.933524842,689121.703330362,3286.22707973395,-95584.7203322261,-39900.2258546993,-63952.4307607057,-28684.3406917813,-73018.0899430257,-304042.53345733,1237.84718971,-239910.581625499,-11925.8022271121,-95876.3630679218,-37781.0423489607,336319.530572092,NA,835891.653315148,-53.4940018802209,-392.976504822545,5759.43061459256,629613.148386052,-14066.5932743638,-56183.7027176243,-2115.47371014677,-483.820435558608,-14823.8858288326,1319.39099546517,-50949.7820562028,-5059.94858466448,16835.3060564523,-96.1224606634504,-354792.378424588,5983.1356777488,-2634448.2334188,-47358.4676474098,-12859.5390261586,-7427020.88431677,-15405.9316084633,20162.3287274353,128395.75436383,-551.297197476042,-378.373799745634,9.2724943426047,NA,7971.97560716528,NA
2015-Q4,NA,4710.4767010202,-4811.22056290751,-7877.86229994295,-16277.7509583442,NA,10295.9032644643,-713817.599890245,NA,-8735.05801915426,-20973.9419591736,205231.969405259,NA,-30767.3025592227,NA,4512.97665672752,2374.081587589,-374684.524008618,-1400.45968132615,-40991.8966193717,323213.918930031,NA,493278.365604125,-32362.5488255302,1698870.52639848,-114679.027134729,-25626.1430359171,-2334.46260345582,-29840.7269956083,-61353.6565630621,1145726.96727495,NA,82979.5345836182,-43487.5640016483,NA,NA,-9123.25264458455,-101463.385594776,-1038359.52907308,10831.2828586548,-3352.08582921799,-447135.552317852,-453199.445330247,-18562.8857000751,-261302.447043795,-13534.4949142302,NA,1003128.4096446,-13499.0670248017,-40195.6105817975,-76759.4849947489,-376833.917691773,-590855.227892982,68715.5840517655,-368442.044530183,-829.542261383316,-351350.24260816,-21121.3387012019,-34937.2313493399,2715205.44310334,-6761.79757143128,-14304.9015191042,733.253432079878,204453.572094712,NA,-37446.7604109023,-43005.9473447288,-175.124533468623,253.488042705579,-17902.0322226194,41652.626931379,-15941.7595199803,-60802.1635594108,-1910.15485540594,NA,-7125.90001392483,-5553.3285021243,-9791.21350991965,-28629.2051065549,8925.3933939792,NA,-510605.733126718,25436.6660046207,-38573.5315185836,1996.22969761784,-110837.998189446,-13024.8273011095,213089.319575637,705053.072167419,3975.63402593104,-102190.050537013,-41251.6718476361,-66534.0566973108,-28201.9369014603,-76702.5546075814,-282324.299158446,1033.77438993556,-233687.961253882,-12137.2076606601,-94468.8008385768,-36869.2852005986,339169.21000413,NA,804909.948774881,-38.7286768290072,-304.735095473466,-25284.5820610052,647085.066202397,-13182.0238782703,-55540.3166483476,-2401.13868570363,-544.260384163392,-14689.1262885836,1244.13918452934,-42816.7280797966,-5119.39140344835,16906.8442582865,-199.424680990486,-371770.521505846,6009.0346095982,-2544605.74786869,-38051.8774667736,-13110.5064778747,-7590469.7322824,-15893.9161731866,18979.0449364843,118739.018525434,-572.075700055154,-384.644391712264,-46.7746531869557,NA,40991.5255571893,NA
2016-Q1,NA,4907.74625080982,-5103.31182935079,-8198.93003718001,-24583.3220180034,48043.137182156,5019.24873342735,-785555.684167971,NA,-9159.02699405973,-20750.8481425458,193997.973503439,NA,-30803.2376928604,NA,4180.81002162847,2284.55120872112,-460953.686032466,-1457.36185902759,-42537.5226876337,217446.180791968,NA,575017.85633194,-38191.9355237196,1801471.46154156,-122660.501517228,-26095.9874051247,-2522.10536241128,-29408.025912618,-59184.7257123665,1222809.01360577,NA,102386.385284468,-43866.0058853446,NA,-15107.5832396063,-10055.4631276427,-110593.784712333,-1088141.72695158,10041.2055903039,-3412.68749370269,-473566.911996509,-132775.94660353,-19213.4356869783,-273430.022008734,-13165.2842229091,-1970.87344034621,1111230.94439108,-13617.6813842937,-43193.8396734821,-79363.1003415107,-398548.118239945,-586328.368597525,79673.5339288884,-366147.024041199,-587.802660894169,-376118.431231933,-20847.6392261367,-36274.0927060559,3021580.28111769,-7075.69342447275,-15155.4751980367,781.733410537402,224115.785286004,NA,-37525.7955346191,-43132.5349780572,-268.919919309522,-718.643810757747,-19921.4818361473,60937.3962665927,-16353.3381773197,-63358.9197007679,-2152.09099874051,NA,-7369.5970183704,-5868.14674235584,-10980.2917288115,-29061.8029298531,5825.93958532696,NA,-536584.510140213,-1571.05350504977,-39370.1672532184,1525.15282136743,-113400.235021716,-13308.3811453878,294725.893035294,703712.212431895,4136.20347742616,-107279.568980456,-43124.2955942837,-71670.2610321914,-30879.4237980179,-77652.7550234681,-300105.263249246,905.708782,-241293.98871421,-12254.5678605461,-97460.2566887995,-38614.3132640037,328081.084909455,NA,787201.222594162,-45.044164767682,-207.017545578995,-24555.3725151767,613972.854025444,-13220.823041863,-61012.3421301232,-2481.80624510232,-566.404336887779,-15143.2250800164,1247.40802869698,-40050.8786405225,-5063.74342575955,17163.105297665,-209.493870962784,-399225.354212512,5958.36333467682,-2505769.82268022,-36203.349795862,-13594.5833709958,-7886674.94281319,-16104.4086993307,21045.3170835935,115543.79522402,-658.412602781192,-406.135793622715,-64.0585936385634,NA,31358.4209635146,NA
2016-Q2,NA,5178.44079043779,-5218.78954462711,-8332.93649013612,-30639.841636181,40863.7724297074,7783.48315070474,-779372.337721079,NA,-8956.18285935033,-22238.6546375656,183920.384254327,NA,-29172.3540695729,NA,4063.20711916034,2546.49759631791,-558236.564655852,-1691.50215355586,-41678.6718754022,196344.912414497,NA,581449.016442823,-39172.4844758422,1940410.44790706,-126874.012117499,-26713.6470908413,-2527.96845547555,-28946.1267149187,-56149.9837234519,1323714.11492545,NA,105835.741923096,-45183.0340894924,NA,-15527.1708332659,-9683.93615459273,-113567.251630772,-1044841.73412617,6396.86345708851,-3535.30207854726,-438429.39040957,-57740.2146603349,-19823.436950607,-265338.378718209,-12790.5476216854,-1957.23360619771,1093680.14633559,-13580.3422890819,-41674.9242049978,-71962.3027767538,-411815.004986748,-562094.775185105,84456.2344566051,-359235.077671341,-161.390597355474,-284414.439116066,-20754.6835249063,-37176.2482791658,3063647.9807879,-7033.28715316717,-16315.1973160527,791.685359517078,249887.020830466,NA,-39601.3636063049,-44383.6777261877,-263.169431463813,-761.646457364004,-19933.742663254,39052.9088659529,-15773.6522327251,-63409.8653974429,-2171.03944353986,NA,-7372.42439550433,-5982.83611395303,-11880.6381005798,-29518.8511617698,6217.53516708869,NA,-514760.010007778,-5510.12230283851,-40866.9737813128,1370.55284818387,-77632.402965379,-13643.2232963281,335743.444721102,720167.348852659,4038.918630552,-113130.039972919,-44696.6438487871,-74775.5005198266,-33809.8027677318,-80754.8176682518,-280900.817101148,1171.43875578,-230628.893959424,-11665.9948087183,-94934.2416074655,-38055.4846949902,309797.688119954,NA,757212.980322732,-33.3353800677691,-144.92959541965,-10105.721568082,640152.883588743,-12847.7244475222,-57870.6206045697,-2572.02573500077,-577.398043930576,-15064.8999429276,1172.38488477753,-39425.2738947027,-5102.95920746884,17153.6738722212,-181.985773543437,-387059.488568647,6035.0462173891,-2191587.86598351,-36584.9588068421,-13869.979647827,-8340976.66195816,-15731.8725041409,21524.4713720615,112135.740877519,-523.436800422305,-390.615295279037,-170.717635419047,NA,26444.8873139675,NA
2016-Q3,NA,5220.90177334288,-5325.51505675694,-8370.02324411762,-32735.8555067595,38596.8726716396,9818.30658624007,-797991.722758503,NA,-8891.12794189671,-20189.9633296519,197124.67817426,NA,-27714.4414790042,NA,3953.9646809384,2201.53190845595,-583463.478546875,-1705.8345815175,-41549.3809181104,230144.82382633,NA,597830.12076577,-37987.6590380781,1987963.99577891,-129592.42741729,-27259.0100803574,-2626.39165184597,-28171.0089430681,-56638.3959851854,1303032.22856036,NA,125952.39454112,-46572.4302898826,NA,-16266.465977455,-9634.49480730891,-117407.583395121,-1070962.08975804,2994.82843617614,-3739.00642638812,-477437.970809671,-21089.8653268091,-20370.1484324938,-265823.250013384,-12850.8773261235,-1999.37388368802,1123484.14230916,-13788.3343298559,-39876.9402739435,-74993.2414454298,-341220.012488927,-554585.002783093,95365.0960576638,-373020.356142245,113.170199824139,-257457.96034414,-20374.2911084136,-37633.3350758855,3034975.51999818,-6926.91044262889,-16258.5239482131,835.673102710368,232574.887396919,NA,-41598.3010670186,-45341.4156736461,-330.167080711,-792.105018683529,-19941.5511555354,39335.4163020914,-15720.1992829956,-64493.620526626,-2231.11649862931,NA,-7643.09425230844,-6140.98413919926,-13059.450856092,-29613.5888985724,6010.32482233258,NA,-499594.065885501,4020.16608459697,-41712.1076663672,1568.21962978802,-72215.1264429341,-13848.6637419421,378193.763229323,743700.72065528,4199.00309054543,-118843.177342296,-47425.876264088,-77281.6575316285,-28555.2167283141,-84578.9685860615,-294829.567255886,1275.0,-227966.351421622,-11651.1665316887,-98694.6508193025,-38304.3748267668,299661.06534926,NA,739786.624388825,-63.9300175104865,-116.662108780317,-3989.87322960673,697193.71590411,-13007.7935220468,-58747.9791182624,-2718.30302094722,-593.447873537663,-16041.8227407026,1113.08584046938,-40215.8091022827,-5067.24553928323,17222.8209078032,-155.749203477201,-384549.517449067,5780.56090963679,-2152688.37200377,-38118.8718573255,-14134.030425444,-8104523.41478139,-16323.265258589,23274.7222147475,106602.409025299,-556.381560035754,-383.606992846646,-55.4833158071599,NA,23085.9033276985,NA
2016-Q4,NA,5367.61363076418,-5086.9044171643,-8309.6560984451,-27153.8324177655,47599.8671971473,10828.3348193842,-743018.388600937,NA,-8236.25223617656,-21474.1221027637,247241.664930381,NA,-24429.222722702,NA,3717.87572279963,-781.170809626305,-566634.40211026,-1728.83961505032,-40822.643147941,304009.255959473,NA,608535.95294103,-37819.5759290022,1984889.85787321,-129983.261252707,-28523.2088616953,-2405.15993472715,-26739.5695532032,-50872.2263631949,1305712.16673208,NA,138396.104244067,-46508.274931224,NA,-17349.4303131955,-9115.28814855102,-123710.863348139,-997825.812251963,12230.3191426218,-3646.87645885647,-447654.373015017,203717.694294559,-20128.7857379267,-255911.180127093,-13794.0814207974,-2025.85553732981,1153824.12519137,-14338.079313958,-37448.8659580988,-66405.8871773032,-333781.815446135,-511730.442002289,108945.627042847,-367344.840575303,644.382199375346,-216883.255367284,-21162.1347711724,-37883.9286503682,2879243.28952125,-6929.66225942899,-16822.7979558898,825.608925556518,281137.774295301,NA,-47000.9015877022,-44591.3714441389,-373.173342271205,-787.196730024297,-17633.6700642723,37135.4230751731,-14401.0475372767,-66227.4184586404,-2131.10403740469,-7139.46623149643,-6831.14855838266,-5878.08144534251,-24085.4246771288,-29343.1254020391,5309.47351755873,NA,-471261.259907436,15648.365543186,-46154.7200444441,876.268561258279,-68171.0988508211,-13949.2946821425,303066.162124794,744173.81839625,4305.82679182278,-106896.623732786,-48352.195409839,-76612.7944517508,-27993.0813576911,-89981.4144529436,-267890.041586903,1173.0,-217918.860837158,-11161.5047019988,-90740.6174591689,-36522.9465207459,219665.907077745,NA,710161.983950842,-44.6993770346344,-81.7640473469143,-7711.79245848413,709764.033401637,-12275.5159438429,-57020.8923460619,-2793.9348282573,-573.08203141985,-15894.3197667513,1170.34730214634,-33115.1640755355,-5102.77092230746,16600.1878485637,-131.749478467275,-338621.912411408,4967.37458882427,-1957875.36771559,-34903.5271555015,-13359.8823340288,-8258387.16465375,-16115.0158916853,21367.0738591372,106985.539807308,-502.745976855237,-374.983051952968,-85.2090836225557,NA,22221.892503367,NA
2017-Q1,NA,5457.37018248681,-5424.61920600311,-8102.07575158028,-29344.8650103366,39018.5438015384,11950.5235138434,-778806.923406486,NA,-8507.13345688879,-20774.9991812786,258286.345427471,NA,-24894.9547196073,NA,4014.241654094,-1340.18011819972,-617781.451586567,-1936.93585413192,-41704.7008678402,388163.047706571,NA,593005.527549592,-41514.2063294046,1893346.52306919,-133801.157642431,-29287.6933578088,-2534.29995267939,-29488.5438679878,-41330.6502607666,1495874.79554792,NA,154436.154133929,-47392.5424661241,96085.0906276326,-17884.4641457421,-9152.55499141274,-127549.139967056,-1037198.92351876,4604.92492579396,-3894.25914888442,-551088.518483938,103083.229487379,-21084.8012480259,-261739.866984675,-13264.7281006022,-2081.76005568056,1188943.68367899,-14522.5278839099,-40021.3681004315,-66223.0630431907,-318248.78119148,-580889.549401979,112655.944672063,-393941.899896072,101.816789207355,-192940.906342647,-21298.111746065,-39222.4540252552,2908328.15071822,-6908.16481938507,-18747.6766021047,917.581055489933,245708.154219663,NA,-49973.4967843474,-45318.7555379041,-492.397709569937,-819.454367216149,-17778.5029059786,25466.9011280933,-14474.477620671,-68926.2436289971,-2242.67050203391,-7379.66346659771,-6806.43882327952,-6092.00431800325,-25228.6047196948,-30254.8348136674,7594.45505003054,NA,-543466.421985103,14972.5961178759,-46918.4573129709,1199.50671954986,-70506.5465162282,-14017.7627155257,311555.758649967,790598.597717892,4018.89330520946,-103454.546189664,-49232.2553018535,-77017.780007586,-29759.2450699071,-94632.4434606952,-292906.741597716,1415.0,-221631.418312853,-10497.2472520528,-94335.819949271,-37627.4278561853,239799.954751629,-4074.6156123236,725602.760059981,-76.1296286526974,-363.712440342264,-32716.1582156818,751848.421568135,-11739.8876675328,-59319.8618501505,-2882.79217371608,-569.07593781772,-15908.9306257953,1161.0938427202,-30599.8360315856,-5130.56094036123,16980.7985896017,-122.100257541732,-372533.84469513,4375.02009951471,-2026059.64623226,-34167.8657127118,-12859.8635891897,-8091781.01172995,-15354.0798563512,22390.7736011973,NA,-509.78545073036,-359.07807041062,-60.737655746725,NA,31742.5613834736,NA
2017-Q2,NA,5490.10218503286,-6075.35305578775,-8349.08184348108,-31442.1653913154,35780.9458583416,8354.81187805156,-775322.759268557,NA,-8941.50195483195,-22178.6745711389,257804.585322847,NA,-26566.1413115498,NA,3956.85268916658,-2049.00690722671,-575270.680170153,-2044.3241138523,-41490.4025751802,432919.294319275,NA,605792.259562775,-39034.5729679798,1900038.27429547,-135153.567933487,-30087.97877913,-2712.1177559616,-31865.8577847704,-52504.1614896944,1620583.37501937,NA,145039.396862179,-47624.934558818,92892.2002721803,-18609.5714913476,-9542.59059138812,-131043.508153392,-1143133.98449542,-260.437654446668,-4025.00757087777,-630310.982792018,56577.7620354315,-21875.3411365114,-287123.787683807,-13367.5578120152,-2254.24694594288,1234893.98101654,-14810.0678818702,-43200.7782437539,-68919.3602294005,-322422.207838289,-653691.612438915,113979.464998254,-405816.369011771,-464.515269405023,-191327.886334561,-22464.0955526008,-39634.658046805,2956465.86627215,-6950.29460343102,-18925.2252244908,937.441702001183,235188.603537742,NA,-48557.6004380434,-46586.6610010409,-548.909455913256,-842.280730906833,-19184.6335632873,43446.906792077,-15619.5403961709,-73355.1024378003,-2639.70620421117,-7937.65690506538,-6909.01732714951,-6720.33715892057,-26867.2949462909,-30984.4803385978,10538.2555294958,NA,-570725.955336443,8227.15054134315,-47250.2290268382,1171.51569933141,-59196.242049882,-14292.112142438,325169.959770057,824214.998796218,4129.83102169005,-109864.353082827,-50713.6497323649,-75797.0740579133,-33881.5667056334,-99795.2516015337,-321893.824351231,1102.0,-242452.935663504,-10782.0437067066,-103418.762102006,-40091.6406462831,290073.151241118,-4235.15437389179,718839.931948029,-60.9094778921052,-494.180312171046,-41930.2292898669,809592.987323409,-11971.6567205864,-62917.163278936,-2897.11814836929,-572.429907975172,-15882.3684633709,1119.66426360244,-27898.5494021092,-5006.06241432938,17191.5400208543,-121.652971097496,-414262.67061125,4548.97116972028,-2240838.14406995,-33405.285411162,-13447.0528470573,-7959438.91607846,-15921.0958673855,21836.8101228891,NA,-484.330270202846,-363.471659443115,-208.304294281707,NA,48018.3306916524,NA
2017-Q3,NA,5663.73911277401,-6489.21608671901,-8241.73516297946,-28974.8045204965,22866.200618966,15389.1490708423,-796176.446174727,NA,-8883.10392363863,-24651.6250957113,259551.649741432,NA,-25217.5653559385,NA,3552.71226484144,-2328.0188091057,-673153.654656837,-2016.20829788457,-41037.1269190436,453633.884822402,NA,682059.710252784,-47240.4609950247,1865258.48894859,-137779.301561392,-30654.6559729069,-2812.23532308128,-32344.1329637654,-57785.1704727353,1658686.14971345,NA,165283.143748711,-49056.8060222611,90369.0169578794,-19834.7389939902,-9788.41849816955,-133540.57976104,-1170458.87797813,-165.567199933291,-4040.67594907449,-706461.830963094,-66684.7765581342,-21958.442836605,-289379.305726757,-13631.8856635282,-2252.4158471764,1346470.99935313,-15062.0368942409,-39944.0768159391,-74291.3287872434,-312509.200918846,-649048.680710675,134028.131049824,-402811.235960003,612.457935311643,-188624.66453127,-22189.197547705,-41303.3220372654,3003474.64815883,-6811.76241651586,-18985.6176902195,977.770100148134,272705.541626647,107125.97912244,-50787.6761956928,-46415.0828063108,-623.121992471723,-853.02394481663,-19777.8859341364,49372.6718862611,-16456.3184067697,-73630.6820778864,-2872.55304067748,-7944.13601412192,-7318.83692352442,-6878.58133437631,-27977.551773602,-31322.814056701,9644.25440825311,NA,-583103.526370517,12177.9970740328,-47574.628363274,1720.21593776672,-65111.3786531323,-14629.6109090798,314090.826512983,845343.121474423,4267.74255892166,-108025.904092979,-52790.1910486073,-76906.4000427758,-34979.4247566598,-102603.117149702,-328557.026654757,1195.0,-253356.95009206,-10426.2471064127,-106855.866133867,-41631.9452283279,277083.987286953,-4473.14850224386,722434.593774334,-83.755522338851,-357.699880493795,-47914.4866888913,846891.669901537,-11840.6275329154,-66600.0449191779,-2976.9173658725,-592.178703950128,-16509.0006072308,1157.31653080671,-31576.2404092331,-4914.06171255497,17458.7157695118,-127.098490336651,-434865.571261197,4016.03999429205,-2372990.57909343,-34899.1233142916,-13782.7321924174,-7743741.97044657,-15709.7333443462,22238.2640210324,NA,-427.311015644982,-344.99440494097,10.0207004623828,NA,73913.4245471972,NA
2017-Q4,NA,5902.64078816045,-6465.38080976306,-8751.49290301364,-36935.8400332518,16855.4034242648,16242.3461473594,-820145.354279624,NA,-8918.71528381482,-28664.0997737004,299072.081653296,NA,-27455.8140291606,NA,3487.85887128952,-2358.6224114154,-645232.326720337,-2277.59680148655,-33311.2862321823,611153.417038316,NA,697058.294313506,-51774.9790524909,2065230.32683055,-138987.352870912,-31342.0714884286,-2852.30813719348,-33274.5368354907,-60003.7961473071,1758503.6573562,NA,174547.050229058,-51628.3761154677,86373.5926178062,-21169.4360078027,-9531.39725853509,-139669.499656784,-1183934.69897583,3208.42885086366,-4113.21755381114,-702666.597184403,-82319.8264339362,-22668.4273265699,-304205.147028936,-13598.0322063684,-2337.08237612601,1421161.22596279,-15205.0872755989,-40492.3968363754,-77079.7066616892,-323364.779635177,-627483.654504901,144704.872898013,-426692.204701502,826.535750485044,-186295.201645394,-23112.0612252121,-41436.067425194,2916644.43220295,-7291.21319866024,-19173.4775888917,1035.44801136734,261710.42456304,114811.486150537,-57973.3824009544,-47856.6550078321,-645.158061684303,-922.398499491035,-19041.6133713956,49315.790171767,-16545.4773282769,-75391.9757100305,-3047.790603531,-8370.27501071168,-7519.02630747472,-6982.58104782365,-30037.8243066749,-32023.5021764115,10725.1222942614,NA,-541114.803910942,-7472.70047028773,-48741.1834640015,1950.21016444284,-62894.924023958,-14782.8235161145,361965.231040277,889716.721924613,3758.96028225535,-106424.664561161,-54666.6831947129,-79149.2481946567,-42708.5419863981,-103901.909418162,-347951.291017558,1373.0,-259484.710091008,-10737.5566551939,-109176.14679722,-42663.7062633701,280295.602758819,-4596.81440865537,725672.214093499,-59.7865509572307,-446.753301642074,-4227.10414567197,861581.768853975,-12492.0888257449,-69164.2473972528,-2991.8836013253,-616.49138302411,-16478.7694284306,1246.16770233025,-50286.0669945782,-4884.47233977825,17703.0498826614,-111.152643634727,-445213.553981096,4658.97003533851,-2241667.97263126,-32275.6309940029,-14490.1666318513,-7830723.59630209,-16729.9032504381,22616.1076001101,NA,-318.904250498884,-341.869396433521,-113.377381806599,NA,34533.250440471,NA
2018-Q1,NA,5949.11571082209,-7069.97744818026,-9131.28718359297,-35242.9454694801,20105.1920395081,11639.4966864477,-779670.190206272,NA,-9290.47928992379,-30218.4434239484,216250.923519114,NA,-28557.8786994891,NA,3665.22674358636,-1849.07656507442,-722223.277235788,-2457.6167870847,-34512.4834756667,656821.502390368,NA,744379.43977171,-55424.8482006116,1842100.49867676,-144745.537563448,-31670.8735954169,-3120.47366521401,-34340.1850741488,-59392.2848163202,1928783.24713974,NA,200351.291916882,-50591.9082570525,82769.1940577309,-21757.04798549,-10100.707221222,-144747.071222496,-1227995.92099547,-11050.7465111985,-4283.89460098748,-814079.042353844,-29678.147202859,-23808.0117684212,-316623.830324227,-13269.0849766364,-2203.12775240554,1492540.40726246,-15300.8645031569,-44210.3794797468,-77225.9244060995,-315239.764200902,-686101.770889066,146203.061572325,-423585.75074852,1577.49362386639,-198101.152019819,-22685.752124635,-43243.6777329715,2939132.64758997,-7047.7985034186,-19516.5065382003,1020.99532661381,290474.570084702,113845.590249119,-59897.031186562,-49427.1570783019,-518.698409048441,-799.971076030596,-19641.193719857,77179.9462414625,-17135.97998911,-79820.4550688753,-3339.63465059201,-8919.44851103828,-8505.58513027139,-7540.2872233863,-30801.7064457966,-32677.5919546155,12376.202036918,NA,-583471.462479752,-14103.2104591287,-49713.720897926,1374.70305432426,-68952.5693386259,-14792.5460304709,382783.83567378,888918.727628589,3228.2485751432,-108196.588156535,-56146.0159126399,-81098.9755807996,-34088.2776408907,-112186.780324106,-350272.577695974,1054.0,-272952.021608851,-10094.2259487659,-114879.722297396,-44567.4717585026,293714.070309208,-4908.20576001609,716097.69127735,-35.4381134137022,-434.377300418025,-781.537496061177,830452.512397151,-12006.941355462,-73257.6454679921,-2986.92476949958,-321.227756417763,-16814.5026585365,1199.36172233418,-51908.4300863737,-5047.8496626595,17507.4039707744,-147.308730045761,-424197.41964927,4229.00224860881,-2279985.84606612,-32565.0864278839,-14871.5676443033,-7944390.31565725,-14651.3191257062,22599.1988314422,NA,-247.853430407609,-341.808754251294,-135.478910397649,NA,28911.0935056777,-27106.5842842295
2018-Q2,NA,5805.99102412937,-7127.52570823895,-9055.87920063792,-34428.9042432203,52478.6699760244,15800.439809235,-780558.298651873,NA,-8769.3510356495,-33531.3891899568,223017.137742761,NA,-26589.7091860446,NA,3982.40844977886,-2766.49130560139,-498785.585644338,-2362.04715667552,-33544.4332204324,646031.596882224,NA,759760.517312106,-53008.2600366353,1999274.69819054,-146340.089522781,-31842.019379043,-3009.89061025775,-31532.8195345206,-51775.6952538952,1952918.16810063,NA,198933.791632912,-51001.7754428476,77024.1621820841,-22950.276772087,-9213.81237633437,-147298.106732138,-1163984.38882075,-16554.8033562882,-4438.51723203248,-769546.687030284,-80583.1162881772,-23668.2430160881,-300665.810604263,-13095.7798145575,-2217.10313232708,1387034.06766244,-15521.4506771534,-41108.8594252215,-66697.6981649401,-292513.528634578,-623898.235131583,133766.473825653,-413331.792362104,1714.93265966894,-110442.275413778,-24637.7096867608,-43984.5155645384,2936435.82860431,-7364.92091360615,-20137.1612342235,1012.11067212524,335348.536433607,115241.941636863,-61076.5406170605,-49216.5057728849,-594.651693227899,-726.654229296473,-17605.9508254356,51021.2344631169,-15495.7518022314,-75563.6295189107,-3453.95771994576,-8601.78081216003,-8308.51682445142,-7161.72891544257,-31371.7089444599,-32759.8875990521,13028.1916346138,NA,-552563.927559335,-16070.0561127106,-50512.3952481655,1077.20018198641,-57495.6509479953,-15039.2986122331,360402.374216995,879796.008947843,2557.27839522365,-104234.739310339,-58546.2530638556,-82562.4461203883,-28844.9341722457,-115178.977528037,-310762.307360032,1492.0,-259906.861329928,-10196.4596528039,-109071.69249782,-42731.5515122755,315498.072588037,-5005.42482581733,723974.670030043,-14.1788250969866,-422.507879013991,27861.6217991392,809349.767189977,-10570.3258819646,-69638.3565802034,-3026.18112505323,-355.286179389226,-16667.6264770904,923.276439326887,-16524.2304748685,-5149.76670267742,17476.2653277517,-128.703379107249,-371449.87738625,4107.04287918729,-1952337.64659817,-30627.6684469187,-15455.6935629047,-8915228.86350057,-13925.8847750698,21756.6990490627,NA,-265.222758494251,-313.282155033001,-283.270744849205,NA,66120.4132006267,-25714.2982308773
2018-Q3,NA,6062.19945635842,-7058.64219465202,-9120.87004047774,-31830.8194148644,71434.7024274895,19636.1959645361,-746861.981504841,NA,-8478.84308583865,-34749.9765750846,220194.851881087,NA,-24971.2713970926,NA,3214.30478554136,-3281.11454451609,-509519.387606229,-2197.06915977897,-33059.9587002959,685449.667679774,NA,740658.407743649,-55786.2776899437,2082055.3632443,-146900.55047547,-33029.9295378995,-3067.91027205018,-30558.0297130479,-55006.2342624491,2016870.59776571,NA,203755.663006332,-52086.2768343592,73376.6879883442,-24285.5023279005,-9068.33862875876,-150913.989330517,-1137417.69006286,-14145.2033721885,-4495.8539028769,-785125.279652324,-12336.1786876764,-23117.5044259253,-297144.473981332,-12618.6053754829,-2266.22238915542,1279671.42335425,-15742.1782999321,-36331.7742446918,-68678.7653027623,-290978.366959177,-604158.675609609,131438.528654685,-394063.941235956,2965.99604696842,-70056.3397833399,-25138.2864405839,-44576.8206439232,2919907.12717246,-7499.1701266707,-20328.7902327693,1051.38861113707,358555.832771094,111782.339897931,-63158.9585185736,-49833.1970493131,-643.869594090548,-765.396966611868,-17385.3850408364,67567.5729300773,-15342.7691415116,-75189.9787924157,-3744.20396021024,-8298.20859289286,-8120.78862937895,-7169.61588129901,-31555.6688025782,-33283.2857776111,13620.264062133,NA,-607276.67216198,-16924.5856445837,-51095.7032566651,1656.7714492399,-59956.5278214485,-15379.4818592889,401013.201626219,890822.837970676,2480.48947057094,-103957.599752456,-60320.5733569585,-81776.8573977498,-34931.1319353313,-117126.356092617,-325462.371537162,1433.0,-254071.584770209,-10836.9212927904,-111612.218413959,-42886.8888044798,319364.221990395,-5098.16673880834,738132.049435116,-10.5374337944516,-440.465292008737,11418.5209679968,715593.923557917,-9294.80121883809,-70951.0080121303,-3044.75516271882,-365.819205606737,-16040.4744648933,820.931614786177,-41264.9222565699,-5240.43786714402,17672.9436441852,-129.264287133157,-299493.061862632,4274.99586084006,-1739304.55609058,-29293.6281070492,-15838.0578992127,-9668233.90579824,-14373.2063193011,20631.6367959384,NA,-215.174449117461,-302.942200664932,-127.234208263379,NA,65810.4028750435,-24004.5862807949
2018-Q4,NA,6322.95257319043,-7251.58187869968,-9398.2417289971,-31412.9825327307,65079.6334286556,23702.0412489656,-762173.986941558,NA,-8257.1867214695,-40699.9831899968,180728.831021745,NA,-24194.0636196046,NA,2630.55521835386,-4305.1638540724,-595353.174680218,-2370.52252720475,-31842.96206616,451490.419744719,NA,806485.07867695,-60001.7603259264,2107502.442265,-148192.802193285,-33333.4905517308,-3032.42460480777,-31196.1302939198,-58884.4990019892,2061142.79805901,NA,201127.727198345,-52433.6511055583,67284.7223512958,-24880.5781872608,-8914.91990645094,-156952.748914835,-1082426.42577314,-13187.8643946927,-4736.23384693477,-629456.917104145,-68236.6700150522,-23200.5380903137,-305597.179206083,-12573.6103273228,-2194.64166235285,1282530.99173872,-16318.7720242365,-36247.2002181804,-71150.5574218294,-317051.233764152,-698895.253204648,136609.595358233,-433861.683002121,2581.08512737106,-105213.391456263,-25688.7028815205,-45281.8805927084,3080380.81488622,-7408.56540688811,-20206.5458701747,1004.3878494373,436189.765595989,112705.900658567,-63805.1782338298,-49294.5570264666,-735.814106689137,-836.357528727396,-15815.15249987,33540.3444604633,-15162.0289748475,-76707.4854094354,-3971.15124218549,-8690.03268992219,-7814.00593904064,-6917.44229233155,-31752.608294741,-33622.7244306702,11856.5625123163,NA,-564105.686967875,-17543.712935687,-52905.1510916917,838.597343549055,-67158.7732222089,-15505.3632838429,465815.624945168,811014.949985744,1911.84674173677,-114276.124488439,-61696.9328415369,-83863.2002990416,-48556.2331862752,-112631.583843133,-313963.491966093,1659.0,-249717.980116479,-11440.8384966802,-106860.149496696,-42987.7504557741,374402.096485818,-5144.83233256916,745124.521336673,12.0931495280257,-421.879878718053,44111.131793685,675848.454299337,-9962.37733106281,-71426.1147655564,-3060.38297733347,-371.216239256227,-16709.8704953403,808.179939626053,-26315.8708740656,-5103.48417633195,16823.7940141877,-116.399871621192,-325922.199784427,3685.95083270841,-1657315.90204279,-26438.3618436333,-17213.3861006377,-9795820.78244126,-14741.2361046628,22070.7939247931,NA,-126.941106427013,-281.515430450435,-448.494675820836,NA,45100.2120957675,-28918.6892365844
2019-Q1,NA,6321.15012814456,-7349.45367631668,-9502.23064156202,-35109.9230099188,66207.16045133,43124.2372878135,-759448.263262116,NA,-8110.54547516205,-44256.5418199104,222164.686427275,NA,-24012.3154777595,NA,3043.68206582636,-4813.56582333899,-634637.683652764,-2457.18086198714,-32562.8580851025,458251.079155529,NA,763146.895545445,-57452.8906888254,1915922.55162959,-152896.268682688,-32675.2518725454,-2927.28018554826,-30394.7794187202,-50129.3420881049,2159549.35453485,-2150.92688281711,209860.337222638,-54119.5954773794,59850.5891972705,-25723.7247241093,-9861.13322270859,-164367.07804315,-1052275.0594872,-9746.39619528036,-4890.27045299161,-667931.665936499,-162039.961185487,-23673.9744066842,-302889.577235146,-12207.7281281105,-3827.16690754694,1411261.41110102,-16829.9762645655,-37518.1441588221,-69548.6546682513,-329236.172428067,-706457.927621174,136939.577893496,-441850.273171809,4398.1149992593,-92944.8767544226,-25104.5410025518,-46243.450599409,3209757.95087487,-7525.12665761137,-20308.8134686284,1091.99114315574,457251.896373334,107949.764816845,-63763.1505055101,-50146.6612456883,-816.941208532088,-1015.19609835064,-15433.0212474885,25497.8032892702,-13923.4746252077,-75222.0247217023,-4047.7856789587,-8821.27050266351,-6711.2227459977,-6884.80849771058,-31673.5395967085,-34376.2540200054,13563.0968400523,NA,-605401.428709965,-15356.2707264225,-53495.5227543714,1285.28747679599,-76810.6559151255,-15589.9687535821,505191.571576823,898213.252830635,1811.12226277985,-112193.887054574,-61816.5522857502,-83957.2990845685,-42532.6522108511,-115830.064155575,-309227.801432952,1724.0,-246540.390744524,-11546.8129031542,-105253.267769537,-43096.0560913139,374433.44224097,-5380.88617788596,766294.6025514,5.09193771013451,-417.544571598693,70206.1463450246,780551.180976604,-9589.88200025118,-68375.2594531922,-3281.71802246871,-344.873044772954,-16948.4687526404,857.314297085748,-31191.1909906039,-5707.64758131159,17581.1310124563,-118.553605730988,-298968.335815063,4676.68724686318,-1460242.64904162,-25362.6145702461,-17657.0983330719,-10349907.2778972,-14716.8580216985,20811.997725056,NA,-89.7190633320192,-261.607620305369,-369.635301963603,NA,72805.5578219997,-26842.3023873378
2019-Q2,NA,6403.21591425291,-7798.80063120288,-9541.85409857908,-33500.2180901078,63547.7049278058,42255.290367989,-749872.950110771,NA,-8256.79055458124,-47279.2774085457,217595.448279766,NA,-23732.6576698665,NA,2673.99784836136,-5207.73735574347,-689020.89571711,-2561.60122885343,-32406.2475667823,429917.917631071,NA,725588.846135219,-55416.9537896255,2005713.03344774,-154456.188470326,-33682.597470602,-2998.9800674341,-30784.574086737,-51775.7418028079,2194276.39663098,-2097.65104195464,231978.310628388,-54595.8117097697,55092.4223049924,-26036.8095674465,-8913.46510955225,-168662.387170433,-1057184.96725935,-1000.33675481535,-4907.53484392148,-735506.120060429,-115068.068588779,-23543.1991649019,-322283.55085721,-11678.368531172,-4149.89262591359,1445179.99542321,-16699.0648761907,-37364.5499107762,-66411.1400644432,-327501.669397922,-743661.118777133,148162.39973586,-457422.690124452,4210.47964455519,-74013.3307804926,-25948.6389679454,-46649.286671114,3310146.99659717,-7418.91702694475,-20689.8080413971,1107.16802440055,485058.690221252,89253.994622209,-64104.5782170688,-50168.2515796755,-850.35306738162,-940.096438819193,-15319.0482106385,30182.4683899153,-13968.8917098212,-78575.1358364187,-4250.59799691373,-8912.03286928014,-6697.34814508642,-7049.30498590207,-33100.6670941855,-34493.1252115774,15820.3003561671,NA,-608734.162381436,-9088.38024954231,-54588.2552339262,1636.00192880919,-72740.9938641477,-15638.0771738038,567465.695002982,941301.758806903,1640.87971221893,-112822.859686843,-61005.7584405449,-84739.8129192882,-41708.7313948689,-116412.57813496,-318997.40262889,1921.0,-250669.339005276,-11280.2934027681,-111122.973800122,-44384.7128586179,378985.706359731,-5682.89955431874,772289.365682191,23.4255136464748,-412.027908243589,57034.2638433602,854931.252837623,-10510.3978922392,-69551.573006473,-3380.27244646524,-343.37348444662,-17321.752311306,812.74983113021,-44179.8382725383,-5589.98710110572,18198.5693436981,-97.1145542974164,-297861.465253748,4353.16003260674,-1631531.52579871,-26431.4338433092,-18362.9553019887,-10738701.1609893,-14484.2232391707,21193.8962180047,NA,-87.256300448852,-242.2230799897,-498.382457816429,NA,44351.0504856452,-28101.8011447759
2019-Q3,NA,6528.95171131092,-7340.08005892035,-9506.50667361306,-31008.9827098758,117555.342880048,44270.5618554337,-720853.706080108,NA,-7501.99840820475,-46139.5315006189,226990.058730202,NA,-20726.1505797323,NA,2396.70817309137,-5947.21440478418,-643452.788300651,-2480.38106766545,-31104.6220751972,434313.096932435,NA,679950.168492825,-57117.0182355168,2130199.62005706,-153771.450109976,-34783.4140918574,-2930.96748148178,-28796.6776056218,-46987.2351593662,2200643.98394485,-2148.60925012402,242753.33751329,-55821.4449199156,50462.0627127989,-27110.3408076247,-7648.71206157392,-167645.048609905,-1009580.24786831,-2674.13557071019,-4777.89097847666,-726937.240958306,-137305.376232678,-23199.2778306742,-308614.289862646,-11470.8699997682,-5809.33346480255,1468981.02536585,-16529.8186870239,-30649.2413680159,-60987.2887178107,-324880.841165683,-721735.812149644,150518.73634683,-442285.106514532,4875.78046201868,-98009.2872123906,-26259.3853362933,-46216.6136498663,3280130.31513784,-7173.99214402561,-20668.5062797665,1333.11314283686,516335.298389935,94766.5094739299,-66389.1165346643,-51336.7428452846,-850.329767120126,-938.884460688197,-14362.7443391378,48349.2040259189,-13722.2422714803,-77405.9217773185,-4602.07556404744,-8135.31910701038,-6562.37040260526,-6840.03563820668,-33212.0900770914,-34803.8504887916,16055.9174543983,NA,-608911.244798126,-4844.92139954521,-55542.8669958302,1548.6334398196,-82038.1268684172,-15369.5917403685,651636.369824042,945876.898696463,1796.53538475045,-108673.482433944,-61776.9926666853,-84165.9355308195,-36686.3465088565,-115487.485369611,-290683.095731352,2114.0,-232818.243880659,-11445.0879932592,-108283.337457199,-42970.8831568551,384455.321711794,-5873.23559698026,774888.170084925,-20.7125765779018,-415.43954812132,88448.4966004447,889331.460770552,-11122.9974791218,-67749.6712441244,-3477.40176231147,-458.3909341821,-16998.4365358185,756.371316181671,-34751.5785732577,-5588.0704083151,18297.4539097381,-111.642627542019,-311224.763722698,4559.23135554352,-1386683.26399381,-29625.819003396,-18710.9646661877,-11520385.7149845,-14945.4989131187,21220.2081180008,NA,-69.032534297683,-238.555952296458,-299.894882235086,NA,31829.4153269521,-26488.9809291875
2019-Q4,NA,6763.78315324935,-7491.70083789359,-9717.0638201099,-28746.210257058,112688.627938677,59241.2724179187,-699910.536460589,NA,-7535.25866147712,-48313.4787420695,254096.769210551,NA,-21245.1207587702,NA,3305.36068959136,-7255.09801618523,-785695.056278976,-2414.90320814893,-31674.1495030816,529085.25094103,NA,683487.78512329,-43683.6613692384,2299587.62266382,-157982.612234332,-34100.0753104805,-3006.67347659127,-29749.3018286365,-50827.9566687448,2324321.81635686,-2199.21961066902,241057.283208838,-55933.2877573769,47719.8943652216,-28214.0817966773,-7073.52380921453,-176013.035135247,-1013510.34018488,-2171.25786302062,-5274.44585637414,-770888.39070818,-322142.365689591,-24171.5287910127,-317369.308942343,-11497.3870101513,-7254.41855270581,1579192.35937754,-16614.7869347561,-32036.1907921008,-69723.0744199672,-337919.482819565,-771157.155473242,158044.060684748,-430301.143764897,5491.68471759414,-40558.4690855911,-25849.1842956139,-45628.1050793124,3270455.97832,-7512.31317371612,-20734.9389768872,1413.64543813546,517765.040945604,93856.8436784905,-66029.2357305928,-52268.2473698137,-908.091666493815,-918.453835726213,-12996.4800734656,36492.009209095,-13758.2031900799,-79264.0724044058,-4765.90837852638,-8833.33025686253,-6792.90790964325,-7226.09441048243,-34351.5978170892,-35840.8823144415,16625.0585151961,NA,-630400.379273533,-9492.12636841218,-55983.1757969173,1665.61014176786,-77566.7052894142,-15380.5261102361,647806.13700776,996362.716793774,1544.37795460397,-115649.447462434,-64335.0006103759,-82514.2653849746,-38769.1329264628,-115006.391489105,-299811.628660167,2098.0,-239763.007247969,-11283.1288684063,-110979.782021241,-45438.6791846377,359491.137943005,-6041.83053435028,775672.41554885,-40.7500788435596,-474.589128787712,74986.6622725588,886466.05845384,-8888.93786152812,-69644.6378005715,-3654.96887790219,-442.824271030443,-17457.1271105419,834.51452370377,-24795.836323591,-5567.881356472,18852.3173583092,-111.131837776263,-309529.728523682,4215.30820595026,-1256897.90475336,-27727.1855240287,-18487.103127993,-11666440.2845412,-14798.3507887391,19793.2706648964,NA,-18.1370001364411,-234.502191134418,-424.085238418953,NA,31119.8196194266,-32147.4796667194
2020-Q1,NA,6621.81883491801,-7147.73634869041,-9603.85477336455,-29193.1688429457,117583.568726051,62196.5647421211,-577491.629531095,NA,-7210.81951779997,-43605.6729036349,190315.705445755,NA,-17888.7068155025,25594.4077153006,3204.67381810886,-6970.76663884562,-430354.751706309,-2369.17430577374,-32175.2064093658,462072.831957101,-24392.3567357054,696403.696480948,-40757.5525645551,2309533.40418887,-150631.139451511,-34400.1520914889,-2982.58910089913,-29009.1695485172,-34667.1600301486,2337416.04352192,-2221.91038880469,197366.504518419,-53908.7059233611,42227.9319546829,-27904.1386373206,-7873.6121512955,-182112.270247806,-947432.973564626,-8150.84082106266,-4963.13990044637,-668871.223860992,-81639.1216520895,-22853.5674766351,-307258.752186038,-10454.0716356978,-7693.5783418606,1571877.73040538,-16673.7618520406,-31568.1127996299,-61751.384036816,-252773.645875627,-771782.46878708,137913.874611885,-379445.0564233,5272.06318187481,-77631.051935694,-24665.8467527845,-44897.5188697115,3327253.80581979,-7397.21027694279,-21283.9849092951,808.682414843432,576604.781711976,86457.7653575378,-64726.3598072117,-44984.6560056217,-1314.94220042582,-675.416738822058,-13387.5049661026,38741.1906656224,-13748.6087888092,-71740.2335919653,-4503.07705830009,-8288.49610857354,-6670.24052400353,-7272.07985967188,-33737.6380977554,-35709.8400451636,17324.3109933447,NA,-489704.819705893,7980.32870894826,-57208.4808848742,896.766247401515,-74601.6249149689,-15088.2158585468,718522.315968591,834102.767943527,1286.78928330952,-107813.474125529,-67127.3430562463,-83547.9407366118,-12308.9173104621,-109819.251516167,-262425.210936402,1763.0,-231132.015146866,-10880.1695017581,-101871.607939374,-45287.2638882615,521583.53965199,-6477.72755894802,737976.102886178,-23.4303815118246,-481.092439559101,57235.2330039828,823801.734660343,-9340.86449108911,-69174.218484259,-3533.27063485823,-465.524673060565,-14330.7027753428,391.145316918251,50599.8560200483,-5593.66556546042,17946.9450895596,-113.315313918854,-262628.681681268,3504.40473037676,-924473.646133191,-21791.1458464411,-18973.5286282822,-12608703.4672906,-13168.2933130504,20509.4310372491,NA,7.43576468330731,-241.766849339107,-603.836362147989,NA,89606.3040736786,-26499.8005836868
2020-Q2,NA,7091.2488896107,-7850.08477787469,-10243.1025383299,-29691.2886520023,120105.51281539,67704.6385163783,-726423.327943737,NA,-7525.1372019404,-46662.2573865232,223241.518044036,NA,-17138.6165936402,23748.80603143,3068.61722190136,-7162.72195375944,-434047.874981721,-2415.91086114217,-31288.2712548407,613201.182969628,-24453.6946940101,759737.525623706,-37853.0517520251,2376038.55087812,-153261.029794738,-35054.3268713489,-3120.21454997673,-29801.3965046395,-39188.7082899962,2357748.22518929,-2490.27467299677,209287.529251454,-55039.8464049635,39097.675768057,-27706.2686305379,-6372.02290920509,-191776.505471829,-998445.240108186,-15228.8304057188,-5362.38966637414,-768148.28317759,-91670.3851906542,-23946.9267338376,-315976.895045917,-10160.7799413436,-7692.48677780011,1744537.66978783,-16260.8533732513,-32465.0562351903,-67891.1199970651,-277352.011193666,-749592.890445587,156276.493485393,-352778.156098922,6428.51518899411,-33149.1549125443,-24737.5866259064,-46912.110476202,3417580.14077216,-7244.45478062965,-21038.3535245012,931.464399625981,562671.784084578,92968.5576063235,-67415.4077639121,NA,-1356.16835996017,-623.461374566892,-12448.5585522363,39583.8898116853,-13294.1778361244,-75514.4125914199,-4751.7776125491,-8906.05905023797,-5149.69931063839,-7413.38822388894,-34639.8853032273,-36444.7200440322,17953.3047454904,NA,-494454.580784339,11863.1532717318,-58372.6222163518,2062.93578865542,-87392.217730771,-15406.8454739571,749419.832935495,946766.581746768,1822.65091542627,-116370.987042939,-66821.4059895077,-78505.1081193508,-18394.6045996589,-113377.359989071,-266865.290328172,1871.0,-235351.101023536,-10724.8012412388,-109026.493821381,-46916.4659781331,484452.387497403,-6771.66953312944,713095.323593861,24.5994920913282,-564.853682756022,69737.6588902118,916307.728414941,-9253.82517081113,-69299.7569415366,-3411.26114508374,-479.665267404347,-14949.9227774516,665.036295845166,28128.8820597445,-5845.39700562532,18875.3574412639,-73.0663893536685,-310617.533098548,2844.93896481486,-978470.1883379,-22553.686957718,-19401.279892627,-13599446.5319554,-14149.5083389542,20880.0739841431,NA,15.0510828911876,-210.530801380187,-795.150522146482,NA,116505.656037415,-26811.892295774
2020-Q3,NA,7289.74274179666,-8265.60978536083,-10377.260232617,-29268.7248385832,121067.958828327,52730.7819287091,-757398.139956374,NA,-7405.50507031485,-43596.0555877451,224480.850304681,NA,-16631.9464599784,NA,3183.33593831886,-7185.63539983065,-394918.128859911,-2482.38471277066,-30160.358484718,647783.874331199,-24093.0606761943,860990.976423781,-33417.019144996,2328172.59915686,-152880.725582734,-35803.9428335168,-3304.65869718744,-31033.5154381099,-34944.2461914911,2474424.93397486,-2458.71565172374,205646.840936019,-57013.5559386973,35539.759288433,-26458.6559772111,-6307.81251036971,-197096.28793202,-1051726.3661348,-21014.4504487201,-5601.52272392249,-823297.439858828,-31862.8762878447,-24224.7076125219,-330966.074395637,-8928.31596724692,-8061.89956942392,1935668.42205899,-16071.9092308725,-31005.9606587752,-70371.4821592082,-259981.021014983,-780028.297220429,176576.103029382,-346484.453648804,7603.00086641297,14325.6011657633,-24798.8747932662,-47133.5095089069,3481219.0576892,-6810.22826511258,-20209.6019931304,1029.10956214991,564167.180921173,94265.781903828,-69327.591309109,NA,-1377.04797616206,-659.959417019127,-12204.7722499446,44935.5368074524,-13219.4130009735,-77385.8799606753,-5194.20062175378,-9398.60317204718,-5503.12412007453,-7872.72792986858,-35240.9921461001,-36799.4124012623,18911.0359830006,NA,-486848.84301384,15745.6775419846,-59258.2789140133,1999.66574859534,-87860.8250988246,-15691.1887142316,824229.257344266,1004300.7797508,3161.25504372461,-117960.26390313,-65561.5614836403,-77106.8625562854,-10298.1292624563,-115357.305586228,-273094.129011235,2432.0,-241744.268070366,-10350.899154508,-117657.135053108,-49493.7157905331,566670.456735469,-6828.27685171553,700346.205634961,3.43460501208776,-606.663614021069,50258.690317212,1003502.42103447,-9386.89225013471,-70309.477484263,-3449.7237443762,-507.541156238695,-14754.9235326936,528.18944527789,59750.4403891434,-5602.97869902574,19292.978817071,-100.479899642154,-323137.947764913,2433.280622187,-959597.477870113,-20925.8408680793,-20813.1901957373,-14460621.302019,-14323.2777367521,22139.2507046107,NA,-67.3462794184385,-189.522901358435,-845.370083976476,NA,110886.280069626,-25363.9249990954
2020-Q4,NA,7545.56127662048,-8788.79189709351,-10285.6485075538,-33739.4652555401,122824.127056831,53631.7002311782,-809754.240131974,NA,-7297.28534532889,-44081.3700412755,295175.980501108,NA,-17744.2492365857,NA,3977.97337819386,-7537.70382229634,-554240.061961629,-2651.10612386528,-29763.1879306851,884405.944417241,-24403.1333709794,907569.248878466,-31110.1032897289,2286797.90651389,-159416.535883755,-36021.3846586246,-3533.61805722129,-33994.8011479223,-43570.8245392149,2715979.02947476,-2171.01598771723,225867.841598641,-59535.6629750185,32362.0238137125,-26962.1554179942,-6791.8509445246,-202641.46872601,-1159882.77894778,-10300.1279077854,-5911.18966469169,-919289.877579144,-263063.127990753,-25215.4351409686,-352792.21877366,-8527.9574905666,-8154.72205680772,2121999.09133141,-15347.1959301259,-31674.4992015339,-83010.9041149952,-279974.608971503,-745161.746087852,185559.108555195,-352021.376715487,8244.72670543757,18140.7291482216,-25332.5545450957,-47470.6903421253,3470001.09362692,-6903.50348861154,-19701.2616295434,1139.11780315756,487195.045979851,117991.379219685,-71974.888519269,NA,-1467.68538544483,-553.864611924924,-11246.023284174,49220.3523287341,-12561.7308123121,-84840.6336598042,-5015.87671093092,-10069.5963209857,-5459.5405366229,-8472.48376310412,NA,-37326.5887870112,20225.6079565991,NA,-551880.169491209,20057.1016335865,-59651.3653082795,2495.96059644266,-84294.2877747891,-15493.8834620971,897765.983466894,1137804.17361019,2717.04925156761,-130342.969531861,-66358.8309586312,-75022.2190963173,-21332.7323998961,-117108.554885762,-280080.897725096,2859.0,-254265.916308406,-10786.3887752084,-130659.467158976,-51813.3169638029,516730.534380937,-7125.88317647372,700696.404514894,10.8212376024602,-586.27776294196,45732.8993416219,1073285.97333769,-9082.44922236152,-74193.0612297403,-3450.76210447052,-523.858532874589,-15131.277885259,902.683122282824,43817.5807923878,-5266.32605988529,20099.4576983262,-155.070905411879,-384683.348608341,2238.74942650391,-797410.571749271,-21902.5521787661,-19551.2486733687,-14721003.7167049,-16009.7878020577,20279.9478772598,NA,8.98161604869172,-166.24048201919,-971.724732032291,NA,112239.173303593,-27999.4308766568
2021-Q1,NA,7106.66726183685,-8609.16493682554,-10059.8499154312,-37246.3620940354,129387.297566771,65357.4172550251,-721415.849531917,NA,-7164.05388521592,-47036.4384010335,328242.450270658,NA,-15526.3785952498,NA,3966.92475751886,-7815.97786522266,-486503.622881864,-2700.16054879534,-30413.7628085225,915885.609527074,NA,993542.341538053,-34777.7885458782,2656437.37268894,-154671.292301464,-36503.0493378579,-3480.59581638802,-33673.4759352162,-34237.8596225392,2690047.7329749,-2143.26722104347,247125.85209694,-58434.1567414433,28050.3454723137,-26718.4239778318,-7034.35438151329,-209598.900599479,-1082474.26451271,5551.88134513537,-5908.89847532336,-887157.608909991,-458784.647661136,-24335.4990761354,-340920.559710536,-7197.82645253918,-8851.46613998229,2127851.55097848,-15560.7791084321,-31577.7711839209,-80859.0854559421,-267217.281541381,-733630.720144148,167305.106518446,-360484.285912143,8365.2223750326,26576.4110732867,-24911.2687152313,-48574.3205514784,3378826.03610021,-7208.91902232423,-24305.7000912963,1142.71656602701,504901.568145286,84726.6716283585,-74470.9934427661,NA,-1381.12473331984,-550.816468400892,-9625.49423581669,41629.0068819574,-11165.6270807475,-83857.62013888,-4810.46855624826,-9666.21842476789,-5676.021665003,-8098.88556052428,NA,-37352.9590932949,18572.9313281357,NA,-540151.158810131,24383.7663394769,-60565.0242444696,3228.54032635988,-88002.754938478,-15843.4749605583,738099.449106316,1171313.18808771,1712.4540478846,-116359.82678637,-66674.2365089229,-76337.1011618011,-16057.4977330597,-116663.348843266,-259921.096503324,2914.0,-242461.788648916,-10621.7843146669,-123802.859219077,-49696.0495090707,460620.559203728,-7308.61779561841,689762.244050034,-9.24118374568803,-613.10680198354,62325.0076495762,1068875.15035795,-5186.24948503321,-67552.2726807527,-3324.6370534626,-514.443903393056,-15707.9487126417,884.272113581954,25781.8460863958,-5371.63281275325,20269.017167782,-164.867027738164,-298505.781596994,4649.64454925966,-480787.326566339,-22387.9105572035,-20564.4042766928,-15050085.6142829,-14216.1834917136,18441.3830406187,NA,-15.348159375611,-169.617178661697,-995.369285604935,NA,101261.593061113,-26616.4071996748
2021-Q2,NA,NA,-8706.84551300213,-10813.796624097,-35012.2092330295,129014.898522765,72203.8680198216,-693968.555046123,NA,-7304.39235801923,-50130.179988976,357982.426685584,NA,-14975.559998003,NA,4904.15513806136,-7458.50230204898,-634693.947727459,-2983.0020825508,-29906.1378921341,983473.9765369,NA,988149.889630616,-24527.257475468,2721436.77726396,-154164.868735546,-36339.7671884006,-3579.86435408157,-34438.5709582151,-37740.4261680441,2793734.14859827,-2304.4291702042,250860.621710917,-58736.0999041443,28087.3469385942,-26282.2328664957,-9173.60226510872,-217366.60334639,-1064911.46813777,-403.01435082262,-5898.41372906936,-965008.236289595,-480827.161893982,-25600.9476153641,-366773.429227468,-7084.25013811524,-9057.40996574614,2239532.94616045,-14931.0404826141,-33046.2948837254,-88051.3388615323,-263234.584231968,-689630.566402172,136812.138485481,-336025.525080962,8985.14863209026,68503.6139027704,-24999.9504177645,-49806.8384251505,3546048.38683883,-7106.57669501258,-27131.1189328998,1222.56921146889,523837.612253835,82541.1739383245,-76148.8319954556,NA,-1322.79773281985,-628.810935842266,-8502.64766149901,36708.318291882,-11261.1902841059,-87359.4636229215,-5103.65843738143,-9804.40393633667,-5745.03828405958,-8335.62977279028,NA,-38015.8219890436,18867.150140622,NA,-561861.500179323,26658.0212822088,-61372.2381650419,2812.86073783327,-86704.8884922853,-16043.7789322566,778585.549027875,1257560.61779784,422.01868845177,-109932.979503089,-66333.7534296198,-75510.5351215977,-23858.3848572718,-120057.453453593,-275186.347339863,3338.0,-243193.842206867,-9714.25345662938,-130059.98052931,-50826.7909965526,463070.978169984,-7560.10294525955,683109.704898161,-45.3138462681704,-601.764078086203,103992.919336162,1117912.6262642,-4940.92696716459,-68087.1538270661,-3282.4561644565,-531.065169916773,-15552.5029195143,999.049138254885,33931.8088560653,-5349.3004933378,21095.7177703385,-145.486963373833,-267696.387583553,5248.30594542742,-356290.302525051,-22736.2805390169,-21508.2634689767,-16098812.6344048,-14161.6440787318,17733.9232657004,NA,-228.937882643193,-152.714327484672,-1092.22768162706,NA,100043.15676176,-27630.4294936073
2021-Q3,NA,NA,-8342.59301688476,-10707.1636958381,-32090.3640424503,124210.074563633,69179.8396356314,-670813.952427012,NA,-6924.24121927008,-53712.3921979969,360133.446677901,NA,-12345.2812658428,NA,4573.38904760387,-7668.98523094915,-491841.095502804,-3027.34169652229,-29079.5504066558,987876.230564319,NA,1014423.0026661,-26976.0734155952,2318321.8696828,-159435.932605349,-36982.976345524,-3529.45766104132,-32907.6988199381,-41514.7977926064,2799707.39910718,-2312.50674717892,244938.494624808,-59469.0749553388,26695.9352220608,-26590.2001812833,-8184.60746439578,-223293.233807278,-1044106.04885655,1751.6136842584,-5984.15677116466,-908251.578423671,-603221.007155424,-26079.9726551438,-357034.905854829,-6704.20731979392,-8934.99773694021,2110033.3440119,-15127.0680414128,-26859.9003199254,-88064.7515302333,-276664.296640272,-677726.8801537,122932.907400801,-356450.927736936,9538.77288871127,108420.915753815,-24728.0330584801,-48871.8557112028,3427116.35373454,-6898.23397421549,-29703.3227460372,1162.60844918438,645032.471957824,90702.4601511939,-79698.8101978724,NA,-1363.23184835324,-590.37562544253,-7369.29248499064,36434.7490387095,-11592.3410360592,-86530.980085929,-5197.89279266485,-9261.44265919063,-5828.05538507742,-8127.5714454791,NA,-39219.8805326772,19177.0755534984,NA,-554623.910973146,22014.7519874908,-62114.5467656222,2599.89568432388,-95740.3323606939,-16460.0409634856,658527.144446565,1233447.0165226,236.528700618081,-114263.956190211,-67206.7216530483,-76884.8316013727,-22619.870877753,-122628.977100218,-266086.6495362,3607.0,-235243.854745358,-10119.4425883686,-127047.759098926,-50308.3374682527,444547.936330397,-7942.46615442816,685276.496157493,-82.1754417677927,-605.727473041796,135165.947098743,1018891.68907821,-5874.46755659134,-69992.5013957741,-3206.20703584734,-553.255699915071,-14974.97275822,1026.6713492762,46392.7004829048,-5370.12086748373,20637.5461722222,-157.908436557966,-260020.870945973,5384.95691603325,-303456.154784903,-22808.2590083236,-22200.011776136,-16448861.3581097,-13888.4958253649,16851.2506500181,NA,-251.028754126135,-162.215855215212,-820.346730517909,NA,89378.07399774,-29703.8516282603
2021-Q4,NA,NA,-8499.44728369095,-11009.3575750132,-31265.3195077189,124437.069068082,66133.0561040159,-622079.807822988,NA,-6560.22967165787,-60415.2893574654,387862.220109608,NA,-12580.9297192695,NA,4629.39360783636,-7867.10994734153,-601116.895716014,-3249.32800856723,-27087.3719630961,1080141.80329733,NA,875165.560256399,-24674.2004173205,2186058.98715297,-160674.828146571,-37394.9188021018,-3388.44033564687,-31266.4106220521,-42758.618388699,2927750.76268646,-2397.13697839927,252764.76702345,-60524.0326400678,27484.3623591835,-26352.3927608488,-5374.05006724675,-232314.02260652,-971356.785769667,6463.86338777735,-5993.5178109309,-952915.683572585,-380936.671346628,-26627.7531425124,-355673.041263855,-7195.21450184999,-10840.735970585,2111222.39543146,-15878.1903377001,-26209.3663004259,-84948.3006574061,-277408.266250319,-643542.173663205,155261.587249,-377050.058390283,11334.195393882,131851.531780019,-24830.8327428377,-49319.4946166311,3659000.52841781,-7574.70141310395,-31956.1546508884,1196.41431129909,685250.441636797,90332.3763805281,-76924.5372993381,NA,-1375.85296022613,-573.024180277206,-6382.349907144,33062.0771300144,-10193.9824826441,-85718.4244664486,-5218.49883854705,-8930.73435384627,-5420.73283811773,-8210.54349714378,NA,-39832.3365827288,19825.8380201649,NA,-552156.732347151,21556.8390198562,-62574.9558223907,2069.63607533765,-77081.0652852297,-16930.9531790644,728063.259850781,1322179.87833996,-1296.33403103572,-111594.632967261,-67925.1362080165,-81161.1228837206,-28205.2919973114,-125986.799041595,-265883.77784107,3659.0,-228020.393415362,-11622.2075997998,-128344.89037243,-49933.2144313167,486585.125570411,-8141.41844853136,703670.461653034,-35.5531293425279,-602.759421042505,127080.185324853,1003902.52709013,-4550.20643407506,-68677.4480932346,-3128.75588668616,-552.256443460057,-14634.0860913869,1017.63760681085,34257.9927765982,-4562.04106932947,20974.8884801052,-142.138806327064,-238069.647180588,6105.02340491832,-3242.39497456956,-26194.2472900364,-22517.2207425965,-18832519.9323408,-14212.5287174034,17065.1711403026,NA,-255.951843849969,-159.876426215629,-1033.74547184262,NA,102294.446127429,-29561.277509028
2022-Q1,NA,NA,-8649.33088570618,-10996.9020996407,-26447.3750885218,119131.882250403,85654.1918815809,-676911.331150851,NA,-6685.41821372974,-64842.5288986039,378495.597839536,NA,-12437.1956166883,NA,5991.70431303314,-8006.13678575706,-866339.821542405,-3437.58753305463,-27974.5255371267,839888.236803461,NA,842408.919984365,-48045.2986623872,2244604.34206798,-171816.487297335,-38192.9355574923,-3310.89838757027,-30933.6576158653,-51438.5110484587,2982656.59340935,-2663.25697431971,216693.469686197,-59924.986677818,29935.5955677531,-25375.9351456238,-6045.04607211056,-236179.456856701,-921895.400105197,18020.1155968426,-6234.70246372053,-867393.626078056,-489092.097456264,-26478.4829513728,-351727.405702369,-7124.93837526998,-13440.4443343137,1948845.03373938,-16233.3273256763,-28540.9985634162,-80131.1575689761,-285365.703788775,-591632.586528081,167330.580365783,-360174.082019188,9135.9921364062,111421.194135351,-25021.5305190244,-49876.0615361284,3502195.57527936,-8255.68359657134,-33610.751757706,1142.94854882874,727110.544796649,94214.2857393866,-71438.6493272004,NA,-1355.37382302372,-660.867530735867,-8904.32501891765,30314.6428969673,-10507.7259481573,-83449.5493946614,-5656.47606237385,-8782.10904012064,-6278.92633760322,-8550.42035772049,NA,-41396.4736370069,19772.363879457,35962.2822086662,-589701.596175317,12248.6647932631,-67656.2552064309,1331.91973705077,-81637.0315430638,-17212.004442574,750877.469069803,1242408.83994858,-1980.24693231143,-112722.611366193,-68218.2923724472,-87180.6998671691,-32389.820447122,-128662.81760605,-261162.388250989,3750.0,-224545.547717205,-12568.5335252653,-127545.476762961,-51013.3807243819,NA,-8268.20963040024,712884.882288919,-49.457791815182,-604.406506044236,185974.030902971,982215.623311279,-3278.5274374784,-71168.2187599078,-3047.29508564007,-556.083925596881,-14487.532177087,1180.85782943592,10735.6440954961,-4641.34363262977,20405.171000047,-115.977350237894,-224059.090352235,6596.66484537366,259689.224194609,-13859.5498092289,-23477.5670084879,-18333492.7015262,-13871.632661307,17150.7441406584,NA,-245.491689931873,-110.487523836483,-1358.98116154427,NA,16339.145857122,-29064.1601374474
2022-Q2,NA,NA,-8631.74163906775,-11358.5306670928,-24135.3061844126,118827.602253197,88959.5396833358,-634035.779722149,NA,-6551.5711268935,-66840.7134308486,335829.862081921,NA,-10811.7422802787,NA,4895.95418440921,-7888.74876648052,-712557.214628413,-3489.2857237162,-29263.6121389552,566395.906012733,NA,805455.003156006,-39582.9401218598,2278009.32178547,-173627.296908051,-39083.6275399318,-3237.52439723389,-30281.4645717612,-54460.1369848453,2933506.09358277,-2817.8943675056,188165.323632101,-57427.8737163009,32983.3271044829,-25774.8020225358,-7559.15380950582,-234041.939878853,-836762.760540732,11838.8791564636,-6040.66910747342,-709549.901090174,-476441.053036218,-26875.1192472068,-319033.968336046,-6156.15002591426,-11904.0188329909,1864053.5002629,-16180.6156413155,-27514.855404011,-66372.9321802482,-267562.410343316,-607851.241491526,152227.778284666,-355335.339668717,6560.59344427763,76075.5067784687,-24861.4610392913,-51773.1111442873,3335087.93660864,-8231.73462005911,-35298.0217944287,987.140644804365,782718.315078021,94487.3137257397,-73571.4548068202,NA,-1415.47296483767,-721.851408470933,-6826.306706696,35508.3748223551,-10410.0174520958,-81116.4716186603,-5723.15290072444,-8151.66447518287,-6284.3543101094,-8046.60636202898,NA,-41791.3810337089,20082.7057095788,35195.0328319828,-574440.213502645,11715.9569981436,-68021.2198886375,418.675718549726,-87258.3801686467,-17517.8209098727,664767.355654201,1076793.71417539,-2518.20324846937,-113535.082859824,-68762.6892512014,-89347.30148656,-28397.2130398496,-131126.71204029,-237690.187574356,3073.0,-211667.761763731,-13848.0308252324,-117242.99506245,-49573.1292564281,NA,-8312.76758700687,747014.160907177,-67.8398770149836,-615.028620800388,189839.568892329,903204.2222668,-1215.76344140762,-71620.5215542047,-3058.82324199677,-636.295015423496,-13873.7715474214,907.623687595177,13518.1217545304,-4160.49100613593,19094.0359603561,-123.603696418735,-198069.762668363,6531.45396737821,471866.629336768,-11520.7373834208,-24123.5764043679,-16650077.6962249,-13328.602181353,17845.3962205326,NA,-219.61364144719,-68.5717168792378,-1548.10131725426,NA,59369.3273867331,-28453.9345719305
2022-Q3,NA,NA,-8337.12381283002,-10569.6294677305,-21992.1792780147,115648.222254651,87449.4949132585,-602688.84630266,NA,-5939.70338050321,-70151.8387877298,317356.942265243,NA,-7094.81046293274,NA,3739.32029265029,-9137.84001475163,-735162.381296744,-3524.00562783213,-25901.0566463511,547477.29632237,NA,756091.899897077,-53690.0718877423,2482391.07034228,-176342.572253998,-39556.7063264319,-3018.95341964179,-28177.2593524609,-64749.686731647,2784126.69022825,-2943.82866320693,208627.261885903,-59329.0976612745,35372.6005474771,-26000.6694626647,-6720.9845201369,-236011.629952273,-741698.047147901,1408.46700174243,-5970.90029280435,-616537.270257751,-160180.717952718,-26390.4317359972,-293215.898266339,-6409.63175750208,-12169.2966907229,1646268.0105226,-15979.1640265099,-20709.8960338759,-60130.2208277174,-259568.949056437,-620405.053604108,135609.426404061,-389897.681807234,5864.45900569417,79301.7817136297,-25095.3715067494,-51752.8007120988,3194014.94732798,-8625.63566973985,-37392.7538006229,926.006455873411,828282.359233633,92452.6812099478,-75247.5100925682,NA,-1520.95637976422,-665.054229268093,-6647.06338616996,35714.0918490755,-10153.2342184894,-77810.8932124264,-5648.53307102184,-7400.89494116096,-6443.87926692309,-7442.06188318256,NA,-41789.2095847904,18710.74671101,33088.2080918843,-586117.968313449,14671.9437569684,-68734.0013901157,182.559886551476,-92610.7012318367,-17814.4446882002,577591.752329735,1057125.12621914,-1619.29230779238,-111548.08157272,-72147.9463393774,-95498.597782722,-31369.4127960931,-130504.389020682,-209917.562440885,3360.0,-193120.60667564,-14011.7981240822,-108804.469141081,-47512.8453576533,NA,-8460.78838025941,757990.534639959,-104.746273399071,-694.824281680246,194621.718352819,862046.842720514,-109.864837088363,-69837.9964637935,-2864.34785257606,-680.881477938828,-15045.5897898232,782.99308097966,-4082.80502661511,-3924.16678534496,18141.4097065463,-110.661802787989,-203590.685654972,7313.29750174563,618588.326393887,1537.70304982701,-24676.7417080132,-16868546.0235383,-12700.8484764173,18930.1722577982,NA,-212.184746980705,-50.559298800224,-1344.39999932452,NA,56037.2017429027,-30121.8980866467
2022-Q4,NA,NA,-9497.60899456444,-11208.6688042552,-22170.5142793268,122945.956274003,76842.5988754322,-645838.435547506,NA,-6483.98993992332,-77699.1997382553,342304.587427514,NA,-8004.50776199989,NA,4047.04746424836,-8630.06019388426,-824696.157912107,-3615.0042834174,-23153.6929273172,775698.382272191,NA,794227.402316504,-61962.6476696439,2421634.00016446,-178343.370695453,-41032.3859247007,-3303.09493302738,-30790.7498442691,-62975.1894533446,2952858.19632237,-2879.11825553822,168835.016320955,-61906.1951524016,43329.0162191892,-26654.5180114623,-8303.39759305417,-247945.317772753,-845799.297194551,318.97648740396,-6318.04322725891,-776745.750904011,-356163.929756476,-28389.4585610801,-317939.691321777,-6346.35383860361,-12735.3146941392,1769240.67902757,-16949.7892202558,-24475.0330112885,-78741.5981434239,-250145.851686673,-613054.421433244,158666.374253763,-375985.725125308,7055.71136109877,89550.4940015073,-24685.6495430041,-51612.0330250478,3166277.83333819,-8131.77206587832,-39300.2475032038,995.753243843475,800511.089054875,105279.887944701,-67262.7631528824,NA,-1796.41174526436,-582.909118512071,-8627.92832586153,31891.3149585484,-10855.0414631299,-78298.4430381941,-6202.52134014636,-7926.28569071174,-6492.28469678175,-8668.49343445202,NA,-42032.1731050785,19485.6924515227,36044.0076982967,-613873.141698029,12368.064112438,-69024.7207053671,467.161683232861,-93815.9416819766,-18093.1815688516,579773.119012814,1169906.43166888,-1680.48027244702,-123295.591724301,-71701.627386795,-100280.44998689,-41014.1721980272,-128075.186769944,-243982.87098002,3361.0,-215158.384849911,-14160.8373193522,-127380.273897882,-52378.5156383711,NA,-8749.790548541,777714.972953298,-98.4952691441413,-724.730873218094,195936.471809303,870532.374321979,-953.315887972539,-74277.49740686,-2914.52462510298,-653.146957323031,-15689.0416496005,795.90319774132,-29749.9863475126,-3502.68821702165,18588.9621139759,-119.465157552396,-358149.082435125,8480.1691391946,370276.898128442,-2805.73742186281,-24929.5538518345,-16161429.3377602,-15093.4498260488,18993.4813045727,NA,-211.831967347975,-28.4608890982505,-1701.86753064072,NA,82456.8368173716,-30454.0323324201
2023-Q1,NA,NA,-9750.76497057796,-10965.6042813914,-23507.4388879937,87801.0726119902,85921.2333216803,-626739.84837522,NA,-6605.24590985812,-78216.6660690633,347658.221699679,NA,-8152.18409200301,NA,3744.9716411012,-9365.43923882084,-842014.015492402,-3790.44801768286,-23618.9108928907,874679.111075548,NA,840023.019798005,-62035.5598035937,2494729.00207138,-180409.718029908,-40308.462704649,-3368.00926233492,-32384.3363371812,-64818.6921742207,3050628.70185415,-2960.59271512517,159065.01058455,-64127.2001294112,47851.3095065415,-25620.5949938904,-8995.08416854103,-255624.279660249,-884431.318114421,12571.3833071686,-6376.93151949777,-940090.350018181,-303440.566724694,-29532.8633288981,-328693.009375976,-5177.15995541267,-11746.6561518855,1813831.597085,-17024.0425452622,-26877.2417049385,-89903.0013484779,-254353.514987635,-584376.374591876,180832.134809858,-369445.86258695,7675.57308147682,85285.0342182092,-24205.9743283845,-52577.7979864952,3279263.58847244,-8200.52229322536,-38559.959680646,1038.87220631934,808717.419950845,106931.719316507,-66832.2331472966,NA,NA,-537.737053045547,-8099.80732861341,25200.0947685101,-11577.6652445226,-78396.9260544249,-6504.15771578507,-8137.83471229918,NA,-8722.80985587224,NA,-41453.5244542589,19827.652146692,37388.4662345634,-692875.099645674,19247.7861150974,-69429.5462808872,983.815428088005,-88321.2980023536,-18052.7468483589,534183.147873023,1294993.40514943,-1755.87849992466,-118742.725099029,-71066.6214183037,-100312.645752835,-47026.9413931363,-126586.982916155,-245102.51781287,3327.0,-217697.116717298,-13704.0779840798,-130434.803546563,-54587.7969809153,NA,-9375.59505472681,788055.392314195,-155.770476290358,-715.288704230449,202554.281560026,890103.249340075,-644.181673956337,-73104.2926557921,-2751.66442250819,-615.552703591785,-15975.1100397302,694.151665179475,-24873.6394895657,-3671.74860690508,19019.6876599258,-114.828969306094,-296750.403075466,8696.41156840823,266729.299696592,-4211.51924957657,-25920.0315984837,-16775717.7810704,-15153.7934482946,19230.9578917824,NA,-219.790659317099,6.23477597408859,-1770.21848745616,NA,106628.388697539,-27484.5671676837
2023-Q2,NA,NA,-10445.4598699053,-11566.906403349,-24915.5564002918,82835.2574260936,84364.6313683315,-564439.08741271,NA,-6610.81568633894,-79170.0143425967,350729.502904145,NA,-7427.30711129259,NA,3730.56297919715,-9544.13465427762,-944602.451674159,-3940.37193748517,-21480.3871029827,963571.070316001,NA,859099.099129073,-64326.1021814352,2711751.41538589,-186812.696477099,-39961.4455289838,-3406.38125816026,-32931.0970407456,-58062.0973627859,3008809.93146153,-3092.05645047371,175086.710453267,-64941.3063141262,48607.536074151,-24798.5390993744,-9235.15819723838,-257470.15452132,-854184.976667996,24769.6477513571,-6180.41497407632,-958356.496799935,-369792.329754199,-29819.4665116275,-337173.58174919,-4079.94269238767,NA,1740591.34450006,-16984.8011048061,-26541.96149713,-98849.4763416102,-254225.826480299,-593204.562668904,192145.954615223,-381099.964842411,8778.70061589695,107256.318393641,-24080.3577004082,-53225.1396703615,3220927.52146702,-8264.53577446478,-39552.5186699516,1077.01605595069,798885.798253347,105940.890218033,-69697.2300177261,NA,NA,-438.383487013373,-6309.24633421609,37741.4391393297,-11500.8643943637,-82731.3649413701,-6376.10525482884,-8182.94856580489,NA,-8960.43112856298,NA,-41256.8677188568,19934.8305727113,38537.7194795445,-732104.118389705,33106.5370919045,-70689.5717422315,681.630079018785,-77838.9041438889,-17966.9720614585,539925.836328906,1363214.7461868,-1735.02095274452,-117667.016847661,-71839.8441653322,-100044.436554214,-46310.1604264913,-125942.843379867,-264248.69923574,3398.0,-216987.466559703,-13756.3842313209,-137257.839770236,-55156.8543810896,NA,-9327.93556744852,781446.61798425,-159.108016243908,-787.274912713494,259414.214117263,850455.339308434,556.854339436378,-73976.3294781541,-2794.17090687935,-639.702788784795,-16327.7286944004,775.615322964668,-15427.8457608155,-3717.47983066822,19107.2290183347,-91.7757377020119,-267833.256559259,9080.05162860763,266999.230998059,-3988.76447851802,-26608.7016279837,-18309236.240492,-15585.5749433912,17117.0581192843,NA,-206.533773273975,76.9282828535017,-1903.11492005987,NA,116050.852665323,-27562.3760377298
2023-Q3,NA,NA,-9808.84740843647,-11449.5044982816,-21337.1822128245,84754.5895759706,85362.8984991413,-516485.394384945,NA,-6202.23505473363,-81615.9325056968,345701.558689111,NA,-7087.2774184386,NA,4549.06453405617,-10036.8483653313,-911192.799978261,-3944.93777525555,-20457.9184070039,915056.521569654,NA,914123.94359871,-60651.6263016473,2813372.03396507,-188627.074407854,-40456.014647901,-3314.84449570774,-31671.2622433325,-52514.40827399,2990957.47431645,-3090.30392450724,140866.668786091,-65056.4119163149,49934.1509005643,-24775.0831995728,-9043.54338930455,-259315.93598827,-805598.722592186,30002.1647604955,NA,-879151.502482846,-364005.467879726,-29482.9049417937,-320997.618608901,-3473.21190910122,NA,1685401.59948342,-17366.9063858376,-20518.3013718516,-89906.4978325387,-251934.35318728,-573412.992142784,181825.423427617,-384874.450626265,8657.4016546793,115883.717177551,-24659.390287208,-53386.3968782639,3110777.19979721,NA,-39462.4457229591,1034.31337866581,822374.030573198,107610.034240976,-73454.4904559444,NA,NA,-392.512692402886,-3294.98076785088,31554.1465468386,-11578.8853399135,-79391.444943084,-6247.87188212553,-7584.1846762542,NA,-8560.92610763052,NA,-40816.1234877734,19763.4594873534,46087.0163175567,-715674.439520531,20506.0082383188,-70959.8426596556,265.395822856089,-86417.2379702758,-17831.0876320047,555838.077250887,1325602.27541982,-77.6808310342864,-118039.009720082,-73727.0563887951,-100165.345278889,-46758.5386176006,-129320.578819547,-233955.049727142,3869.0,-208452.268452912,-14299.3216389155,-134897.426084412,-53867.9013099042,NA,-9660.54240491137,774354.823940715,-181.889914152203,-824.998784552152,245671.050870296,837626.642996819,2291.17243512824,-71945.3305853958,-2904.9663946183,NA,-17091.5307685508,847.038892330064,-7069.56957592016,-3754.83956808325,18517.9708991754,-88.8337621118244,-342483.931676463,10024.1698759345,461251.073728108,-5759.3901311031,-27509.1764102463,-18289981.8924665,-15413.1673451047,13818.5566486255,NA,NA,107.077606989341,-1673.50729770471,NA,104959.387041766,-27565.9153864243
2023-Q4,NA,NA,-10582.5551714117,-11519.9481051215,-20333.3900116226,105512.430954893,86608.6005062119,-561472.215869428,NA,-6284.8084938282,-85287.1774513892,339633.368559315,NA,-6548.3179214855,NA,3991.18635109863,-10724.8351455076,-1102052.38110844,-3897.68716259487,-18935.4296562281,1073984.70076802,NA,946098.543101087,-62922.6857119616,2850851.66595334,-190973.279233983,-39208.9099915601,-3439.89514322656,-33366.1469889285,-49359.9809122632,3244444.58806585,-3384.53614502477,159183.939203623,-69478.3156707006,51513.9637943892,-24262.3249802326,-8884.63081912604,-265216.619244908,-849368.999162127,38567.9717324979,NA,-995252.916095179,-472310.6079921,-30143.769380159,-347908.086729898,-3323.34324503449,NA,1758872.0094804,-18052.5332782194,-22505.6848858239,-81433.4570340672,-257886.677573379,-573583.333380137,212535.803233424,-370267.435872629,10872.3537481953,170724.242056779,-24443.5414143223,-53631.2658470658,3321201.25832137,NA,-37485.7346138949,1112.21404929773,805131.324947004,113555.233782022,-67934.6755260368,NA,NA,-257.177935164947,-3799.91956468591,35277.2853728689,-11221.3389823436,-81743.1551211803,-5960.73588885609,-8216.73576155855,NA,-9180.94555746724,NA,-41566.8013432585,21270.5597582569,47054.0163661137,-758198.638619412,26938.8866804015,-70308.8105824393,81.912090830562,-91740.4157734573,-17710.8594426962,604286.896637642,1495846.76931916,887.660596997753,-133334.552159208,-74952.0122463327,-101499.915168153,-50760.5725097567,-129867.719579829,-274611.222796308,4576.0,-214097.619029034,-14829.5712269634,-147687.053934034,-55271.5973322719,NA,-9989.26811579229,765270.998949453,-207.87830424443,-802.882764651945,238303.14181548,906178.281715725,1638.02407786084,-74561.0504620896,-2792.34217698065,NA,-18524.8580232113,1003.85106750758,7644.90914213647,-3620.12757842719,19054.2274081298,-89.3620516318344,-327006.813341562,10738.1032468437,557096.842759578,-11492.3512370193,-28880.1679292672,-20416523.3747712,-16856.7518277863,12410.829673401,NA,NA,161.854432021181,-1977.41450071609,NA,101668.865874008,-31321.2510263326
2024-Q1,13292.2723814869,NA,-10772.4504435747,-11869.5695145735,-18860.656618524,89474.1314890927,105978.403831636,-464869.750265859,NA,-6401.74219480055,-86018.6107247458,381765.228626471,NA,-6240.75360150624,NA,4821.88921600907,-11889.5587110551,-1046675.32085246,-4035.16830266507,-20413.2180670239,1194567.9780463,NA,1056680.6736366,-51097.8177142354,2904081.41881293,-190869.999685453,-39953.0952651588,-3289.14543911015,-32206.3135775193,-37231.4627912769,3357514.86567255,-3402.78534285333,115597.27823944,-70689.5287392802,50339.2198600799,-22564.6326766027,-7457.09227110326,-277136.195470031,-805476.725625175,58596.3978597543,NA,-980366.165319491,-289769.88734336,-30237.8493770955,-338005.886301729,-3052.71402349239,NA,1796920.0,-18384.409153673,-26045.4253081211,-71807.3376036081,-249115.076962867,-514347.987521782,211302.110912548,-363653.717309921,12332.1412082883,203148.877920324,-24436.3228319884,-53727.7824140984,3223106.15782042,NA,-36940.5608818345,1184.08999759507,828662.977827739,113489.754120363,-64433.9401198079,NA,NA,-341.840036283153,-3018.46052094983,39768.5673046929,-10515.2765373586,-81251.5896754578,-5853.66829370615,-8627.89691280322,NA,-9131.72026475347,NA,-42015.8626716877,22151.7942188919,41614.0126777839,-794386.180102182,33209.098844311,-70914.0932410525,24.0958761862928,-71268.6966579748,-17705.1851507494,520914.403606861,1603051.16639671,1260.84997531356,-119310.817948165,-76959.8205953774,-100426.088851198,-59142.3714421828,-129008.465495173,-280417.578686252,5085.0,-196763.417662397,-15301.4181110201,-145375.055657307,-55347.7322381387,NA,-10348.3569922599,758676.968595129,-206.653216906543,-765.92448142923,297285.974320448,848635.823887144,2270.64231195747,-71512.5789136402,-2844.67591234826,NA,-19173.7402071106,NA,47133.3727798014,-3725.85030640454,19204.5225343588,-84.0271586599757,-368400.667010919,10109.9987621546,767231.945808491,-11399.7541717477,-29780.7744896386,-22017008.7519791,-16147.8671506841,12815.5746383001,NA,NA,182.567950164392,-2080.45554446369,NA,126800.064682896,-27596.0837766673
2024-Q2,13652.0853603627,NA,-11274.1903269686,-11818.5279536114,-17994.8859318261,79930.8818772842,117803.897310366,-463670.616073803,NA,-6746.25329180537,-86578.3344737528,388365.170776929,NA,-6098.7282338867,NA,4470.57962068491,-11687.4463225676,-876781.161409266,NA,-20000.9082727099,1275548.06001419,NA,1066471.58514244,-56053.7934185089,2947596.92561112,-187168.579086667,-41220.2186291157,-3229.02459896023,-31364.2347641044,-36643.7363094919,3449272.81191252,-3495.56185256374,83646.3826683807,-71356.77818685,51419.4176680496,-19940.3743448356,-4890.41658285596,-281568.732357137,-762691.920306881,53321.3648251177,NA,-822000.296646382,-408156.762603003,-29492.4502634788,-331726.00621014,-2134.48067589239,NA,1832057.87451985,-18525.3443695375,-26808.2787046966,-71545.6019274774,-243998.158907423,-492985.379416437,229761.453924134,-370262.225937688,12297.0749754882,269685.987448036,-23972.5523553572,-53673.8747277932,3386510.2623622,NA,-37020.1735620909,1184.70693424449,852983.680968146,111294.330764343,-60730.5912122792,NA,NA,-198.759361085291,-40.7009104914397,42060.0460141204,-10158.0439674926,-80767.2297820933,-5562.43939867653,-8684.71005499386,NA,-9272.73857350291,NA,-42362.6187836815,23781.0758827085,41110.0009687372,-689903.150164151,17161.2003284171,-70762.8167291918,-4.9677565606536,-69090.1126083998,-18000.198972235,490946.021769863,1630241.51268812,2079.33212316671,-123408.495960365,-77197.2157274313,-100574.639824515,-55308.6977914221,-129280.981581518,-272375.902331711,5268.0,-193092.308601633,-15111.3866390933,-148479.854626496,-55197.2791093709,NA,-10692.0689547879,760171.345709371,NA,-830.912890220049,317638.272537547,798049.739159287,3872.31032850206,-69365.4005881304,-2801.13046222738,NA,-18880.0750873703,NA,62275.8637269956,-3009.75523364461,19095.2907635576,-43.6747420499452,-376216.825693154,9820.76658129581,1205498.44202002,-15021.9298960746,-30213.2183004431,-23206115.7063177,-14777.0416643883,13152.4804079831,NA,NA,232.824616790856,-2266.04637871645,NA,114821.75295577,-28590.8303680628
2024-Q3,13857.6577246769,NA,-11468.8324003117,-12139.3815887307,-15850.4316562356,68515.5998092078,122414.131375745,-496735.930338121,NA,-6831.27394860398,-90311.7672012079,389736.168128506,NA,-4763.5142540837,NA,4458.65331803583,-11955.1181990835,-933340.227774966,NA,-19075.1738762816,1309104.74700742,NA,1066464.7140458,-60278.8804908398,3133467.25571896,-185483.360267757,-40424.6246664405,-3360.45691780506,-32431.5266659699,-35750.4752650869,3685048.96752133,-3612.87523293999,192062.640685391,-74569.1184146455,52901.4471439461,-18214.3875902657,-5126.01186631343,-287071.911347813,-843533.417745825,64473.774749263,NA,-914756.076079928,-533371.338442052,-29898.7046753907,-343123.09444473,-1688.79716581161,NA,2066285.97168597,-18640.1037895418,-21991.6828458725,-76115.9759795424,-269559.819361754,-465463.169042172,245186.151504148,-355605.251918312,13921.8840891673,309582.717976026,-24066.5694898645,NA,3584266.46090019,NA,-35270.1894616834,1261.34647099579,974975.942747955,120055.340081152,-50886.0948544853,NA,NA,-20.8442759302652,383.23419921535,24050.8264882263,-9861.81312007878,-71884.8560249956,-5677.71754753172,-8599.67045627898,NA,-9562.24255242915,NA,-42914.9571304281,24387.2179951791,46582.1797563072,-630122.130943753,-9482.4664249182,-71808.4736354267,33.9653458915906,-70523.6520004045,-18147.6358040097,700419.92679534,1771784.15873403,3232.9280580758,-133482.82136545,-77585.1743869336,-94721.690892855,-72909.1642677932,-130771.921713308,-284927.895125336,6185.0,-196396.183779306,-15829.6830621129,-165100.992608251,-58668.3787328815,NA,-11168.3009246186,751845.377729105,NA,-872.442382436073,332381.915899173,833314.509655028,4871.00367666727,-73888.3423622439,-2808.23756779881,NA,-20046.961129066,NA,35885.0511659769,-2559.65401358588,19602.359455766,-41.1355810084374,-322508.545801283,10121.516831248,1469207.76875898,-14321.9559586089,-31745.8750781067,-24510533.747567,-14307.4982930241,16044.1088071087,NA,NA,261.436244314219,-2043.72408876334,NA,114194.89843568,-28409.067826916
2024-Q4,13617.8467620775,NA,-10865.5426764075,-12378.5274532271,-14369.5079227493,56394.4449190952,121093.003681243,-423653.341547054,NA,-6471.80818215421,-89481.4614866671,383768.006811614,NA,-3948.31830259053,NA,NA,-12115.3751884224,-785933.732404233,NA,-18607.1659580121,1341647.08599914,NA,1150748.37010351,-56627.5170588068,3295760.36329967,-186913.850549105,-40987.206828175,-3187.50517074241,-30312.9742387513,-23743.6021491117,3623686.98068642,-3751.90943483114,275064.598723385,-74231.2702245198,50645.5148280183,-16369.5035617525,-4003.88657640879,NA,-718819.269993205,75447.9965890056,NA,-696702.535877055,-351407.268139518,-30020.9846054126,-321818.922130424,-1019.32127548144,NA,2044420.01545595,-18976.1276465347,-24081.1054823003,-77217.143347878,-245702.444759777,NA,220374.285611222,-367718.677827897,15272.9326741442,347954.618244648,-23610.0332108978,NA,3493802.19072623,NA,-35678.6576922496,1205.92551489225,1102044.5113092,116756.28646736,-49665.3212384906,NA,NA,-5.91008416207033,354.21067717753,31389.6531898392,-8575.39697526526,-67925.527184721,-5587.65383593582,-8318.57029115985,NA,-9153.9979004749,NA,-43839.0514076612,19145.8841759873,46139.3550929649,-592158.495229744,-1500.76444443452,-72198.8740137265,151.126383399184,-69124.8311899155,-18259.4947172115,723817.635654046,1726041.70864201,3382.68867472218,-120491.091613411,-77118.4231044464,-95716.8123860552,-65481.2358846139,-130014.428202559,-253677.07309805,7101.0,-172631.310653244,-16678.5518691746,-156515.8390106,-53856.3197371654,NA,-10974.6948659308,730523.144908801,NA,NA,392337.457488105,804267.373041309,5695.84948534741,-69457.3155326629,-2700.78530879458,NA,-20801.0546738721,NA,38481.9958512814,-2641.28272995541,18821.1803323842,-39.0842822826975,-341850.538233315,10137.2579186886,1847089.57035987,-12445.4611772162,NA,-26539470.6790746,-13221.6479244228,13812.9408665644,NA,NA,278.170581952511,NA,NA,113265.532062114,NA
2025-Q1,NA,NA,-11415.3398095665,-12769.5846207801,-15698.964476293,36666.5883598821,134989.303736165,-422371.675840323,NA,-7093.8383369139,-91135.8352727001,367039.507546717,NA,-5525.69489706597,NA,NA,-12017.3745579013,-893493.734503662,NA,-20585.6319710976,1269352.34854915,NA,1063856.27903768,-66464.643484025,3612417.58036669,-192276.79388766,-41520.9963316767,-3240.79320509229,-33541.5949536645,-31039.2585082954,3716723.44639936,NA,338458.722616337,-74854.4992507753,NA,NA,-5118.85328755586,NA,-775840.403156343,57995.031269373,NA,-858125.251133099,-481164.001379502,-31448.3237217883,-341742.153695707,178.722868450216,NA,2175185.3470437,-18214.715409573,-29054.9708442025,-81493.3889699134,-224454.835962546,NA,NA,-334538.353345374,15415.5105720036,305046.785230972,-23512.0840457108,NA,NA,NA,-45630.6216902047,NA,1083999.22968039,122079.549881074,-44001.4484036739,NA,NA,8.61383429316854,-128.458125762664,32122.3422480896,-9385.66010828601,NA,-6040.50884212708,-9167.4313600525,NA,-9670.26269139457,NA,-45167.8534778998,19114.1054240543,32479.3756683003,-628902.607246235,NA,NA,-520.82506666961,-60468.0214815765,-18024.8321026072,689888.898641153,1740760.48383051,3934.07381376662,-121189.996230249,-75067.0075503834,NA,-69303.9431407794,-129241.867988002,-291019.659525815,NA,-179654.805175995,-16607.1380442786,-165166.186729396,-56277.658598888,NA,NA,719964.814924347,NA,NA,334192.325513363,825582.967104071,6500.2535177478,-73714.6339500419,-2839.20859136688,NA,-20533.4553320272,NA,96045.5582756165,NA,NA,NA,-320740.804521019,NA,1739399.04009809,-21016.2277450181,NA,-24614601.8742284,-13416.4109217831,17179.7149938876,NA,NA,297.619951731791,NA,NA,121842.315022667,NA
2025-Q2,NA,NA,NA,NA,NA,NA,NA,NA,NA,NA,NA,NA,NA,NA,NA,NA,NA,NA,NA,NA,NA,NA,NA,NA,NA,NA,NA,NA,NA,NA,NA,NA,NA,NA,NA,NA,NA,NA,NA,NA,NA,NA,NA,NA,NA,NA,NA,NA,NA,NA,NA,NA,NA,NA,NA,NA,NA,NA,NA,NA,NA,NA,NA,NA,NA,NA,NA,NA,NA,NA,NA,NA,NA,NA,NA,NA,NA,NA,NA,NA,NA,NA,NA,NA,NA,NA,NA,NA,NA,NA,NA,NA,NA,NA,NA,NA,NA,NA,NA,NA,NA,NA,NA,NA,NA,NA,NA,NA,NA,NA,NA,NA,NA,NA,NA,NA,NA,NA,-329604.275877989,NA,NA,NA,NA,NA,NA,NA,NA,NA,NA,NA,NA,NA,NA
