This is LuaHBTeX, Version 1.17.0 (TeX Live 2023/Debian)  (format=lualatex 2026.3.25)  17 JUL 2026 10:27
 restricted system commands enabled.
**paper_outline.tex
(./paper_outline.tex
LaTeX2e <2023-11-01> patch level 1
L3 programming layer <2024-01-22>
[\directlua]:1: module 'luaotfload-main' not found:
	no field package.preload['luaotfload-main']
	[kpse lua searcher] file not found: 'luaotfload-main'
Error in luaotfload: reverting to OT1
Inserting `tracingstacklevels' in `input_level_string'.
(/usr/share/texlive/texmf-dist/tex/latex/base/article.cls
Document Class: article 2023/05/17 v1.4n Standard LaTeX document class
(/usr/share/texlive/texmf-dist/tex/latex/base/size11.clo
File: size11.clo 2023/05/17 v1.4n Standard LaTeX file (size option)
LaTeX Font Info:    Trying to load font information for OT1+lmr on input line 5
4.

(/usr/share/texmf/tex/latex/lm/ot1lmr.fd
File: ot1lmr.fd 2015/05/01 v1.6.1 Font defs for Latin Modern
))
\c@part=\count185
\c@section=\count186
\c@subsection=\count187
\c@subsubsection=\count188
\c@paragraph=\count189
\c@subparagraph=\count190
\c@figure=\count191
\c@table=\count192
\abovecaptionskip=\skip48
\belowcaptionskip=\skip49
\bibindent=\dimen139
)
(/usr/share/texlive/texmf-dist/tex/latex/geometry/geometry.sty
Package: geometry 2020/01/02 v5.9 Page Geometry

(/usr/share/texlive/texmf-dist/tex/latex/graphics/keyval.sty
Package: keyval 2022/05/29 v1.15 key=value parser (DPC)
\KV@toks@=\toks17
)
(/usr/share/texlive/texmf-dist/tex/generic/iftex/ifvtex.sty
Package: ifvtex 2019/10/25 v1.7 ifvtex legacy package. Use iftex instead.

(/usr/share/texlive/texmf-dist/tex/generic/iftex/iftex.sty
Package: iftex 2022/02/03 v1.0f TeX engine tests
))
\Gm@cnth=\count193
\Gm@cntv=\count194
\c@Gm@tempcnt=\count195
\Gm@bindingoffset=\dimen140
\Gm@wd@mp=\dimen141
\Gm@odd@mp=\dimen142
\Gm@even@mp=\dimen143
\Gm@layoutwidth=\dimen144
\Gm@layoutheight=\dimen145
\Gm@layouthoffset=\dimen146
\Gm@layoutvoffset=\dimen147
\Gm@dimlist=\toks18
)
(/usr/share/texlive/texmf-dist/tex/latex/amsmath/amsmath.sty
Package: amsmath 2023/05/13 v2.17o AMS math features
\@mathmargin=\skip50

For additional information on amsmath, use the `?' option.
(/usr/share/texlive/texmf-dist/tex/latex/amsmath/amstext.sty
Package: amstext 2021/08/26 v2.01 AMS text

(/usr/share/texlive/texmf-dist/tex/latex/amsmath/amsgen.sty
File: amsgen.sty 1999/11/30 v2.0 generic functions
\@emptytoks=\toks19
\ex@=\dimen148
))
(/usr/share/texlive/texmf-dist/tex/latex/amsmath/amsbsy.sty
Package: amsbsy 1999/11/29 v1.2d Bold Symbols
\pmbraise@=\dimen149
)
(/usr/share/texlive/texmf-dist/tex/latex/amsmath/amsopn.sty
Package: amsopn 2022/04/08 v2.04 operator names
)
\inf@bad=\count196
LaTeX Info: Redefining \frac on input line 236.
\uproot@=\count197
\leftroot@=\count198
LaTeX Info: Redefining \overline on input line 399.
LaTeX Info: Redefining \colon on input line 410.
\classnum@=\count199
\DOTSCASE@=\count266
LaTeX Info: Redefining \ldots on input line 496.
LaTeX Info: Redefining \dots on input line 499.
LaTeX Info: Redefining \cdots on input line 620.
\Mathstrutbox@=\box51
\strutbox@=\box52
LaTeX Info: Redefining \big on input line 722.
LaTeX Info: Redefining \Big on input line 723.
LaTeX Info: Redefining \bigg on input line 724.
LaTeX Info: Redefining \Bigg on input line 725.
\big@size=\dimen150
LaTeX Font Info:    Redeclaring font encoding OML on input line 743.
LaTeX Font Info:    Redeclaring font encoding OMS on input line 744.
\macc@depth=\count267
LaTeX Info: Redefining \bmod on input line 905.
LaTeX Info: Redefining \pmod on input line 910.
LaTeX Info: Redefining \smash on input line 940.
LaTeX Info: Redefining \relbar on input line 970.
LaTeX Info: Redefining \Relbar on input line 971.
\c@MaxMatrixCols=\count268
\dotsspace@=\muskip16
\c@parentequation=\count269
\dspbrk@lvl=\count270
\tag@help=\toks20
\row@=\count271
\column@=\count272
\maxfields@=\count273
\andhelp@=\toks21
\eqnshift@=\dimen151
\alignsep@=\dimen152
\tagshift@=\dimen153
\tagwidth@=\dimen154
\totwidth@=\dimen155
\lineht@=\dimen156
\@envbody=\toks22
\multlinegap=\skip51
\multlinetaggap=\skip52
\mathdisplay@stack=\toks23
LaTeX Info: Redefining \[ on input line 2953.
LaTeX Info: Redefining \] on input line 2954.
)
(/usr/share/texlive/texmf-dist/tex/latex/amsfonts/amssymb.sty
Package: amssymb 2013/01/14 v3.01 AMS font symbols

(/usr/share/texlive/texmf-dist/tex/latex/amsfonts/amsfonts.sty
Package: amsfonts 2013/01/14 v3.01 Basic AMSFonts support
\symAMSa=\mathgroup4
\symAMSb=\mathgroup5
LaTeX Font Info:    Redeclaring math symbol \hbar on input line 98.
LaTeX Font Info:    Overwriting math alphabet `\mathfrak' in version `bold'
(Font)                  U/euf/m/n --> U/euf/b/n on input line 106.
))
(/usr/share/texlive/texmf-dist/tex/latex/booktabs/booktabs.sty
Package: booktabs 2020/01/12 v1.61803398 Publication quality tables
\heavyrulewidth=\dimen157
\lightrulewidth=\dimen158
\cmidrulewidth=\dimen159
\belowrulesep=\dimen160
\belowbottomsep=\dimen161
\aboverulesep=\dimen162
\abovetopsep=\dimen163
\cmidrulesep=\dimen164
\cmidrulekern=\dimen165
\defaultaddspace=\dimen166
\@cmidla=\count274
\@cmidlb=\count275
\@aboverulesep=\dimen167
\@belowrulesep=\dimen168
\@thisruleclass=\count276
\@lastruleclass=\count277
\@thisrulewidth=\dimen169
)
(/usr/share/texlive/texmf-dist/tex/latex/natbib/natbib.sty
Package: natbib 2010/09/13 8.31b (PWD, AO)
\bibhang=\skip53
\bibsep=\skip54
LaTeX Info: Redefining \cite on input line 694.
\c@NAT@ctr=\count278
)
(/usr/share/texlive/texmf-dist/tex/latex/hyperref/hyperref.sty
Package: hyperref 2024-01-20 v7.01h Hypertext links for LaTeX

(/usr/share/texlive/texmf-dist/tex/latex/kvsetkeys/kvsetkeys.sty
Package: kvsetkeys 2022-10-05 v1.19 Key value parser (HO)
)
(/usr/share/texlive/texmf-dist/tex/generic/kvdefinekeys/kvdefinekeys.sty
Package: kvdefinekeys 2019-12-19 v1.6 Define keys (HO)
)
(/usr/share/texlive/texmf-dist/tex/generic/pdfescape/pdfescape.sty
Package: pdfescape 2019/12/09 v1.15 Implements pdfTeX's escape features (HO)

(/usr/share/texlive/texmf-dist/tex/generic/ltxcmds/ltxcmds.sty
Package: ltxcmds 2023-12-04 v1.26 LaTeX kernel commands for general use (HO)
)
(/usr/share/texlive/texmf-dist/tex/generic/pdftexcmds/pdftexcmds.sty
Package: pdftexcmds 2020-06-27 v0.33 Utility functions of pdfTeX for LuaTeX (HO
)

(/usr/share/texlive/texmf-dist/tex/generic/infwarerr/infwarerr.sty
Package: infwarerr 2019/12/03 v1.5 Providing info/warning/error messages (HO)
)
Package pdftexcmds Info: \pdf@primitive is available.
Package pdftexcmds Info: \pdf@ifprimitive is available.
Package pdftexcmds Info: \pdfdraftmode found.
\pdftexcmds@toks=\toks24
))
(/usr/share/texlive/texmf-dist/tex/latex/hycolor/hycolor.sty
Package: hycolor 2020-01-27 v1.10 Color options for hyperref/bookmark (HO)
)
(/usr/share/texlive/texmf-dist/tex/latex/auxhook/auxhook.sty
Package: auxhook 2019-12-17 v1.6 Hooks for auxiliary files (HO)
)
(/usr/share/texlive/texmf-dist/tex/latex/hyperref/nameref.sty
Package: nameref 2023-11-26 v2.56 Cross-referencing by name of section

(/usr/share/texlive/texmf-dist/tex/latex/refcount/refcount.sty
Package: refcount 2019/12/15 v3.6 Data extraction from label references (HO)
)
(/usr/share/texlive/texmf-dist/tex/generic/gettitlestring/gettitlestring.sty
Package: gettitlestring 2019/12/15 v1.6 Cleanup title references (HO)

(/usr/share/texlive/texmf-dist/tex/latex/kvoptions/kvoptions.sty
Package: kvoptions 2022-06-15 v3.15 Key value format for package options (HO)
))
\c@section@level=\count279
)
(/usr/share/texlive/texmf-dist/tex/latex/etoolbox/etoolbox.sty
Package: etoolbox 2020/10/05 v2.5k e-TeX tools for LaTeX (JAW)
\etb@tempcnta=\count280
)
\@linkdim=\dimen170
\Hy@linkcounter=\count281
\Hy@pagecounter=\count282

(/usr/share/texlive/texmf-dist/tex/latex/hyperref/pd1enc.def
File: pd1enc.def 2024-01-20 v7.01h Hyperref: PDFDocEncoding definition (HO)
)
(/usr/share/texlive/texmf-dist/tex/generic/intcalc/intcalc.sty
Package: intcalc 2019/12/15 v1.3 Expandable calculations with integers (HO)
)
\Hy@SavedSpaceFactor=\count283

(/usr/share/texlive/texmf-dist/tex/latex/hyperref/puenc.def
File: puenc.def 2024-01-20 v7.01h Hyperref: PDF Unicode definition (HO)
)
Package hyperref Info: Hyper figures OFF on input line 4179.
Package hyperref Info: Link nesting OFF on input line 4184.
Package hyperref Info: Hyper index ON on input line 4187.
Package hyperref Info: Plain pages OFF on input line 4194.
Package hyperref Info: Backreferencing OFF on input line 4199.
Package hyperref Info: Implicit mode ON; LaTeX internals redefined.
Package hyperref Info: Bookmarks ON on input line 4446.
\c@Hy@tempcnt=\count284

(/usr/share/texlive/texmf-dist/tex/latex/url/url.sty
\Urlmuskip=\muskip17
Package: url 2013/09/16  ver 3.4  Verb mode for urls, etc.
)
LaTeX Info: Redefining \url on input line 4784.
\XeTeXLinkMargin=\dimen171

(/usr/share/texlive/texmf-dist/tex/generic/bitset/bitset.sty
Package: bitset 2019/12/09 v1.3 Handle bit-vector datatype (HO)

(/usr/share/texlive/texmf-dist/tex/generic/bigintcalc/bigintcalc.sty
Package: bigintcalc 2019/12/15 v1.5 Expandable calculations on big integers (HO
)
))
\Fld@menulength=\count285
\Field@Width=\dimen172
\Fld@charsize=\dimen173
Package hyperref Info: Hyper figures OFF on input line 6063.
Package hyperref Info: Link nesting OFF on input line 6068.
Package hyperref Info: Hyper index ON on input line 6071.
Package hyperref Info: backreferencing OFF on input line 6078.
Package hyperref Info: Link coloring OFF on input line 6083.
Package hyperref Info: Link coloring with OCG OFF on input line 6088.
Package hyperref Info: PDF/A mode OFF on input line 6093.

(/usr/share/texlive/texmf-dist/tex/latex/base/atbegshi-ltx.sty
Package: atbegshi-ltx 2021/01/10 v1.0c Emulation of the original atbegshi
package with kernel methods
)
\Hy@abspage=\count286
\c@Item=\count287
\c@Hfootnote=\count288
)
Package hyperref Info: Driver (autodetected): hluatex.

(/usr/share/texlive/texmf-dist/tex/latex/hyperref/hluatex.def
File: hluatex.def 2024-01-20 v7.01h Hyperref driver for luaTeX

(/usr/share/texlive/texmf-dist/tex/generic/stringenc/stringenc.sty
Package: stringenc 2019/11/29 v1.12 Convert strings between diff. encodings (HO
)
)
(/usr/share/texlive/texmf-dist/tex/latex/base/atveryend-ltx.sty
Package: atveryend-ltx 2020/08/19 v1.0a Emulation of the original atveryend pac
kage
with kernel methods
)
\Fld@listcount=\count289
\c@bookmark@seq@number=\count290

(/usr/share/texlive/texmf-dist/tex/latex/rerunfilecheck/rerunfilecheck.sty
Package: rerunfilecheck 2022-07-10 v1.10 Rerun checks for auxiliary files (HO)

(/usr/share/texlive/texmf-dist/tex/generic/uniquecounter/uniquecounter.sty
Package: uniquecounter 2019/12/15 v1.4 Provide unlimited unique counter (HO)
)
Package uniquecounter Info: New unique counter `rerunfilecheck' on input line 2
85.
)
\Hy@SectionHShift=\skip55
)
(/usr/share/texlive/texmf-dist/tex/latex/pgf/frontendlayer/tikz.sty
(/usr/share/texlive/texmf-dist/tex/latex/pgf/basiclayer/pgf.sty
(/usr/share/texlive/texmf-dist/tex/latex/pgf/utilities/pgfrcs.sty
(/usr/share/texlive/texmf-dist/tex/generic/pgf/utilities/pgfutil-common.tex
\pgfutil@everybye=\toks25
\pgfutil@tempdima=\dimen174
\pgfutil@tempdimb=\dimen175
)
(/usr/share/texlive/texmf-dist/tex/generic/pgf/utilities/pgfutil-latex.def
\pgfutil@abb=\box53
)
(/usr/share/texlive/texmf-dist/tex/generic/pgf/utilities/pgfrcs.code.tex
(/usr/share/texlive/texmf-dist/tex/generic/pgf/pgf.revision.tex)
Package: pgfrcs 2023-01-15 v3.1.10 (3.1.10)
))
Package: pgf 2023-01-15 v3.1.10 (3.1.10)

(/usr/share/texlive/texmf-dist/tex/latex/pgf/basiclayer/pgfcore.sty
(/usr/share/texlive/texmf-dist/tex/latex/graphics/graphicx.sty
Package: graphicx 2021/09/16 v1.2d Enhanced LaTeX Graphics (DPC,SPQR)

(/usr/share/texlive/texmf-dist/tex/latex/graphics/graphics.sty
Package: graphics 2022/03/10 v1.4e Standard LaTeX Graphics (DPC,SPQR)

(/usr/share/texlive/texmf-dist/tex/latex/graphics/trig.sty
Package: trig 2021/08/11 v1.11 sin cos tan (DPC)
)
(/usr/share/texlive/texmf-dist/tex/latex/graphics-cfg/graphics.cfg
File: graphics.cfg 2016/06/04 v1.11 sample graphics configuration
)
Package graphics Info: Driver file: luatex.def on input line 107.

(/usr/share/texlive/texmf-dist/tex/latex/graphics-def/luatex.def
File: luatex.def 2022/09/22 v1.2d Graphics/color driver for luatex
))
\Gin@req@height=\dimen176
\Gin@req@width=\dimen177
)
(/usr/share/texlive/texmf-dist/tex/latex/pgf/systemlayer/pgfsys.sty
(/usr/share/texlive/texmf-dist/tex/generic/pgf/systemlayer/pgfsys.code.tex
Package: pgfsys 2023-01-15 v3.1.10 (3.1.10)

(/usr/share/texlive/texmf-dist/tex/generic/pgf/utilities/pgfkeys.code.tex
\pgfkeys@pathtoks=\toks26
\pgfkeys@temptoks=\toks27

(/usr/share/texlive/texmf-dist/tex/generic/pgf/utilities/pgfkeyslibraryfiltered
.code.tex
\pgfkeys@tmptoks=\toks28
))
\pgf@x=\dimen178
\pgf@y=\dimen179
\pgf@xa=\dimen180
\pgf@ya=\dimen181
\pgf@xb=\dimen182
\pgf@yb=\dimen183
\pgf@xc=\dimen184
\pgf@yc=\dimen185
\pgf@xd=\dimen186
\pgf@yd=\dimen187
\w@pgf@writea=\write3
\r@pgf@reada=\read2
\c@pgf@counta=\count291
\c@pgf@countb=\count292
\c@pgf@countc=\count293
\c@pgf@countd=\count294
\t@pgf@toka=\toks29
\t@pgf@tokb=\toks30
\t@pgf@tokc=\toks31
\pgf@sys@id@count=\count295
 (/usr/share/texlive/texmf-dist/tex/generic/pgf/systemlayer/pgf.cfg
File: pgf.cfg 2023-01-15 v3.1.10 (3.1.10)
)
Driver file for pgf: pgfsys-luatex.def
(/usr/share/texlive/texmf-dist/tex/generic/pgf/systemlayer/pgfsys-luatex.def
File: pgfsys-luatex.def 2023-01-15 v3.1.10 (3.1.10)

(/usr/share/texlive/texmf-dist/tex/generic/pgf/systemlayer/pgfsys-common-pdf.de
f
File: pgfsys-common-pdf.def 2023-01-15 v3.1.10 (3.1.10)
)))
(/usr/share/texlive/texmf-dist/tex/generic/pgf/systemlayer/pgfsyssoftpath.code.
tex
File: pgfsyssoftpath.code.tex 2023-01-15 v3.1.10 (3.1.10)
\pgfsyssoftpath@smallbuffer@items=\count296
\pgfsyssoftpath@bigbuffer@items=\count297
)
(/usr/share/texlive/texmf-dist/tex/generic/pgf/systemlayer/pgfsysprotocol.code.
tex
File: pgfsysprotocol.code.tex 2023-01-15 v3.1.10 (3.1.10)
)) (/usr/share/texlive/texmf-dist/tex/latex/xcolor/xcolor.sty
Package: xcolor 2023/11/15 v3.01 LaTeX color extensions (UK)

(/usr/share/texlive/texmf-dist/tex/latex/graphics-cfg/color.cfg
File: color.cfg 2016/01/02 v1.6 sample color configuration
)
Package xcolor Info: Driver file: luatex.def on input line 274.

(/usr/share/texlive/texmf-dist/tex/latex/graphics/mathcolor.ltx)
Package xcolor Info: Model `cmy' substituted by `cmy0' on input line 1350.
Package xcolor Info: Model `hsb' substituted by `rgb' on input line 1354.
Package xcolor Info: Model `RGB' extended on input line 1366.
Package xcolor Info: Model `HTML' substituted by `rgb' on input line 1368.
Package xcolor Info: Model `Hsb' substituted by `hsb' on input line 1369.
Package xcolor Info: Model `tHsb' substituted by `hsb' on input line 1370.
Package xcolor Info: Model `HSB' substituted by `hsb' on input line 1371.
Package xcolor Info: Model `Gray' substituted by `gray' on input line 1372.
Package xcolor Info: Model `wave' substituted by `hsb' on input line 1373.
)
(/usr/share/texlive/texmf-dist/tex/generic/pgf/basiclayer/pgfcore.code.tex
Package: pgfcore 2023-01-15 v3.1.10 (3.1.10)

(/usr/share/texlive/texmf-dist/tex/generic/pgf/math/pgfmath.code.tex
(/usr/share/texlive/texmf-dist/tex/generic/pgf/math/pgfmathutil.code.tex)
(/usr/share/texlive/texmf-dist/tex/generic/pgf/math/pgfmathparser.code.tex
\pgfmath@dimen=\dimen188
\pgfmath@count=\count298
\pgfmath@box=\box54
\pgfmath@toks=\toks32
\pgfmath@stack@operand=\toks33
\pgfmath@stack@operation=\toks34
)
(/usr/share/texlive/texmf-dist/tex/generic/pgf/math/pgfmathfunctions.code.tex)
(/usr/share/texlive/texmf-dist/tex/generic/pgf/math/pgfmathfunctions.basic.code
.tex)
(/usr/share/texlive/texmf-dist/tex/generic/pgf/math/pgfmathfunctions.trigonomet
ric.code.tex)
(/usr/share/texlive/texmf-dist/tex/generic/pgf/math/pgfmathfunctions.random.cod
e.tex)
(/usr/share/texlive/texmf-dist/tex/generic/pgf/math/pgfmathfunctions.comparison
.code.tex)
(/usr/share/texlive/texmf-dist/tex/generic/pgf/math/pgfmathfunctions.base.code.
tex)
(/usr/share/texlive/texmf-dist/tex/generic/pgf/math/pgfmathfunctions.round.code
.tex)
(/usr/share/texlive/texmf-dist/tex/generic/pgf/math/pgfmathfunctions.misc.code.
tex)
(/usr/share/texlive/texmf-dist/tex/generic/pgf/math/pgfmathfunctions.integerari
thmetics.code.tex)
(/usr/share/texlive/texmf-dist/tex/generic/pgf/math/pgfmathcalc.code.tex)
(/usr/share/texlive/texmf-dist/tex/generic/pgf/math/pgfmathfloat.code.tex
\c@pgfmathroundto@lastzeros=\count299
))
(/usr/share/texlive/texmf-dist/tex/generic/pgf/math/pgfint.code.tex)
(/usr/share/texlive/texmf-dist/tex/generic/pgf/basiclayer/pgfcorepoints.code.te
x
File: pgfcorepoints.code.tex 2023-01-15 v3.1.10 (3.1.10)
\pgf@picminx=\dimen189
\pgf@picmaxx=\dimen190
\pgf@picminy=\dimen191
\pgf@picmaxy=\dimen192
\pgf@pathminx=\dimen193
\pgf@pathmaxx=\dimen194
\pgf@pathminy=\dimen195
\pgf@pathmaxy=\dimen196
\pgf@xx=\dimen197
\pgf@xy=\dimen198
\pgf@yx=\dimen199
\pgf@yy=\dimen256
\pgf@zx=\dimen257
\pgf@zy=\dimen258
)
(/usr/share/texlive/texmf-dist/tex/generic/pgf/basiclayer/pgfcorepathconstruct.
code.tex
File: pgfcorepathconstruct.code.tex 2023-01-15 v3.1.10 (3.1.10)
\pgf@path@lastx=\dimen259
\pgf@path@lasty=\dimen260
)
(/usr/share/texlive/texmf-dist/tex/generic/pgf/basiclayer/pgfcorepathusage.code
.tex
File: pgfcorepathusage.code.tex 2023-01-15 v3.1.10 (3.1.10)
\pgf@shorten@end@additional=\dimen261
\pgf@shorten@start@additional=\dimen262
)
(/usr/share/texlive/texmf-dist/tex/generic/pgf/basiclayer/pgfcorescopes.code.te
x
File: pgfcorescopes.code.tex 2023-01-15 v3.1.10 (3.1.10)
\pgfpic=\box55
\pgf@hbox=\box56
\pgf@layerbox@main=\box57
\pgf@picture@serial@count=\count300
)
(/usr/share/texlive/texmf-dist/tex/generic/pgf/basiclayer/pgfcoregraphicstate.c
ode.tex
File: pgfcoregraphicstate.code.tex 2023-01-15 v3.1.10 (3.1.10)
\pgflinewidth=\dimen263
)
(/usr/share/texlive/texmf-dist/tex/generic/pgf/basiclayer/pgfcoretransformation
s.code.tex
File: pgfcoretransformations.code.tex 2023-01-15 v3.1.10 (3.1.10)
\pgf@pt@x=\dimen264
\pgf@pt@y=\dimen265
\pgf@pt@temp=\dimen266
)
(/usr/share/texlive/texmf-dist/tex/generic/pgf/basiclayer/pgfcorequick.code.tex
File: pgfcorequick.code.tex 2023-01-15 v3.1.10 (3.1.10)
)
(/usr/share/texlive/texmf-dist/tex/generic/pgf/basiclayer/pgfcoreobjects.code.t
ex
File: pgfcoreobjects.code.tex 2023-01-15 v3.1.10 (3.1.10)
)
(/usr/share/texlive/texmf-dist/tex/generic/pgf/basiclayer/pgfcorepathprocessing
.code.tex
File: pgfcorepathprocessing.code.tex 2023-01-15 v3.1.10 (3.1.10)
)
(/usr/share/texlive/texmf-dist/tex/generic/pgf/basiclayer/pgfcorearrows.code.te
x
File: pgfcorearrows.code.tex 2023-01-15 v3.1.10 (3.1.10)
\pgfarrowsep=\dimen267
)
(/usr/share/texlive/texmf-dist/tex/generic/pgf/basiclayer/pgfcoreshade.code.tex
File: pgfcoreshade.code.tex 2023-01-15 v3.1.10 (3.1.10)
\pgf@max=\dimen268
\pgf@sys@shading@range@num=\count301
\pgf@shadingcount=\count302
)
(/usr/share/texlive/texmf-dist/tex/generic/pgf/basiclayer/pgfcoreimage.code.tex
File: pgfcoreimage.code.tex 2023-01-15 v3.1.10 (3.1.10)
)
(/usr/share/texlive/texmf-dist/tex/generic/pgf/basiclayer/pgfcoreexternal.code.
tex
File: pgfcoreexternal.code.tex 2023-01-15 v3.1.10 (3.1.10)
\pgfexternal@startupbox=\box58
)
(/usr/share/texlive/texmf-dist/tex/generic/pgf/basiclayer/pgfcorelayers.code.te
x
File: pgfcorelayers.code.tex 2023-01-15 v3.1.10 (3.1.10)
)
(/usr/share/texlive/texmf-dist/tex/generic/pgf/basiclayer/pgfcoretransparency.c
ode.tex
File: pgfcoretransparency.code.tex 2023-01-15 v3.1.10 (3.1.10)
)
(/usr/share/texlive/texmf-dist/tex/generic/pgf/basiclayer/pgfcorepatterns.code.
tex
File: pgfcorepatterns.code.tex 2023-01-15 v3.1.10 (3.1.10)
)
(/usr/share/texlive/texmf-dist/tex/generic/pgf/basiclayer/pgfcorerdf.code.tex
File: pgfcorerdf.code.tex 2023-01-15 v3.1.10 (3.1.10)
)))
(/usr/share/texlive/texmf-dist/tex/generic/pgf/modules/pgfmoduleshapes.code.tex
File: pgfmoduleshapes.code.tex 2023-01-15 v3.1.10 (3.1.10)
\pgfnodeparttextbox=\box59
) (/usr/share/texlive/texmf-dist/tex/generic/pgf/modules/pgfmoduleplot.code.tex
File: pgfmoduleplot.code.tex 2023-01-15 v3.1.10 (3.1.10)
)
(/usr/share/texlive/texmf-dist/tex/latex/pgf/compatibility/pgfcomp-version-0-65
.sty
Package: pgfcomp-version-0-65 2023-01-15 v3.1.10 (3.1.10)
\pgf@nodesepstart=\dimen269
\pgf@nodesepend=\dimen270
)
(/usr/share/texlive/texmf-dist/tex/latex/pgf/compatibility/pgfcomp-version-1-18
.sty
Package: pgfcomp-version-1-18 2023-01-15 v3.1.10 (3.1.10)
)) (/usr/share/texlive/texmf-dist/tex/latex/pgf/utilities/pgffor.sty
(/usr/share/texlive/texmf-dist/tex/latex/pgf/utilities/pgfkeys.sty
(/usr/share/texlive/texmf-dist/tex/generic/pgf/utilities/pgfkeys.code.tex))
(/usr/share/texlive/texmf-dist/tex/latex/pgf/math/pgfmath.sty
(/usr/share/texlive/texmf-dist/tex/generic/pgf/math/pgfmath.code.tex))
(/usr/share/texlive/texmf-dist/tex/generic/pgf/utilities/pgffor.code.tex
Package: pgffor 2023-01-15 v3.1.10 (3.1.10)
\pgffor@iter=\dimen271
\pgffor@skip=\dimen272
\pgffor@stack=\toks35
\pgffor@toks=\toks36
))
(/usr/share/texlive/texmf-dist/tex/generic/pgf/frontendlayer/tikz/tikz.code.tex
Package: tikz 2023-01-15 v3.1.10 (3.1.10)

(/usr/share/texlive/texmf-dist/tex/generic/pgf/libraries/pgflibraryplothandlers
.code.tex
File: pgflibraryplothandlers.code.tex 2023-01-15 v3.1.10 (3.1.10)
\pgf@plot@mark@count=\count303
\pgfplotmarksize=\dimen273
)
\tikz@lastx=\dimen274
\tikz@lasty=\dimen275
\tikz@lastxsaved=\dimen276
\tikz@lastysaved=\dimen277
\tikz@lastmovetox=\dimen278
\tikz@lastmovetoy=\dimen279
\tikzleveldistance=\dimen280
\tikzsiblingdistance=\dimen281
\tikz@figbox=\box60
\tikz@figbox@bg=\box61
\tikz@tempbox=\box62
\tikz@tempbox@bg=\box63
\tikztreelevel=\count304
\tikznumberofchildren=\count305
\tikznumberofcurrentchild=\count306
\tikz@fig@count=\count307

(/usr/share/texlive/texmf-dist/tex/generic/pgf/modules/pgfmodulematrix.code.tex
File: pgfmodulematrix.code.tex 2023-01-15 v3.1.10 (3.1.10)
\pgfmatrixcurrentrow=\count308
\pgfmatrixcurrentcolumn=\count309
\pgf@matrix@numberofcolumns=\count310
)
\tikz@expandcount=\count311

(/usr/share/texlive/texmf-dist/tex/generic/pgf/frontendlayer/tikz/libraries/tik
zlibrarytopaths.code.tex
File: tikzlibrarytopaths.code.tex 2023-01-15 v3.1.10 (3.1.10)
)))
(/usr/share/texlive/texmf-dist/tex/latex/tools/longtable.sty
Package: longtable 2023-11-01 v4.19 Multi-page Table package (DPC)
\LTleft=\skip56
\LTright=\skip57
\LTpre=\skip58
\LTpost=\skip59
\LTchunksize=\count312
\LTcapwidth=\dimen282
\LT@head=\box64
\LT@firsthead=\box65
\LT@foot=\box66
\LT@lastfoot=\box67
\LT@gbox=\box68
\LT@cols=\count313
\LT@rows=\count314
\c@LT@tables=\count315
\c@LT@chunks=\count316
\LT@p@ftn=\toks37
)
(/usr/share/texlive/texmf-dist/tex/latex/pdfpages/pdfpages.sty
Package: pdfpages 2024/01/21 v0.5y Insert pages of external PDF documents (AM)

(/usr/share/texlive/texmf-dist/tex/latex/base/ifthen.sty
Package: ifthen 2022/04/13 v1.1d Standard LaTeX ifthen package (DPC)
)
(/usr/share/texlive/texmf-dist/tex/latex/tools/calc.sty
Package: calc 2023/07/08 v4.3 Infix arithmetic (KKT,FJ)
\calc@Acount=\count317
\calc@Bcount=\count318
\calc@Adimen=\dimen283
\calc@Bdimen=\dimen284
\calc@Askip=\skip60
\calc@Bskip=\skip61
LaTeX Info: Redefining \setlength on input line 80.
LaTeX Info: Redefining \addtolength on input line 81.
\calc@Ccount=\count319
\calc@Cskip=\skip62
)
(/usr/share/texlive/texmf-dist/tex/latex/eso-pic/eso-pic.sty
Package: eso-pic 2023/05/03 v3.0c eso-pic (RN)
\ESO@tempdima=\dimen285
\ESO@tempdimb=\dimen286
)
\AM@pagewidth=\dimen287
\AM@pageheight=\dimen288
\AM@fboxrule=\dimen289

(/usr/share/texlive/texmf-dist/tex/latex/pdfpages/ppluatex.def
File: ppluatex.def 2024/01/21 v0.5y Pdfpages driver for LuaTeX (AM)
)
\pdfpages@includegraphics@status=\count320
\AM@pagebox=\box69
\AM@global@opts=\toks38
\AM@pagecnt=\count321
\AM@toc@title=\toks39
\AM@lof@heading=\toks40
\c@AM@survey=\count322
\AM@templatesizebox=\box70
)
(/usr/share/texlive/texmf-dist/tex/generic/pgf/libraries/pgflibraryarrows.meta.
code.tex
File: pgflibraryarrows.meta.code.tex 2023-01-15 v3.1.10 (3.1.10)
\pgfarrowinset=\dimen290
\pgfarrowlength=\dimen291
\pgfarrowwidth=\dimen292
\pgfarrowlinewidth=\dimen293
)
(/usr/share/texlive/texmf-dist/tex/generic/pgf/frontendlayer/tikz/libraries/tik
zlibrarypositioning.code.tex
File: tikzlibrarypositioning.code.tex 2023-01-15 v3.1.10 (3.1.10)
)
(/usr/share/texlive/texmf-dist/tex/generic/pgf/frontendlayer/tikz/libraries/tik
zlibraryfit.code.tex
File: tikzlibraryfit.code.tex 2023-01-15 v3.1.10 (3.1.10)
)
(/usr/share/texlive/texmf-dist/tex/generic/pgf/frontendlayer/tikz/libraries/tik
zlibrarybackgrounds.code.tex
File: tikzlibrarybackgrounds.code.tex 2023-01-15 v3.1.10 (3.1.10)
\pgf@layerbox@background=\box71
\pgf@layerboxsaved@background=\box72
)
(/usr/share/texlive/texmf-dist/tex/generic/pgf/frontendlayer/tikz/libraries/tik
zlibrarycalc.code.tex
File: tikzlibrarycalc.code.tex 2023-01-15 v3.1.10 (3.1.10)
)
(/usr/share/texlive/texmf-dist/tex/generic/pgf/frontendlayer/tikz/libraries/tik
zlibrarydecorations.pathreplacing.code.tex
(/usr/share/texlive/texmf-dist/tex/generic/pgf/frontendlayer/tikz/libraries/tik
zlibrarydecorations.code.tex
(/usr/share/texlive/texmf-dist/tex/generic/pgf/modules/pgfmoduledecorations.cod
e.tex
\pgfdecoratedcompleteddistance=\dimen294
\pgfdecoratedremainingdistance=\dimen295
\pgfdecoratedinputsegmentcompleteddistance=\dimen296
\pgfdecoratedinputsegmentremainingdistance=\dimen297
\pgf@decorate@distancetomove=\dimen298
\pgf@decorate@repeatstate=\count323
\pgfdecorationsegmentamplitude=\dimen299
\pgfdecorationsegmentlength=\dimen300
)
\tikz@lib@dec@box=\box73
)
(/usr/share/texlive/texmf-dist/tex/generic/pgf/libraries/decorations/pgflibrary
decorations.pathreplacing.code.tex))
Package hyperref Info: Option `colorlinks' set `true' on input line 15.

(/usr/share/texlive/texmf-dist/tex/latex/l3backend/l3backend-luatex.def
File: l3backend-luatex.def 2024-01-04 L3 backend support: PDF output (LuaTeX)
\l__color_backend_stack_int=\count324
\l__pdf_internal_box=\box74
)
(./paper_outline.aux)
\openout1 = paper_outline.aux

LaTeX Font Info:    Checking defaults for OML/cmm/m/it on input line 27.
LaTeX Font Info:    ... okay on input line 27.
LaTeX Font Info:    Checking defaults for OMS/cmsy/m/n on input line 27.
LaTeX Font Info:    ... okay on input line 27.
LaTeX Font Info:    Checking defaults for OT1/cmr/m/n on input line 27.
LaTeX Font Info:    ... okay on input line 27.
LaTeX Font Info:    Checking defaults for T1/cmr/m/n on input line 27.
LaTeX Font Info:    ... okay on input line 27.
LaTeX Font Info:    Checking defaults for TS1/cmr/m/n on input line 27.
LaTeX Font Info:    Trying to load font information for TS1+cmr on input line 2
7.
 (/usr/share/texlive/texmf-dist/tex/latex/base/ts1cmr.fd
File: ts1cmr.fd 2023/04/13 v2.5m Standard LaTeX font definitions
)
LaTeX Font Info:    ... okay on input line 27.
LaTeX Font Info:    Checking defaults for TU/lmr/m/n on input line 27.
LaTeX Font Info:    ... okay on input line 27.
LaTeX Font Info:    Checking defaults for OMX/cmex/m/n on input line 27.
LaTeX Font Info:    ... okay on input line 27.
LaTeX Font Info:    Checking defaults for U/cmr/m/n on input line 27.
LaTeX Font Info:    ... okay on input line 27.
LaTeX Font Info:    Checking defaults for PD1/pdf/m/n on input line 27.
LaTeX Font Info:    ... okay on input line 27.
LaTeX Font Info:    Checking defaults for PU/pdf/m/n on input line 27.
LaTeX Font Info:    ... okay on input line 27.

*geometry* driver: auto-detecting
*geometry* detected driver: luatex
*geometry* verbose mode - [ preamble ] result:
* driver: luatex
* paper: a4paper
* layout: <same size as paper>
* layoutoffset:(h,v)=(0.0pt,0.0pt)
* modes: 
* h-part:(L,W,R)=(72.26999pt, 452.9679pt, 72.26999pt)
* v-part:(T,H,B)=(72.26999pt, 700.50687pt, 72.26999pt)
* \paperwidth=597.50787pt
* \paperheight=845.04684pt
* \textwidth=452.9679pt
* \textheight=700.50687pt
* \oddsidemargin=0.0pt
* \evensidemargin=0.0pt
* \topmargin=-37.0pt
* \headheight=12.0pt
* \headsep=25.0pt
* \topskip=11.0pt
* \footskip=30.0pt
* \marginparwidth=59.0pt
* \marginparsep=10.0pt
* \columnsep=10.0pt
* \skip\footins=10.0pt plus 4.0pt minus 2.0pt
* \hoffset=0.0pt
* \voffset=0.0pt
* \mag=1000
* \@twocolumnfalse
* \@twosidefalse
* \@mparswitchfalse
* \@reversemarginfalse
* (1in=72.27pt=25.4mm, 1cm=28.453pt)

Package hyperref Info: Link coloring ON on input line 27.
(./paper_outline.out) (./paper_outline.out)
\@outlinefile=\write4

\openout4 = paper_outline.out

(/usr/share/texlive/texmf-dist/tex/context/base/mkii/supp-pdf.mkii
[Loading MPS to PDF converter (version 2006.09.02).]
\scratchcounter=\count325
\scratchdimen=\dimen301
\scratchbox=\box75
\nofMPsegments=\count326
\nofMParguments=\count327
\everyMPshowfont=\toks41
\MPscratchCnt=\count328
\MPscratchDim=\dimen302
\MPnumerator=\count329
\makeMPintoPDFobject=\count330
\everyMPtoPDFconversion=\toks42
) (/usr/share/texlive/texmf-dist/tex/latex/epstopdf-pkg/epstopdf-base.sty
Package: epstopdf-base 2020-01-24 v2.11 Base part for package epstopdf
Package epstopdf-base Info: Redefining graphics rule for `.eps' on input line 4
85.

(/usr/share/texlive/texmf-dist/tex/latex/latexconfig/epstopdf-sys.cfg
File: epstopdf-sys.cfg 2010/07/13 v1.3 Configuration of (r)epstopdf for TeX Liv
e
))
(/usr/share/texlive/texmf-dist/tex/latex/pdflscape/pdflscape.sty
Package: pdflscape 2022-10-27 v0.13 Display of landscape pages in PDF

(/usr/share/texlive/texmf-dist/tex/latex/pdflscape/pdflscape-nometadata.sty
Package: pdflscape-nometadata 2022-10-28 v0.13 Display of landscape pages in PD
F (HO)

(/usr/share/texlive/texmf-dist/tex/latex/graphics/lscape.sty
Package: lscape 2020/05/28 v3.02 Landscape Pages (DPC)
)
Package pdflscape Info: Auto-detected driver: pdftex on input line 81.
))
LaTeX Font Info:    Trying to load font information for U+msa on input line 29.


(/usr/share/texlive/texmf-dist/tex/latex/amsfonts/umsa.fd
File: umsa.fd 2013/01/14 v3.01 AMS symbols A
)
LaTeX Font Info:    Trying to load font information for U+msb on input line 29.


(/usr/share/texlive/texmf-dist/tex/latex/amsfonts/umsb.fd
File: umsb.fd 2013/01/14 v3.01 AMS symbols B
) [1

{/var/lib/texmf/fonts/map/pdftex/updmap/pdftex.map}] [2] [3] [4] [5] [6]
LaTeX Font Info:    Trying to load font information for OT1+lmtt on input line 
506.

(/usr/share/texmf/tex/latex/lm/ot1lmtt.fd
File: ot1lmtt.fd 2015/05/01 v1.6.1 Font defs for Latin Modern
)
Overfull \hbox (98.04149pt too wide) in paragraph at lines 505--507
[]\OT1/lmr/bx/n/10.95 Al-go-rithm 1: EM--Bayesian GVAR fixed-point es-ti-ma-tio
n \OT1/lmr/m/n/10.95 (\OT1/lmtt/m/n/10 pipeline/export[]bvar[]gvar24[]loop.m\OT
1/lmr/m/n/10.95 ) 
 []

[7]
Overfull \hbox (0.34245pt too wide) in paragraph at lines 511--514
[]\OT1/lmr/bx/n/10.95 E-step (DK com-ple-tion). \OT1/lmr/m/n/10.95 For each blo
c, run the Durbin--Koopman smoother
 []

[8] [9]

Package natbib Warning: Citation `BanburaGiannoneLenza2015' on page 10 undefine
d on input line 629.


Package natbib Warning: Citation `RobertsonTallmanWhiteman2005' on page 10 unde
fined on input line 639.


Package natbib Warning: Citation `WaggonerZha1999' on page 10 undefined on inpu
t line 649.


Package natbib Warning: Citation `AntolinDiazPetrellaRubioRamirez2021' on page 
10 undefined on input line 649.


Package natbib Warning: Citation `Villani2009' on page 10 undefined on input li
ne 658.

[10]
Overfull \hbox (5.68127pt too wide) in paragraph at lines 709--716
[]\OT1/lmr/m/n/10.95 The vari-able set per bloc spans a macro core, a fi-nan-ci
al/credit block, and---for $\OT1/cmr/m/n/10.95 42$ \OT1/lmr/m/n/10.95 economies
---
 []

[11]
LaTeX Font Info:    Font shape `OT1/lmtt/bx/n' in size <10.95> not available
(Font)              Font shape `OT1/lmtt/b/n' tried instead on input line 793.
LaTeX Font Info:    Font shape `OT1/lmtt/bx/n' in size <10> not available
(Font)              Font shape `OT1/lmtt/b/n' tried instead on input line 793.

Overfull \hbox (127.4982pt too wide) in paragraph at lines 783--797
 [][] 
 []

[12]

Package natbib Warning: Citation `AmisanoGiacomini2007' on page 13 undefined on
 input line 821.

[13] [14]
<manual_figs/ui_gvar_ea.png, id=390, 1726.45pt x 1084.05pt>
File: manual_figs/ui_gvar_ea.png Graphic file (type png)
<use manual_figs/ui_gvar_ea.png>
Package luatex.def Info: manual_figs/ui_gvar_ea.png  used on input line 933.
(luatex.def)             Requested size: 371.43698pt x 233.21507pt.
 [15]
<manual_figs/ui_debt_panel.png, id=406, 449.68pt x 330.23375pt>
File: manual_figs/ui_debt_panel.png Graphic file (type png)
<use manual_figs/ui_debt_panel.png>
Package luatex.def Info: manual_figs/ui_debt_panel.png  used on input line 1009
.
(luatex.def)             Requested size: 371.43698pt x 272.7838pt.
 [16<./manual_figs/ui_gvar_ea.png>] [17]
Overfull \hbox (132.03322pt too wide) in paragraph at lines 1074--1078
\OT1/lmr/m/n/10.95 and re-pro-duced by the shipped pipeline (\OT1/lmtt/m/n/10 p
ipeline/export[]bvar[]gvar24[]loop.m\OT1/lmr/m/n/10.95 , \OT1/lmtt/m/n/10 app/s
cripts/precompute[]gvar[]coupling.mjs\OT1/lmr/m/n/10.95 ). 
 []

[18<./manual_figs/ui_debt_panel.png>] [19] (./paper_outline.bbl [20]) [21]
<MFFM_User_Manual.pdf, id=449, 614.295pt x 794.97pt>
File: MFFM_User_Manual.pdf Graphic file (type pdf)
<use MFFM_User_Manual.pdf>
Package luatex.def Info: MFFM_User_Manual.pdf  used on input line 1185.
(luatex.def)             Requested size: 614.29349pt x 794.96806pt.
File: MFFM_User_Manual.pdf Graphic file (type pdf)
<use MFFM_User_Manual.pdf>
Package luatex.def Info: MFFM_User_Manual.pdf  used on input line 1185.
(luatex.def)             Requested size: 614.29349pt x 794.96806pt.
<MFFM_User_Manual.pdf, id=452, page=1, 614.295pt x 794.97pt>
File: MFFM_User_Manual.pdf Graphic file (type pdf)
<use MFFM_User_Manual.pdf, page 1>
Package luatex.def Info: MFFM_User_Manual.pdf , page1 used on input line 1185.
(luatex.def)             Requested size: 614.29349pt x 794.96806pt.
File: MFFM_User_Manual.pdf Graphic file (type pdf)
<use MFFM_User_Manual.pdf, page 1>
Package luatex.def Info: MFFM_User_Manual.pdf , page1 used on input line 1185.
(luatex.def)             Requested size: 614.58406pt x 795.3441pt.

[22

]
File: MFFM_User_Manual.pdf Graphic file (type pdf)
<use MFFM_User_Manual.pdf, page 1>
Package luatex.def Info: MFFM_User_Manual.pdf , page1 used on input line 1185.
(luatex.def)             Requested size: 614.58406pt x 795.3441pt.
File: MFFM_User_Manual.pdf Graphic file (type pdf)
<use MFFM_User_Manual.pdf, page 1>
Package luatex.def Info: MFFM_User_Manual.pdf , page1 used on input line 1185.
(luatex.def)             Requested size: 614.58406pt x 795.3441pt.
File: MFFM_User_Manual.pdf Graphic file (type pdf)
<use MFFM_User_Manual.pdf, page 1>
Package luatex.def Info: MFFM_User_Manual.pdf , page1 used on input line 1185.
(luatex.def)             Requested size: 614.58406pt x 795.3441pt.
 [23

<./MFFM_User_Manual.pdf>]
<MFFM_User_Manual.pdf, id=495, page=2, 614.295pt x 794.97pt>
File: MFFM_User_Manual.pdf Graphic file (type pdf)
<use MFFM_User_Manual.pdf, page 2>
Package luatex.def Info: MFFM_User_Manual.pdf , page2 used on input line 1185.
(luatex.def)             Requested size: 614.58406pt x 795.3441pt.
File: MFFM_User_Manual.pdf Graphic file (type pdf)
<use MFFM_User_Manual.pdf, page 2>
Package luatex.def Info: MFFM_User_Manual.pdf , page2 used on input line 1185.
(luatex.def)             Requested size: 614.58406pt x 795.3441pt.
File: MFFM_User_Manual.pdf Graphic file (type pdf)
<use MFFM_User_Manual.pdf, page 2>
Package luatex.def Info: MFFM_User_Manual.pdf , page2 used on input line 1185.
(luatex.def)             Requested size: 614.58406pt x 795.3441pt.
 [24

<./MFFM_User_Manual.pdf>]
<MFFM_User_Manual.pdf, id=512, page=3, 614.295pt x 794.97pt>
File: MFFM_User_Manual.pdf Graphic file (type pdf)
<use MFFM_User_Manual.pdf, page 3>
Package luatex.def Info: MFFM_User_Manual.pdf , page3 used on input line 1185.
(luatex.def)             Requested size: 614.58406pt x 795.3441pt.
File: MFFM_User_Manual.pdf Graphic file (type pdf)
<use MFFM_User_Manual.pdf, page 3>
Package luatex.def Info: MFFM_User_Manual.pdf , page3 used on input line 1185.
(luatex.def)             Requested size: 614.58406pt x 795.3441pt.
File: MFFM_User_Manual.pdf Graphic file (type pdf)
<use MFFM_User_Manual.pdf, page 3>
Package luatex.def Info: MFFM_User_Manual.pdf , page3 used on input line 1185.
(luatex.def)             Requested size: 614.58406pt x 795.3441pt.
 [25

<./MFFM_User_Manual.pdf>]
<MFFM_User_Manual.pdf, id=517, page=4, 614.295pt x 794.97pt>
File: MFFM_User_Manual.pdf Graphic file (type pdf)
<use MFFM_User_Manual.pdf, page 4>
Package luatex.def Info: MFFM_User_Manual.pdf , page4 used on input line 1185.
(luatex.def)             Requested size: 614.58406pt x 795.3441pt.
File: MFFM_User_Manual.pdf Graphic file (type pdf)
<use MFFM_User_Manual.pdf, page 4>
Package luatex.def Info: MFFM_User_Manual.pdf , page4 used on input line 1185.
(luatex.def)             Requested size: 614.58406pt x 795.3441pt.
File: MFFM_User_Manual.pdf Graphic file (type pdf)
<use MFFM_User_Manual.pdf, page 4>
Package luatex.def Info: MFFM_User_Manual.pdf , page4 used on input line 1185.
(luatex.def)             Requested size: 614.58406pt x 795.3441pt.
 [26

<./MFFM_User_Manual.pdf>]
<MFFM_User_Manual.pdf, id=522, page=5, 614.295pt x 794.97pt>
File: MFFM_User_Manual.pdf Graphic file (type pdf)
<use MFFM_User_Manual.pdf, page 5>
Package luatex.def Info: MFFM_User_Manual.pdf , page5 used on input line 1185.
(luatex.def)             Requested size: 614.58406pt x 795.3441pt.
File: MFFM_User_Manual.pdf Graphic file (type pdf)
<use MFFM_User_Manual.pdf, page 5>
Package luatex.def Info: MFFM_User_Manual.pdf , page5 used on input line 1185.
(luatex.def)             Requested size: 614.58406pt x 795.3441pt.
File: MFFM_User_Manual.pdf Graphic file (type pdf)
<use MFFM_User_Manual.pdf, page 5>
Package luatex.def Info: MFFM_User_Manual.pdf , page5 used on input line 1185.
(luatex.def)             Requested size: 614.58406pt x 795.3441pt.
 [27

<./MFFM_User_Manual.pdf>]
<MFFM_User_Manual.pdf, id=536, page=6, 614.295pt x 794.97pt>
File: MFFM_User_Manual.pdf Graphic file (type pdf)
<use MFFM_User_Manual.pdf, page 6>
Package luatex.def Info: MFFM_User_Manual.pdf , page6 used on input line 1185.
(luatex.def)             Requested size: 614.58406pt x 795.3441pt.
File: MFFM_User_Manual.pdf Graphic file (type pdf)
<use MFFM_User_Manual.pdf, page 6>
Package luatex.def Info: MFFM_User_Manual.pdf , page6 used on input line 1185.
(luatex.def)             Requested size: 614.58406pt x 795.3441pt.
File: MFFM_User_Manual.pdf Graphic file (type pdf)
<use MFFM_User_Manual.pdf, page 6>
Package luatex.def Info: MFFM_User_Manual.pdf , page6 used on input line 1185.
(luatex.def)             Requested size: 614.58406pt x 795.3441pt.
 [28

<./MFFM_User_Manual.pdf>]
<MFFM_User_Manual.pdf, id=588, page=7, 614.295pt x 794.97pt>
File: MFFM_User_Manual.pdf Graphic file (type pdf)
<use MFFM_User_Manual.pdf, page 7>
Package luatex.def Info: MFFM_User_Manual.pdf , page7 used on input line 1185.
(luatex.def)             Requested size: 614.58406pt x 795.3441pt.
File: MFFM_User_Manual.pdf Graphic file (type pdf)
<use MFFM_User_Manual.pdf, page 7>
Package luatex.def Info: MFFM_User_Manual.pdf , page7 used on input line 1185.
(luatex.def)             Requested size: 614.58406pt x 795.3441pt.
File: MFFM_User_Manual.pdf Graphic file (type pdf)
<use MFFM_User_Manual.pdf, page 7>
Package luatex.def Info: MFFM_User_Manual.pdf , page7 used on input line 1185.
(luatex.def)             Requested size: 614.58406pt x 795.3441pt.
 [29

<./MFFM_User_Manual.pdf>]
<MFFM_User_Manual.pdf, id=598, page=8, 614.295pt x 794.97pt>
File: MFFM_User_Manual.pdf Graphic file (type pdf)
<use MFFM_User_Manual.pdf, page 8>
Package luatex.def Info: MFFM_User_Manual.pdf , page8 used on input line 1185.
(luatex.def)             Requested size: 614.58406pt x 795.3441pt.
File: MFFM_User_Manual.pdf Graphic file (type pdf)
<use MFFM_User_Manual.pdf, page 8>
Package luatex.def Info: MFFM_User_Manual.pdf , page8 used on input line 1185.
(luatex.def)             Requested size: 614.58406pt x 795.3441pt.
File: MFFM_User_Manual.pdf Graphic file (type pdf)
<use MFFM_User_Manual.pdf, page 8>
Package luatex.def Info: MFFM_User_Manual.pdf , page8 used on input line 1185.
(luatex.def)             Requested size: 614.58406pt x 795.3441pt.
 [30

<./MFFM_User_Manual.pdf>]
<MFFM_User_Manual.pdf, id=607, page=9, 614.295pt x 794.97pt>
File: MFFM_User_Manual.pdf Graphic file (type pdf)
<use MFFM_User_Manual.pdf, page 9>
Package luatex.def Info: MFFM_User_Manual.pdf , page9 used on input line 1185.
(luatex.def)             Requested size: 614.58406pt x 795.3441pt.
File: MFFM_User_Manual.pdf Graphic file (type pdf)
<use MFFM_User_Manual.pdf, page 9>
Package luatex.def Info: MFFM_User_Manual.pdf , page9 used on input line 1185.
(luatex.def)             Requested size: 614.58406pt x 795.3441pt.
File: MFFM_User_Manual.pdf Graphic file (type pdf)
<use MFFM_User_Manual.pdf, page 9>
Package luatex.def Info: MFFM_User_Manual.pdf , page9 used on input line 1185.
(luatex.def)             Requested size: 614.58406pt x 795.3441pt.

[31

<./MFFM_User_Manual.pdf>]
<MFFM_User_Manual.pdf, id=625, page=10, 614.295pt x 794.97pt>
File: MFFM_User_Manual.pdf Graphic file (type pdf)
<use MFFM_User_Manual.pdf, page 10>
Package luatex.def Info: MFFM_User_Manual.pdf , page10 used on input line 1185.

(luatex.def)             Requested size: 614.58406pt x 795.3441pt.
File: MFFM_User_Manual.pdf Graphic file (type pdf)
<use MFFM_User_Manual.pdf, page 10>
Package luatex.def Info: MFFM_User_Manual.pdf , page10 used on input line 1185.

(luatex.def)             Requested size: 614.58406pt x 795.3441pt.
File: MFFM_User_Manual.pdf Graphic file (type pdf)
<use MFFM_User_Manual.pdf, page 10>
Package luatex.def Info: MFFM_User_Manual.pdf , page10 used on input line 1185.

(luatex.def)             Requested size: 614.58406pt x 795.3441pt.
 [32

<./MFFM_User_Manual.pdf>]
<MFFM_User_Manual.pdf, id=630, page=11, 614.295pt x 794.97pt>
File: MFFM_User_Manual.pdf Graphic file (type pdf)
<use MFFM_User_Manual.pdf, page 11>
Package luatex.def Info: MFFM_User_Manual.pdf , page11 used on input line 1185.

(luatex.def)             Requested size: 614.58406pt x 795.3441pt.
File: MFFM_User_Manual.pdf Graphic file (type pdf)
<use MFFM_User_Manual.pdf, page 11>
Package luatex.def Info: MFFM_User_Manual.pdf , page11 used on input line 1185.

(luatex.def)             Requested size: 614.58406pt x 795.3441pt.
File: MFFM_User_Manual.pdf Graphic file (type pdf)
<use MFFM_User_Manual.pdf, page 11>
Package luatex.def Info: MFFM_User_Manual.pdf , page11 used on input line 1185.

(luatex.def)             Requested size: 614.58406pt x 795.3441pt.
 [33

<./MFFM_User_Manual.pdf>]
<MFFM_User_Manual.pdf, id=635, page=12, 614.295pt x 794.97pt>
File: MFFM_User_Manual.pdf Graphic file (type pdf)
<use MFFM_User_Manual.pdf, page 12>
Package luatex.def Info: MFFM_User_Manual.pdf , page12 used on input line 1185.

(luatex.def)             Requested size: 614.58406pt x 795.3441pt.
File: MFFM_User_Manual.pdf Graphic file (type pdf)
<use MFFM_User_Manual.pdf, page 12>
Package luatex.def Info: MFFM_User_Manual.pdf , page12 used on input line 1185.

(luatex.def)             Requested size: 614.58406pt x 795.3441pt.
File: MFFM_User_Manual.pdf Graphic file (type pdf)
<use MFFM_User_Manual.pdf, page 12>
Package luatex.def Info: MFFM_User_Manual.pdf , page12 used on input line 1185.

(luatex.def)             Requested size: 614.58406pt x 795.3441pt.
 [34

<./MFFM_User_Manual.pdf>]
<MFFM_User_Manual.pdf, id=640, page=13, 614.295pt x 794.97pt>
File: MFFM_User_Manual.pdf Graphic file (type pdf)
<use MFFM_User_Manual.pdf, page 13>
Package luatex.def Info: MFFM_User_Manual.pdf , page13 used on input line 1185.

(luatex.def)             Requested size: 614.58406pt x 795.3441pt.
File: MFFM_User_Manual.pdf Graphic file (type pdf)
<use MFFM_User_Manual.pdf, page 13>
Package luatex.def Info: MFFM_User_Manual.pdf , page13 used on input line 1185.

(luatex.def)             Requested size: 614.58406pt x 795.3441pt.
File: MFFM_User_Manual.pdf Graphic file (type pdf)
<use MFFM_User_Manual.pdf, page 13>
Package luatex.def Info: MFFM_User_Manual.pdf , page13 used on input line 1185.

(luatex.def)             Requested size: 614.58406pt x 795.3441pt.
 [35

<./MFFM_User_Manual.pdf>]
<MFFM_User_Manual.pdf, id=661, page=14, 614.295pt x 794.97pt>
File: MFFM_User_Manual.pdf Graphic file (type pdf)
<use MFFM_User_Manual.pdf, page 14>
Package luatex.def Info: MFFM_User_Manual.pdf , page14 used on input line 1185.

(luatex.def)             Requested size: 614.58406pt x 795.3441pt.
File: MFFM_User_Manual.pdf Graphic file (type pdf)
<use MFFM_User_Manual.pdf, page 14>
Package luatex.def Info: MFFM_User_Manual.pdf , page14 used on input line 1185.

(luatex.def)             Requested size: 614.58406pt x 795.3441pt.
File: MFFM_User_Manual.pdf Graphic file (type pdf)
<use MFFM_User_Manual.pdf, page 14>
Package luatex.def Info: MFFM_User_Manual.pdf , page14 used on input line 1185.

(luatex.def)             Requested size: 614.58406pt x 795.3441pt.
 [36

<./MFFM_User_Manual.pdf>]
<MFFM_User_Manual.pdf, id=666, page=15, 614.295pt x 794.97pt>
File: MFFM_User_Manual.pdf Graphic file (type pdf)
<use MFFM_User_Manual.pdf, page 15>
Package luatex.def Info: MFFM_User_Manual.pdf , page15 used on input line 1185.

(luatex.def)             Requested size: 614.58406pt x 795.3441pt.
File: MFFM_User_Manual.pdf Graphic file (type pdf)
<use MFFM_User_Manual.pdf, page 15>
Package luatex.def Info: MFFM_User_Manual.pdf , page15 used on input line 1185.

(luatex.def)             Requested size: 614.58406pt x 795.3441pt.
File: MFFM_User_Manual.pdf Graphic file (type pdf)
<use MFFM_User_Manual.pdf, page 15>
Package luatex.def Info: MFFM_User_Manual.pdf , page15 used on input line 1185.

(luatex.def)             Requested size: 614.58406pt x 795.3441pt.
 [37

<./MFFM_User_Manual.pdf>]
<MFFM_User_Manual.pdf, id=672, page=16, 614.295pt x 794.97pt>
File: MFFM_User_Manual.pdf Graphic file (type pdf)
<use MFFM_User_Manual.pdf, page 16>
Package luatex.def Info: MFFM_User_Manual.pdf , page16 used on input line 1185.

(luatex.def)             Requested size: 614.58406pt x 795.3441pt.
File: MFFM_User_Manual.pdf Graphic file (type pdf)
<use MFFM_User_Manual.pdf, page 16>
Package luatex.def Info: MFFM_User_Manual.pdf , page16 used on input line 1185.

(luatex.def)             Requested size: 614.58406pt x 795.3441pt.
File: MFFM_User_Manual.pdf Graphic file (type pdf)
<use MFFM_User_Manual.pdf, page 16>
Package luatex.def Info: MFFM_User_Manual.pdf , page16 used on input line 1185.

(luatex.def)             Requested size: 614.58406pt x 795.3441pt.
 [38

<./MFFM_User_Manual.pdf>]
<MFFM_User_Manual.pdf, id=679, page=17, 614.295pt x 794.97pt>
File: MFFM_User_Manual.pdf Graphic file (type pdf)
<use MFFM_User_Manual.pdf, page 17>
Package luatex.def Info: MFFM_User_Manual.pdf , page17 used on input line 1185.

(luatex.def)             Requested size: 614.58406pt x 795.3441pt.
File: MFFM_User_Manual.pdf Graphic file (type pdf)
<use MFFM_User_Manual.pdf, page 17>
Package luatex.def Info: MFFM_User_Manual.pdf , page17 used on input line 1185.

(luatex.def)             Requested size: 614.58406pt x 795.3441pt.
File: MFFM_User_Manual.pdf Graphic file (type pdf)
<use MFFM_User_Manual.pdf, page 17>
Package luatex.def Info: MFFM_User_Manual.pdf , page17 used on input line 1185.

(luatex.def)             Requested size: 614.58406pt x 795.3441pt.

[39

<./MFFM_User_Manual.pdf>]
<MFFM_User_Manual.pdf, id=684, page=18, 614.295pt x 794.97pt>
File: MFFM_User_Manual.pdf Graphic file (type pdf)
<use MFFM_User_Manual.pdf, page 18>
Package luatex.def Info: MFFM_User_Manual.pdf , page18 used on input line 1185.

(luatex.def)             Requested size: 614.58406pt x 795.3441pt.
File: MFFM_User_Manual.pdf Graphic file (type pdf)
<use MFFM_User_Manual.pdf, page 18>
Package luatex.def Info: MFFM_User_Manual.pdf , page18 used on input line 1185.

(luatex.def)             Requested size: 614.58406pt x 795.3441pt.
File: MFFM_User_Manual.pdf Graphic file (type pdf)
<use MFFM_User_Manual.pdf, page 18>
Package luatex.def Info: MFFM_User_Manual.pdf , page18 used on input line 1185.

(luatex.def)             Requested size: 614.58406pt x 795.3441pt.
 [40

<./MFFM_User_Manual.pdf>]
<MFFM_User_Manual.pdf, id=689, page=19, 614.295pt x 794.97pt>
File: MFFM_User_Manual.pdf Graphic file (type pdf)
<use MFFM_User_Manual.pdf, page 19>
Package luatex.def Info: MFFM_User_Manual.pdf , page19 used on input line 1185.

(luatex.def)             Requested size: 614.58406pt x 795.3441pt.
File: MFFM_User_Manual.pdf Graphic file (type pdf)
<use MFFM_User_Manual.pdf, page 19>
Package luatex.def Info: MFFM_User_Manual.pdf , page19 used on input line 1185.

(luatex.def)             Requested size: 614.58406pt x 795.3441pt.
File: MFFM_User_Manual.pdf Graphic file (type pdf)
<use MFFM_User_Manual.pdf, page 19>
Package luatex.def Info: MFFM_User_Manual.pdf , page19 used on input line 1185.

(luatex.def)             Requested size: 614.58406pt x 795.3441pt.
 [41

<./MFFM_User_Manual.pdf>]
<MFFM_User_Manual.pdf, id=704, page=20, 614.295pt x 794.97pt>
File: MFFM_User_Manual.pdf Graphic file (type pdf)
<use MFFM_User_Manual.pdf, page 20>
Package luatex.def Info: MFFM_User_Manual.pdf , page20 used on input line 1185.

(luatex.def)             Requested size: 614.58406pt x 795.3441pt.
File: MFFM_User_Manual.pdf Graphic file (type pdf)
<use MFFM_User_Manual.pdf, page 20>
Package luatex.def Info: MFFM_User_Manual.pdf , page20 used on input line 1185.

(luatex.def)             Requested size: 614.58406pt x 795.3441pt.
File: MFFM_User_Manual.pdf Graphic file (type pdf)
<use MFFM_User_Manual.pdf, page 20>
Package luatex.def Info: MFFM_User_Manual.pdf , page20 used on input line 1185.

(luatex.def)             Requested size: 614.58406pt x 795.3441pt.
 [42

<./MFFM_User_Manual.pdf>]
<MFFM_User_Manual.pdf, id=709, page=21, 614.295pt x 794.97pt>
File: MFFM_User_Manual.pdf Graphic file (type pdf)
<use MFFM_User_Manual.pdf, page 21>
Package luatex.def Info: MFFM_User_Manual.pdf , page21 used on input line 1185.

(luatex.def)             Requested size: 614.58406pt x 795.3441pt.
File: MFFM_User_Manual.pdf Graphic file (type pdf)
<use MFFM_User_Manual.pdf, page 21>
Package luatex.def Info: MFFM_User_Manual.pdf , page21 used on input line 1185.

(luatex.def)             Requested size: 614.58406pt x 795.3441pt.
File: MFFM_User_Manual.pdf Graphic file (type pdf)
<use MFFM_User_Manual.pdf, page 21>
Package luatex.def Info: MFFM_User_Manual.pdf , page21 used on input line 1185.

(luatex.def)             Requested size: 614.58406pt x 795.3441pt.
 [43

<./MFFM_User_Manual.pdf>]
<MFFM_User_Manual.pdf, id=714, page=22, 614.295pt x 794.97pt>
File: MFFM_User_Manual.pdf Graphic file (type pdf)
<use MFFM_User_Manual.pdf, page 22>
Package luatex.def Info: MFFM_User_Manual.pdf , page22 used on input line 1185.

(luatex.def)             Requested size: 614.58406pt x 795.3441pt.
File: MFFM_User_Manual.pdf Graphic file (type pdf)
<use MFFM_User_Manual.pdf, page 22>
Package luatex.def Info: MFFM_User_Manual.pdf , page22 used on input line 1185.

(luatex.def)             Requested size: 614.58406pt x 795.3441pt.
File: MFFM_User_Manual.pdf Graphic file (type pdf)
<use MFFM_User_Manual.pdf, page 22>
Package luatex.def Info: MFFM_User_Manual.pdf , page22 used on input line 1185.

(luatex.def)             Requested size: 614.58406pt x 795.3441pt.
 [44

<./MFFM_User_Manual.pdf>]
<MFFM_User_Manual.pdf, id=731, page=23, 614.295pt x 794.97pt>
File: MFFM_User_Manual.pdf Graphic file (type pdf)
<use MFFM_User_Manual.pdf, page 23>
Package luatex.def Info: MFFM_User_Manual.pdf , page23 used on input line 1185.

(luatex.def)             Requested size: 614.58406pt x 795.3441pt.
File: MFFM_User_Manual.pdf Graphic file (type pdf)
<use MFFM_User_Manual.pdf, page 23>
Package luatex.def Info: MFFM_User_Manual.pdf , page23 used on input line 1185.

(luatex.def)             Requested size: 614.58406pt x 795.3441pt.
File: MFFM_User_Manual.pdf Graphic file (type pdf)
<use MFFM_User_Manual.pdf, page 23>
Package luatex.def Info: MFFM_User_Manual.pdf , page23 used on input line 1185.

(luatex.def)             Requested size: 614.58406pt x 795.3441pt.
 [45

<./MFFM_User_Manual.pdf>]
<MFFM_User_Manual.pdf, id=736, page=24, 614.295pt x 794.97pt>
File: MFFM_User_Manual.pdf Graphic file (type pdf)
<use MFFM_User_Manual.pdf, page 24>
Package luatex.def Info: MFFM_User_Manual.pdf , page24 used on input line 1185.

(luatex.def)             Requested size: 614.58406pt x 795.3441pt.
File: MFFM_User_Manual.pdf Graphic file (type pdf)
<use MFFM_User_Manual.pdf, page 24>
Package luatex.def Info: MFFM_User_Manual.pdf , page24 used on input line 1185.

(luatex.def)             Requested size: 614.58406pt x 795.3441pt.
File: MFFM_User_Manual.pdf Graphic file (type pdf)
<use MFFM_User_Manual.pdf, page 24>
Package luatex.def Info: MFFM_User_Manual.pdf , page24 used on input line 1185.

(luatex.def)             Requested size: 614.58406pt x 795.3441pt.
 [46

<./MFFM_User_Manual.pdf>]
<MFFM_User_Manual.pdf, id=741, page=25, 614.295pt x 794.97pt>
File: MFFM_User_Manual.pdf Graphic file (type pdf)
<use MFFM_User_Manual.pdf, page 25>
Package luatex.def Info: MFFM_User_Manual.pdf , page25 used on input line 1185.

(luatex.def)             Requested size: 614.58406pt x 795.3441pt.
File: MFFM_User_Manual.pdf Graphic file (type pdf)
<use MFFM_User_Manual.pdf, page 25>
Package luatex.def Info: MFFM_User_Manual.pdf , page25 used on input line 1185.

(luatex.def)             Requested size: 614.58406pt x 795.3441pt.
File: MFFM_User_Manual.pdf Graphic file (type pdf)
<use MFFM_User_Manual.pdf, page 25>
Package luatex.def Info: MFFM_User_Manual.pdf , page25 used on input line 1185.

(luatex.def)             Requested size: 614.58406pt x 795.3441pt.

[47

<./MFFM_User_Manual.pdf>]
<MFFM_User_Manual.pdf, id=747, page=26, 614.295pt x 794.97pt>
File: MFFM_User_Manual.pdf Graphic file (type pdf)
<use MFFM_User_Manual.pdf, page 26>
Package luatex.def Info: MFFM_User_Manual.pdf , page26 used on input line 1185.

(luatex.def)             Requested size: 614.58406pt x 795.3441pt.
File: MFFM_User_Manual.pdf Graphic file (type pdf)
<use MFFM_User_Manual.pdf, page 26>
Package luatex.def Info: MFFM_User_Manual.pdf , page26 used on input line 1185.

(luatex.def)             Requested size: 614.58406pt x 795.3441pt.
File: MFFM_User_Manual.pdf Graphic file (type pdf)
<use MFFM_User_Manual.pdf, page 26>
Package luatex.def Info: MFFM_User_Manual.pdf , page26 used on input line 1185.

(luatex.def)             Requested size: 614.58406pt x 795.3441pt.
 [48

<./MFFM_User_Manual.pdf>]
<MFFM_User_Manual.pdf, id=752, page=27, 614.295pt x 794.97pt>
File: MFFM_User_Manual.pdf Graphic file (type pdf)
<use MFFM_User_Manual.pdf, page 27>
Package luatex.def Info: MFFM_User_Manual.pdf , page27 used on input line 1185.

(luatex.def)             Requested size: 614.58406pt x 795.3441pt.
File: MFFM_User_Manual.pdf Graphic file (type pdf)
<use MFFM_User_Manual.pdf, page 27>
Package luatex.def Info: MFFM_User_Manual.pdf , page27 used on input line 1185.

(luatex.def)             Requested size: 614.58406pt x 795.3441pt.
File: MFFM_User_Manual.pdf Graphic file (type pdf)
<use MFFM_User_Manual.pdf, page 27>
Package luatex.def Info: MFFM_User_Manual.pdf , page27 used on input line 1185.

(luatex.def)             Requested size: 614.58406pt x 795.3441pt.
 [49

<./MFFM_User_Manual.pdf>]
<MFFM_User_Manual.pdf, id=757, page=28, 614.295pt x 794.97pt>
File: MFFM_User_Manual.pdf Graphic file (type pdf)
<use MFFM_User_Manual.pdf, page 28>
Package luatex.def Info: MFFM_User_Manual.pdf , page28 used on input line 1185.

(luatex.def)             Requested size: 614.58406pt x 795.3441pt.
File: MFFM_User_Manual.pdf Graphic file (type pdf)
<use MFFM_User_Manual.pdf, page 28>
Package luatex.def Info: MFFM_User_Manual.pdf , page28 used on input line 1185.

(luatex.def)             Requested size: 614.58406pt x 795.3441pt.
File: MFFM_User_Manual.pdf Graphic file (type pdf)
<use MFFM_User_Manual.pdf, page 28>
Package luatex.def Info: MFFM_User_Manual.pdf , page28 used on input line 1185.

(luatex.def)             Requested size: 614.58406pt x 795.3441pt.
 [50

<./MFFM_User_Manual.pdf>]
<MFFM_User_Manual.pdf, id=771, page=29, 614.295pt x 794.97pt>
File: MFFM_User_Manual.pdf Graphic file (type pdf)
<use MFFM_User_Manual.pdf, page 29>
Package luatex.def Info: MFFM_User_Manual.pdf , page29 used on input line 1185.

(luatex.def)             Requested size: 614.58406pt x 795.3441pt.
File: MFFM_User_Manual.pdf Graphic file (type pdf)
<use MFFM_User_Manual.pdf, page 29>
Package luatex.def Info: MFFM_User_Manual.pdf , page29 used on input line 1185.

(luatex.def)             Requested size: 614.58406pt x 795.3441pt.
File: MFFM_User_Manual.pdf Graphic file (type pdf)
<use MFFM_User_Manual.pdf, page 29>
Package luatex.def Info: MFFM_User_Manual.pdf , page29 used on input line 1185.

(luatex.def)             Requested size: 614.58406pt x 795.3441pt.
 [51

<./MFFM_User_Manual.pdf>]
<MFFM_User_Manual.pdf, id=789, page=30, 614.295pt x 794.97pt>
File: MFFM_User_Manual.pdf Graphic file (type pdf)
<use MFFM_User_Manual.pdf, page 30>
Package luatex.def Info: MFFM_User_Manual.pdf , page30 used on input line 1185.

(luatex.def)             Requested size: 614.58406pt x 795.3441pt.
File: MFFM_User_Manual.pdf Graphic file (type pdf)
<use MFFM_User_Manual.pdf, page 30>
Package luatex.def Info: MFFM_User_Manual.pdf , page30 used on input line 1185.

(luatex.def)             Requested size: 614.58406pt x 795.3441pt.
File: MFFM_User_Manual.pdf Graphic file (type pdf)
<use MFFM_User_Manual.pdf, page 30>
Package luatex.def Info: MFFM_User_Manual.pdf , page30 used on input line 1185.

(luatex.def)             Requested size: 614.58406pt x 795.3441pt.
 [52

<./MFFM_User_Manual.pdf>]
<MFFM_User_Manual.pdf, id=795, page=31, 614.295pt x 794.97pt>
File: MFFM_User_Manual.pdf Graphic file (type pdf)
<use MFFM_User_Manual.pdf, page 31>
Package luatex.def Info: MFFM_User_Manual.pdf , page31 used on input line 1185.

(luatex.def)             Requested size: 614.58406pt x 795.3441pt.
File: MFFM_User_Manual.pdf Graphic file (type pdf)
<use MFFM_User_Manual.pdf, page 31>
Package luatex.def Info: MFFM_User_Manual.pdf , page31 used on input line 1185.

(luatex.def)             Requested size: 614.58406pt x 795.3441pt.
File: MFFM_User_Manual.pdf Graphic file (type pdf)
<use MFFM_User_Manual.pdf, page 31>
Package luatex.def Info: MFFM_User_Manual.pdf , page31 used on input line 1185.

(luatex.def)             Requested size: 614.58406pt x 795.3441pt.
 [53

<./MFFM_User_Manual.pdf>]
<MFFM_User_Manual.pdf, id=800, page=32, 614.295pt x 794.97pt>
File: MFFM_User_Manual.pdf Graphic file (type pdf)
<use MFFM_User_Manual.pdf, page 32>
Package luatex.def Info: MFFM_User_Manual.pdf , page32 used on input line 1185.

(luatex.def)             Requested size: 614.58406pt x 795.3441pt.
File: MFFM_User_Manual.pdf Graphic file (type pdf)
<use MFFM_User_Manual.pdf, page 32>
Package luatex.def Info: MFFM_User_Manual.pdf , page32 used on input line 1185.

(luatex.def)             Requested size: 614.58406pt x 795.3441pt.
File: MFFM_User_Manual.pdf Graphic file (type pdf)
<use MFFM_User_Manual.pdf, page 32>
Package luatex.def Info: MFFM_User_Manual.pdf , page32 used on input line 1185.

(luatex.def)             Requested size: 614.58406pt x 795.3441pt.
 [54

<./MFFM_User_Manual.pdf>]
<MFFM_User_Manual.pdf, id=805, page=33, 614.295pt x 794.97pt>
File: MFFM_User_Manual.pdf Graphic file (type pdf)
<use MFFM_User_Manual.pdf, page 33>
Package luatex.def Info: MFFM_User_Manual.pdf , page33 used on input line 1185.

(luatex.def)             Requested size: 614.58406pt x 795.3441pt.
File: MFFM_User_Manual.pdf Graphic file (type pdf)
<use MFFM_User_Manual.pdf, page 33>
Package luatex.def Info: MFFM_User_Manual.pdf , page33 used on input line 1185.

(luatex.def)             Requested size: 614.58406pt x 795.3441pt.
File: MFFM_User_Manual.pdf Graphic file (type pdf)
<use MFFM_User_Manual.pdf, page 33>
Package luatex.def Info: MFFM_User_Manual.pdf , page33 used on input line 1185.

(luatex.def)             Requested size: 614.58406pt x 795.3441pt.

[55

<./MFFM_User_Manual.pdf>]
<MFFM_User_Manual.pdf, id=810, page=34, 614.295pt x 794.97pt>
File: MFFM_User_Manual.pdf Graphic file (type pdf)
<use MFFM_User_Manual.pdf, page 34>
Package luatex.def Info: MFFM_User_Manual.pdf , page34 used on input line 1185.

(luatex.def)             Requested size: 614.58406pt x 795.3441pt.
File: MFFM_User_Manual.pdf Graphic file (type pdf)
<use MFFM_User_Manual.pdf, page 34>
Package luatex.def Info: MFFM_User_Manual.pdf , page34 used on input line 1185.

(luatex.def)             Requested size: 614.58406pt x 795.3441pt.
File: MFFM_User_Manual.pdf Graphic file (type pdf)
<use MFFM_User_Manual.pdf, page 34>
Package luatex.def Info: MFFM_User_Manual.pdf , page34 used on input line 1185.

(luatex.def)             Requested size: 614.58406pt x 795.3441pt.
 [56

<./MFFM_User_Manual.pdf>]
<MFFM_User_Manual.pdf, id=815, page=35, 614.295pt x 794.97pt>
File: MFFM_User_Manual.pdf Graphic file (type pdf)
<use MFFM_User_Manual.pdf, page 35>
Package luatex.def Info: MFFM_User_Manual.pdf , page35 used on input line 1185.

(luatex.def)             Requested size: 614.58406pt x 795.3441pt.
File: MFFM_User_Manual.pdf Graphic file (type pdf)
<use MFFM_User_Manual.pdf, page 35>
Package luatex.def Info: MFFM_User_Manual.pdf , page35 used on input line 1185.

(luatex.def)             Requested size: 614.58406pt x 795.3441pt.
File: MFFM_User_Manual.pdf Graphic file (type pdf)
<use MFFM_User_Manual.pdf, page 35>
Package luatex.def Info: MFFM_User_Manual.pdf , page35 used on input line 1185.

(luatex.def)             Requested size: 614.58406pt x 795.3441pt.
 [57

<./MFFM_User_Manual.pdf>]
<MFFM_User_Manual.pdf, id=820, page=36, 614.295pt x 794.97pt>
File: MFFM_User_Manual.pdf Graphic file (type pdf)
<use MFFM_User_Manual.pdf, page 36>
Package luatex.def Info: MFFM_User_Manual.pdf , page36 used on input line 1185.

(luatex.def)             Requested size: 614.58406pt x 795.3441pt.
File: MFFM_User_Manual.pdf Graphic file (type pdf)
<use MFFM_User_Manual.pdf, page 36>
Package luatex.def Info: MFFM_User_Manual.pdf , page36 used on input line 1185.

(luatex.def)             Requested size: 614.58406pt x 795.3441pt.
File: MFFM_User_Manual.pdf Graphic file (type pdf)
<use MFFM_User_Manual.pdf, page 36>
Package luatex.def Info: MFFM_User_Manual.pdf , page36 used on input line 1185.

(luatex.def)             Requested size: 614.58406pt x 795.3441pt.
 [58

<./MFFM_User_Manual.pdf>]
<MFFM_User_Manual.pdf, id=825, page=37, 614.295pt x 794.97pt>
File: MFFM_User_Manual.pdf Graphic file (type pdf)
<use MFFM_User_Manual.pdf, page 37>
Package luatex.def Info: MFFM_User_Manual.pdf , page37 used on input line 1185.

(luatex.def)             Requested size: 614.58406pt x 795.3441pt.
File: MFFM_User_Manual.pdf Graphic file (type pdf)
<use MFFM_User_Manual.pdf, page 37>
Package luatex.def Info: MFFM_User_Manual.pdf , page37 used on input line 1185.

(luatex.def)             Requested size: 614.58406pt x 795.3441pt.
File: MFFM_User_Manual.pdf Graphic file (type pdf)
<use MFFM_User_Manual.pdf, page 37>
Package luatex.def Info: MFFM_User_Manual.pdf , page37 used on input line 1185.

(luatex.def)             Requested size: 614.58406pt x 795.3441pt.
 [59

<./MFFM_User_Manual.pdf>]
<MFFM_User_Manual.pdf, id=831, page=38, 614.295pt x 794.97pt>
File: MFFM_User_Manual.pdf Graphic file (type pdf)
<use MFFM_User_Manual.pdf, page 38>
Package luatex.def Info: MFFM_User_Manual.pdf , page38 used on input line 1185.

(luatex.def)             Requested size: 614.58406pt x 795.3441pt.
File: MFFM_User_Manual.pdf Graphic file (type pdf)
<use MFFM_User_Manual.pdf, page 38>
Package luatex.def Info: MFFM_User_Manual.pdf , page38 used on input line 1185.

(luatex.def)             Requested size: 614.58406pt x 795.3441pt.
File: MFFM_User_Manual.pdf Graphic file (type pdf)
<use MFFM_User_Manual.pdf, page 38>
Package luatex.def Info: MFFM_User_Manual.pdf , page38 used on input line 1185.

(luatex.def)             Requested size: 614.58406pt x 795.3441pt.
 [60

<./MFFM_User_Manual.pdf>]
<MFFM_User_Manual.pdf, id=836, page=39, 614.295pt x 794.97pt>
File: MFFM_User_Manual.pdf Graphic file (type pdf)
<use MFFM_User_Manual.pdf, page 39>
Package luatex.def Info: MFFM_User_Manual.pdf , page39 used on input line 1185.

(luatex.def)             Requested size: 614.58406pt x 795.3441pt.
File: MFFM_User_Manual.pdf Graphic file (type pdf)
<use MFFM_User_Manual.pdf, page 39>
Package luatex.def Info: MFFM_User_Manual.pdf , page39 used on input line 1185.

(luatex.def)             Requested size: 614.58406pt x 795.3441pt.
File: MFFM_User_Manual.pdf Graphic file (type pdf)
<use MFFM_User_Manual.pdf, page 39>
Package luatex.def Info: MFFM_User_Manual.pdf , page39 used on input line 1185.

(luatex.def)             Requested size: 614.58406pt x 795.3441pt.
 [61

<./MFFM_User_Manual.pdf>]
<MFFM_User_Manual.pdf, id=843, page=40, 614.295pt x 794.97pt>
File: MFFM_User_Manual.pdf Graphic file (type pdf)
<use MFFM_User_Manual.pdf, page 40>
Package luatex.def Info: MFFM_User_Manual.pdf , page40 used on input line 1185.

(luatex.def)             Requested size: 614.58406pt x 795.3441pt.
File: MFFM_User_Manual.pdf Graphic file (type pdf)
<use MFFM_User_Manual.pdf, page 40>
Package luatex.def Info: MFFM_User_Manual.pdf , page40 used on input line 1185.

(luatex.def)             Requested size: 614.58406pt x 795.3441pt.
File: MFFM_User_Manual.pdf Graphic file (type pdf)
<use MFFM_User_Manual.pdf, page 40>
Package luatex.def Info: MFFM_User_Manual.pdf , page40 used on input line 1185.

(luatex.def)             Requested size: 614.58406pt x 795.3441pt.
 [62

<./MFFM_User_Manual.pdf>]
<MFFM_User_Manual.pdf, id=848, page=41, 614.295pt x 794.97pt>
File: MFFM_User_Manual.pdf Graphic file (type pdf)
<use MFFM_User_Manual.pdf, page 41>
Package luatex.def Info: MFFM_User_Manual.pdf , page41 used on input line 1185.

(luatex.def)             Requested size: 614.58406pt x 795.3441pt.
File: MFFM_User_Manual.pdf Graphic file (type pdf)
<use MFFM_User_Manual.pdf, page 41>
Package luatex.def Info: MFFM_User_Manual.pdf , page41 used on input line 1185.

(luatex.def)             Requested size: 614.58406pt x 795.3441pt.
File: MFFM_User_Manual.pdf Graphic file (type pdf)
<use MFFM_User_Manual.pdf, page 41>
Package luatex.def Info: MFFM_User_Manual.pdf , page41 used on input line 1185.

(luatex.def)             Requested size: 614.58406pt x 795.3441pt.

[63

<./MFFM_User_Manual.pdf>]
<MFFM_User_Manual.pdf, id=853, page=42, 614.295pt x 794.97pt>
File: MFFM_User_Manual.pdf Graphic file (type pdf)
<use MFFM_User_Manual.pdf, page 42>
Package luatex.def Info: MFFM_User_Manual.pdf , page42 used on input line 1185.

(luatex.def)             Requested size: 614.58406pt x 795.3441pt.
File: MFFM_User_Manual.pdf Graphic file (type pdf)
<use MFFM_User_Manual.pdf, page 42>
Package luatex.def Info: MFFM_User_Manual.pdf , page42 used on input line 1185.

(luatex.def)             Requested size: 614.58406pt x 795.3441pt.
File: MFFM_User_Manual.pdf Graphic file (type pdf)
<use MFFM_User_Manual.pdf, page 42>
Package luatex.def Info: MFFM_User_Manual.pdf , page42 used on input line 1185.

(luatex.def)             Requested size: 614.58406pt x 795.3441pt.
 [64

<./MFFM_User_Manual.pdf>]
<MFFM_User_Manual.pdf, id=858, page=43, 614.295pt x 794.97pt>
File: MFFM_User_Manual.pdf Graphic file (type pdf)
<use MFFM_User_Manual.pdf, page 43>
Package luatex.def Info: MFFM_User_Manual.pdf , page43 used on input line 1185.

(luatex.def)             Requested size: 614.58406pt x 795.3441pt.
File: MFFM_User_Manual.pdf Graphic file (type pdf)
<use MFFM_User_Manual.pdf, page 43>
Package luatex.def Info: MFFM_User_Manual.pdf , page43 used on input line 1185.

(luatex.def)             Requested size: 614.58406pt x 795.3441pt.
File: MFFM_User_Manual.pdf Graphic file (type pdf)
<use MFFM_User_Manual.pdf, page 43>
Package luatex.def Info: MFFM_User_Manual.pdf , page43 used on input line 1185.

(luatex.def)             Requested size: 614.58406pt x 795.3441pt.
 [65

<./MFFM_User_Manual.pdf>]
<MFFM_User_Manual.pdf, id=863, page=44, 614.295pt x 794.97pt>
File: MFFM_User_Manual.pdf Graphic file (type pdf)
<use MFFM_User_Manual.pdf, page 44>
Package luatex.def Info: MFFM_User_Manual.pdf , page44 used on input line 1185.

(luatex.def)             Requested size: 614.58406pt x 795.3441pt.
File: MFFM_User_Manual.pdf Graphic file (type pdf)
<use MFFM_User_Manual.pdf, page 44>
Package luatex.def Info: MFFM_User_Manual.pdf , page44 used on input line 1185.

(luatex.def)             Requested size: 614.58406pt x 795.3441pt.
File: MFFM_User_Manual.pdf Graphic file (type pdf)
<use MFFM_User_Manual.pdf, page 44>
Package luatex.def Info: MFFM_User_Manual.pdf , page44 used on input line 1185.

(luatex.def)             Requested size: 614.58406pt x 795.3441pt.
 [66

<./MFFM_User_Manual.pdf>]
<MFFM_User_Manual.pdf, id=868, page=45, 614.295pt x 794.97pt>
File: MFFM_User_Manual.pdf Graphic file (type pdf)
<use MFFM_User_Manual.pdf, page 45>
Package luatex.def Info: MFFM_User_Manual.pdf , page45 used on input line 1185.

(luatex.def)             Requested size: 614.58406pt x 795.3441pt.
File: MFFM_User_Manual.pdf Graphic file (type pdf)
<use MFFM_User_Manual.pdf, page 45>
Package luatex.def Info: MFFM_User_Manual.pdf , page45 used on input line 1185.

(luatex.def)             Requested size: 614.58406pt x 795.3441pt.
File: MFFM_User_Manual.pdf Graphic file (type pdf)
<use MFFM_User_Manual.pdf, page 45>
Package luatex.def Info: MFFM_User_Manual.pdf , page45 used on input line 1185.

(luatex.def)             Requested size: 614.58406pt x 795.3441pt.
 [67

<./MFFM_User_Manual.pdf>]
<MFFM_User_Manual.pdf, id=873, page=46, 614.295pt x 794.97pt>
File: MFFM_User_Manual.pdf Graphic file (type pdf)
<use MFFM_User_Manual.pdf, page 46>
Package luatex.def Info: MFFM_User_Manual.pdf , page46 used on input line 1185.

(luatex.def)             Requested size: 614.58406pt x 795.3441pt.
File: MFFM_User_Manual.pdf Graphic file (type pdf)
<use MFFM_User_Manual.pdf, page 46>
Package luatex.def Info: MFFM_User_Manual.pdf , page46 used on input line 1185.

(luatex.def)             Requested size: 614.58406pt x 795.3441pt.
File: MFFM_User_Manual.pdf Graphic file (type pdf)
<use MFFM_User_Manual.pdf, page 46>
Package luatex.def Info: MFFM_User_Manual.pdf , page46 used on input line 1185.

(luatex.def)             Requested size: 614.58406pt x 795.3441pt.
 [68

<./MFFM_User_Manual.pdf>]
<MFFM_User_Manual.pdf, id=882, page=47, 614.295pt x 794.97pt>
File: MFFM_User_Manual.pdf Graphic file (type pdf)
<use MFFM_User_Manual.pdf, page 47>
Package luatex.def Info: MFFM_User_Manual.pdf , page47 used on input line 1185.

(luatex.def)             Requested size: 614.58406pt x 795.3441pt.
File: MFFM_User_Manual.pdf Graphic file (type pdf)
<use MFFM_User_Manual.pdf, page 47>
Package luatex.def Info: MFFM_User_Manual.pdf , page47 used on input line 1185.

(luatex.def)             Requested size: 614.58406pt x 795.3441pt.
File: MFFM_User_Manual.pdf Graphic file (type pdf)
<use MFFM_User_Manual.pdf, page 47>
Package luatex.def Info: MFFM_User_Manual.pdf , page47 used on input line 1185.

(luatex.def)             Requested size: 614.58406pt x 795.3441pt.
 [69

<./MFFM_User_Manual.pdf>]
<MFFM_User_Manual.pdf, id=887, page=48, 794.97pt x 614.295pt>
File: MFFM_User_Manual.pdf Graphic file (type pdf)
<use MFFM_User_Manual.pdf, page 48>
Package luatex.def Info: MFFM_User_Manual.pdf , page48 used on input line 1185.

(luatex.def)             Requested size: 795.3441pt x 614.58406pt.
File: MFFM_User_Manual.pdf Graphic file (type pdf)
<use MFFM_User_Manual.pdf, page 48>
Package luatex.def Info: MFFM_User_Manual.pdf , page48 used on input line 1185.

(luatex.def)             Requested size: 795.3441pt x 614.58406pt.
File: MFFM_User_Manual.pdf Graphic file (type pdf)
<use MFFM_User_Manual.pdf, page 48>
Package luatex.def Info: MFFM_User_Manual.pdf , page48 used on input line 1185.

(luatex.def)             Requested size: 795.3441pt x 614.58406pt.
 [70

<./MFFM_User_Manual.pdf>]
<MFFM_User_Manual.pdf, id=892, page=49, 794.97pt x 614.295pt>
File: MFFM_User_Manual.pdf Graphic file (type pdf)
<use MFFM_User_Manual.pdf, page 49>
Package luatex.def Info: MFFM_User_Manual.pdf , page49 used on input line 1185.

(luatex.def)             Requested size: 795.3441pt x 614.58406pt.
File: MFFM_User_Manual.pdf Graphic file (type pdf)
<use MFFM_User_Manual.pdf, page 49>
Package luatex.def Info: MFFM_User_Manual.pdf , page49 used on input line 1185.

(luatex.def)             Requested size: 795.3441pt x 614.58406pt.
File: MFFM_User_Manual.pdf Graphic file (type pdf)
<use MFFM_User_Manual.pdf, page 49>
Package luatex.def Info: MFFM_User_Manual.pdf , page49 used on input line 1185.

(luatex.def)             Requested size: 795.3441pt x 614.58406pt.

[71

<./MFFM_User_Manual.pdf>]
<MFFM_User_Manual.pdf, id=898, page=50, 614.295pt x 794.97pt>
File: MFFM_User_Manual.pdf Graphic file (type pdf)
<use MFFM_User_Manual.pdf, page 50>
Package luatex.def Info: MFFM_User_Manual.pdf , page50 used on input line 1185.

(luatex.def)             Requested size: 614.58406pt x 795.3441pt.
File: MFFM_User_Manual.pdf Graphic file (type pdf)
<use MFFM_User_Manual.pdf, page 50>
Package luatex.def Info: MFFM_User_Manual.pdf , page50 used on input line 1185.

(luatex.def)             Requested size: 614.58406pt x 795.3441pt.
File: MFFM_User_Manual.pdf Graphic file (type pdf)
<use MFFM_User_Manual.pdf, page 50>
Package luatex.def Info: MFFM_User_Manual.pdf , page50 used on input line 1185.

(luatex.def)             Requested size: 614.58406pt x 795.3441pt.
 [72

<./MFFM_User_Manual.pdf>]
<MFFM_User_Manual.pdf, id=903, page=51, 614.295pt x 794.97pt>
File: MFFM_User_Manual.pdf Graphic file (type pdf)
<use MFFM_User_Manual.pdf, page 51>
Package luatex.def Info: MFFM_User_Manual.pdf , page51 used on input line 1185.

(luatex.def)             Requested size: 614.58406pt x 795.3441pt.
File: MFFM_User_Manual.pdf Graphic file (type pdf)
<use MFFM_User_Manual.pdf, page 51>
Package luatex.def Info: MFFM_User_Manual.pdf , page51 used on input line 1185.

(luatex.def)             Requested size: 614.58406pt x 795.3441pt.
File: MFFM_User_Manual.pdf Graphic file (type pdf)
<use MFFM_User_Manual.pdf, page 51>
Package luatex.def Info: MFFM_User_Manual.pdf , page51 used on input line 1185.

(luatex.def)             Requested size: 614.58406pt x 795.3441pt.
 [73

<./MFFM_User_Manual.pdf>]
<MFFM_User_Manual.pdf, id=908, page=52, 614.295pt x 794.97pt>
File: MFFM_User_Manual.pdf Graphic file (type pdf)
<use MFFM_User_Manual.pdf, page 52>
Package luatex.def Info: MFFM_User_Manual.pdf , page52 used on input line 1185.

(luatex.def)             Requested size: 614.58406pt x 795.3441pt.
File: MFFM_User_Manual.pdf Graphic file (type pdf)
<use MFFM_User_Manual.pdf, page 52>
Package luatex.def Info: MFFM_User_Manual.pdf , page52 used on input line 1185.

(luatex.def)             Requested size: 614.58406pt x 795.3441pt.
File: MFFM_User_Manual.pdf Graphic file (type pdf)
<use MFFM_User_Manual.pdf, page 52>
Package luatex.def Info: MFFM_User_Manual.pdf , page52 used on input line 1185.

(luatex.def)             Requested size: 614.58406pt x 795.3441pt.
 [74

<./MFFM_User_Manual.pdf>]
<MFFM_User_Manual.pdf, id=913, page=53, 614.295pt x 794.97pt>
File: MFFM_User_Manual.pdf Graphic file (type pdf)
<use MFFM_User_Manual.pdf, page 53>
Package luatex.def Info: MFFM_User_Manual.pdf , page53 used on input line 1185.

(luatex.def)             Requested size: 614.58406pt x 795.3441pt.
File: MFFM_User_Manual.pdf Graphic file (type pdf)
<use MFFM_User_Manual.pdf, page 53>
Package luatex.def Info: MFFM_User_Manual.pdf , page53 used on input line 1185.

(luatex.def)             Requested size: 614.58406pt x 795.3441pt.
File: MFFM_User_Manual.pdf Graphic file (type pdf)
<use MFFM_User_Manual.pdf, page 53>
Package luatex.def Info: MFFM_User_Manual.pdf , page53 used on input line 1185.

(luatex.def)             Requested size: 614.58406pt x 795.3441pt.
 [75

<./MFFM_User_Manual.pdf>]
<MFFM_User_Manual.pdf, id=918, page=54, 614.295pt x 794.97pt>
File: MFFM_User_Manual.pdf Graphic file (type pdf)
<use MFFM_User_Manual.pdf, page 54>
Package luatex.def Info: MFFM_User_Manual.pdf , page54 used on input line 1185.

(luatex.def)             Requested size: 614.58406pt x 795.3441pt.
File: MFFM_User_Manual.pdf Graphic file (type pdf)
<use MFFM_User_Manual.pdf, page 54>
Package luatex.def Info: MFFM_User_Manual.pdf , page54 used on input line 1185.

(luatex.def)             Requested size: 614.58406pt x 795.3441pt.
File: MFFM_User_Manual.pdf Graphic file (type pdf)
<use MFFM_User_Manual.pdf, page 54>
Package luatex.def Info: MFFM_User_Manual.pdf , page54 used on input line 1185.

(luatex.def)             Requested size: 614.58406pt x 795.3441pt.
 [76

<./MFFM_User_Manual.pdf>]
<MFFM_User_Manual.pdf, id=923, page=55, 614.295pt x 794.97pt>
File: MFFM_User_Manual.pdf Graphic file (type pdf)
<use MFFM_User_Manual.pdf, page 55>
Package luatex.def Info: MFFM_User_Manual.pdf , page55 used on input line 1185.

(luatex.def)             Requested size: 614.58406pt x 795.3441pt.
File: MFFM_User_Manual.pdf Graphic file (type pdf)
<use MFFM_User_Manual.pdf, page 55>
Package luatex.def Info: MFFM_User_Manual.pdf , page55 used on input line 1185.

(luatex.def)             Requested size: 614.58406pt x 795.3441pt.
File: MFFM_User_Manual.pdf Graphic file (type pdf)
<use MFFM_User_Manual.pdf, page 55>
Package luatex.def Info: MFFM_User_Manual.pdf , page55 used on input line 1185.

(luatex.def)             Requested size: 614.58406pt x 795.3441pt.
 [77

<./MFFM_User_Manual.pdf>]
<MFFM_User_Manual.pdf, id=928, page=56, 614.295pt x 794.97pt>
File: MFFM_User_Manual.pdf Graphic file (type pdf)
<use MFFM_User_Manual.pdf, page 56>
Package luatex.def Info: MFFM_User_Manual.pdf , page56 used on input line 1185.

(luatex.def)             Requested size: 614.58406pt x 795.3441pt.
File: MFFM_User_Manual.pdf Graphic file (type pdf)
<use MFFM_User_Manual.pdf, page 56>
Package luatex.def Info: MFFM_User_Manual.pdf , page56 used on input line 1185.

(luatex.def)             Requested size: 614.58406pt x 795.3441pt.
File: MFFM_User_Manual.pdf Graphic file (type pdf)
<use MFFM_User_Manual.pdf, page 56>
Package luatex.def Info: MFFM_User_Manual.pdf , page56 used on input line 1185.

(luatex.def)             Requested size: 614.58406pt x 795.3441pt.
 [78

<./MFFM_User_Manual.pdf>]
<MFFM_User_Manual.pdf, id=933, page=57, 614.295pt x 794.97pt>
File: MFFM_User_Manual.pdf Graphic file (type pdf)
<use MFFM_User_Manual.pdf, page 57>
Package luatex.def Info: MFFM_User_Manual.pdf , page57 used on input line 1185.

(luatex.def)             Requested size: 614.58406pt x 795.3441pt.
File: MFFM_User_Manual.pdf Graphic file (type pdf)
<use MFFM_User_Manual.pdf, page 57>
Package luatex.def Info: MFFM_User_Manual.pdf , page57 used on input line 1185.

(luatex.def)             Requested size: 614.58406pt x 795.3441pt.
File: MFFM_User_Manual.pdf Graphic file (type pdf)
<use MFFM_User_Manual.pdf, page 57>
Package luatex.def Info: MFFM_User_Manual.pdf , page57 used on input line 1185.

(luatex.def)             Requested size: 614.58406pt x 795.3441pt.

[79

<./MFFM_User_Manual.pdf>]
<MFFM_User_Manual.pdf, id=938, page=58, 614.295pt x 794.97pt>
File: MFFM_User_Manual.pdf Graphic file (type pdf)
<use MFFM_User_Manual.pdf, page 58>
Package luatex.def Info: MFFM_User_Manual.pdf , page58 used on input line 1185.

(luatex.def)             Requested size: 614.58406pt x 795.3441pt.
File: MFFM_User_Manual.pdf Graphic file (type pdf)
<use MFFM_User_Manual.pdf, page 58>
Package luatex.def Info: MFFM_User_Manual.pdf , page58 used on input line 1185.

(luatex.def)             Requested size: 614.58406pt x 795.3441pt.
File: MFFM_User_Manual.pdf Graphic file (type pdf)
<use MFFM_User_Manual.pdf, page 58>
Package luatex.def Info: MFFM_User_Manual.pdf , page58 used on input line 1185.

(luatex.def)             Requested size: 614.58406pt x 795.3441pt.
 [80

<./MFFM_User_Manual.pdf>]
<MFFM_User_Manual.pdf, id=943, page=59, 614.295pt x 794.97pt>
File: MFFM_User_Manual.pdf Graphic file (type pdf)
<use MFFM_User_Manual.pdf, page 59>
Package luatex.def Info: MFFM_User_Manual.pdf , page59 used on input line 1185.

(luatex.def)             Requested size: 614.58406pt x 795.3441pt.
File: MFFM_User_Manual.pdf Graphic file (type pdf)
<use MFFM_User_Manual.pdf, page 59>
Package luatex.def Info: MFFM_User_Manual.pdf , page59 used on input line 1185.

(luatex.def)             Requested size: 614.58406pt x 795.3441pt.
File: MFFM_User_Manual.pdf Graphic file (type pdf)
<use MFFM_User_Manual.pdf, page 59>
Package luatex.def Info: MFFM_User_Manual.pdf , page59 used on input line 1185.

(luatex.def)             Requested size: 614.58406pt x 795.3441pt.
 [81

<./MFFM_User_Manual.pdf>]
<MFFM_User_Manual.pdf, id=949, page=60, 614.295pt x 794.97pt>
File: MFFM_User_Manual.pdf Graphic file (type pdf)
<use MFFM_User_Manual.pdf, page 60>
Package luatex.def Info: MFFM_User_Manual.pdf , page60 used on input line 1185.

(luatex.def)             Requested size: 614.58406pt x 795.3441pt.
File: MFFM_User_Manual.pdf Graphic file (type pdf)
<use MFFM_User_Manual.pdf, page 60>
Package luatex.def Info: MFFM_User_Manual.pdf , page60 used on input line 1185.

(luatex.def)             Requested size: 614.58406pt x 795.3441pt.
File: MFFM_User_Manual.pdf Graphic file (type pdf)
<use MFFM_User_Manual.pdf, page 60>
Package luatex.def Info: MFFM_User_Manual.pdf , page60 used on input line 1185.

(luatex.def)             Requested size: 614.58406pt x 795.3441pt.
 [82

<./MFFM_User_Manual.pdf>]
<MFFM_User_Manual.pdf, id=954, page=61, 614.295pt x 794.97pt>
File: MFFM_User_Manual.pdf Graphic file (type pdf)
<use MFFM_User_Manual.pdf, page 61>
Package luatex.def Info: MFFM_User_Manual.pdf , page61 used on input line 1185.

(luatex.def)             Requested size: 614.58406pt x 795.3441pt.
File: MFFM_User_Manual.pdf Graphic file (type pdf)
<use MFFM_User_Manual.pdf, page 61>
Package luatex.def Info: MFFM_User_Manual.pdf , page61 used on input line 1185.

(luatex.def)             Requested size: 614.58406pt x 795.3441pt.
File: MFFM_User_Manual.pdf Graphic file (type pdf)
<use MFFM_User_Manual.pdf, page 61>
Package luatex.def Info: MFFM_User_Manual.pdf , page61 used on input line 1185.

(luatex.def)             Requested size: 614.58406pt x 795.3441pt.
 [83

<./MFFM_User_Manual.pdf>]
<MFFM_User_Manual.pdf, id=959, page=62, 614.295pt x 794.97pt>
File: MFFM_User_Manual.pdf Graphic file (type pdf)
<use MFFM_User_Manual.pdf, page 62>
Package luatex.def Info: MFFM_User_Manual.pdf , page62 used on input line 1185.

(luatex.def)             Requested size: 614.58406pt x 795.3441pt.
File: MFFM_User_Manual.pdf Graphic file (type pdf)
<use MFFM_User_Manual.pdf, page 62>
Package luatex.def Info: MFFM_User_Manual.pdf , page62 used on input line 1185.

(luatex.def)             Requested size: 614.58406pt x 795.3441pt.
File: MFFM_User_Manual.pdf Graphic file (type pdf)
<use MFFM_User_Manual.pdf, page 62>
Package luatex.def Info: MFFM_User_Manual.pdf , page62 used on input line 1185.

(luatex.def)             Requested size: 614.58406pt x 795.3441pt.
 [84

<./MFFM_User_Manual.pdf>]
<MFFM_User_Manual.pdf, id=964, page=63, 614.295pt x 794.97pt>
File: MFFM_User_Manual.pdf Graphic file (type pdf)
<use MFFM_User_Manual.pdf, page 63>
Package luatex.def Info: MFFM_User_Manual.pdf , page63 used on input line 1185.

(luatex.def)             Requested size: 614.58406pt x 795.3441pt.
File: MFFM_User_Manual.pdf Graphic file (type pdf)
<use MFFM_User_Manual.pdf, page 63>
Package luatex.def Info: MFFM_User_Manual.pdf , page63 used on input line 1185.

(luatex.def)             Requested size: 614.58406pt x 795.3441pt.
File: MFFM_User_Manual.pdf Graphic file (type pdf)
<use MFFM_User_Manual.pdf, page 63>
Package luatex.def Info: MFFM_User_Manual.pdf , page63 used on input line 1185.

(luatex.def)             Requested size: 614.58406pt x 795.3441pt.
 [85

<./MFFM_User_Manual.pdf>]
<MFFM_User_Manual.pdf, id=969, page=64, 614.295pt x 794.97pt>
File: MFFM_User_Manual.pdf Graphic file (type pdf)
<use MFFM_User_Manual.pdf, page 64>
Package luatex.def Info: MFFM_User_Manual.pdf , page64 used on input line 1185.

(luatex.def)             Requested size: 614.58406pt x 795.3441pt.
File: MFFM_User_Manual.pdf Graphic file (type pdf)
<use MFFM_User_Manual.pdf, page 64>
Package luatex.def Info: MFFM_User_Manual.pdf , page64 used on input line 1185.

(luatex.def)             Requested size: 614.58406pt x 795.3441pt.
File: MFFM_User_Manual.pdf Graphic file (type pdf)
<use MFFM_User_Manual.pdf, page 64>
Package luatex.def Info: MFFM_User_Manual.pdf , page64 used on input line 1185.

(luatex.def)             Requested size: 614.58406pt x 795.3441pt.
 [86

<./MFFM_User_Manual.pdf>]
<MFFM_User_Manual.pdf, id=974, page=65, 614.295pt x 794.97pt>
File: MFFM_User_Manual.pdf Graphic file (type pdf)
<use MFFM_User_Manual.pdf, page 65>
Package luatex.def Info: MFFM_User_Manual.pdf , page65 used on input line 1185.

(luatex.def)             Requested size: 614.58406pt x 795.3441pt.
File: MFFM_User_Manual.pdf Graphic file (type pdf)
<use MFFM_User_Manual.pdf, page 65>
Package luatex.def Info: MFFM_User_Manual.pdf , page65 used on input line 1185.

(luatex.def)             Requested size: 614.58406pt x 795.3441pt.
File: MFFM_User_Manual.pdf Graphic file (type pdf)
<use MFFM_User_Manual.pdf, page 65>
Package luatex.def Info: MFFM_User_Manual.pdf , page65 used on input line 1185.

(luatex.def)             Requested size: 614.58406pt x 795.3441pt.

[87

<./MFFM_User_Manual.pdf>]
<MFFM_User_Manual.pdf, id=979, page=66, 614.295pt x 794.97pt>
File: MFFM_User_Manual.pdf Graphic file (type pdf)
<use MFFM_User_Manual.pdf, page 66>
Package luatex.def Info: MFFM_User_Manual.pdf , page66 used on input line 1185.

(luatex.def)             Requested size: 614.58406pt x 795.3441pt.
File: MFFM_User_Manual.pdf Graphic file (type pdf)
<use MFFM_User_Manual.pdf, page 66>
Package luatex.def Info: MFFM_User_Manual.pdf , page66 used on input line 1185.

(luatex.def)             Requested size: 614.58406pt x 795.3441pt.
File: MFFM_User_Manual.pdf Graphic file (type pdf)
<use MFFM_User_Manual.pdf, page 66>
Package luatex.def Info: MFFM_User_Manual.pdf , page66 used on input line 1185.

(luatex.def)             Requested size: 614.58406pt x 795.3441pt.
 [88

<./MFFM_User_Manual.pdf>]
<MFFM_User_Manual.pdf, id=984, page=67, 614.295pt x 794.97pt>
File: MFFM_User_Manual.pdf Graphic file (type pdf)
<use MFFM_User_Manual.pdf, page 67>
Package luatex.def Info: MFFM_User_Manual.pdf , page67 used on input line 1185.

(luatex.def)             Requested size: 614.58406pt x 795.3441pt.
File: MFFM_User_Manual.pdf Graphic file (type pdf)
<use MFFM_User_Manual.pdf, page 67>
Package luatex.def Info: MFFM_User_Manual.pdf , page67 used on input line 1185.

(luatex.def)             Requested size: 614.58406pt x 795.3441pt.
File: MFFM_User_Manual.pdf Graphic file (type pdf)
<use MFFM_User_Manual.pdf, page 67>
Package luatex.def Info: MFFM_User_Manual.pdf , page67 used on input line 1185.

(luatex.def)             Requested size: 614.58406pt x 795.3441pt.
 [89

<./MFFM_User_Manual.pdf>]
<MFFM_User_Manual.pdf, id=989, page=68, 614.295pt x 794.97pt>
File: MFFM_User_Manual.pdf Graphic file (type pdf)
<use MFFM_User_Manual.pdf, page 68>
Package luatex.def Info: MFFM_User_Manual.pdf , page68 used on input line 1185.

(luatex.def)             Requested size: 614.58406pt x 795.3441pt.
File: MFFM_User_Manual.pdf Graphic file (type pdf)
<use MFFM_User_Manual.pdf, page 68>
Package luatex.def Info: MFFM_User_Manual.pdf , page68 used on input line 1185.

(luatex.def)             Requested size: 614.58406pt x 795.3441pt.
File: MFFM_User_Manual.pdf Graphic file (type pdf)
<use MFFM_User_Manual.pdf, page 68>
Package luatex.def Info: MFFM_User_Manual.pdf , page68 used on input line 1185.

(luatex.def)             Requested size: 614.58406pt x 795.3441pt.
 [90

<./MFFM_User_Manual.pdf>]
<MFFM_User_Manual.pdf, id=994, page=69, 614.295pt x 794.97pt>
File: MFFM_User_Manual.pdf Graphic file (type pdf)
<use MFFM_User_Manual.pdf, page 69>
Package luatex.def Info: MFFM_User_Manual.pdf , page69 used on input line 1185.

(luatex.def)             Requested size: 614.58406pt x 795.3441pt.
File: MFFM_User_Manual.pdf Graphic file (type pdf)
<use MFFM_User_Manual.pdf, page 69>
Package luatex.def Info: MFFM_User_Manual.pdf , page69 used on input line 1185.

(luatex.def)             Requested size: 614.58406pt x 795.3441pt.
File: MFFM_User_Manual.pdf Graphic file (type pdf)
<use MFFM_User_Manual.pdf, page 69>
Package luatex.def Info: MFFM_User_Manual.pdf , page69 used on input line 1185.

(luatex.def)             Requested size: 614.58406pt x 795.3441pt.
 [91

<./MFFM_User_Manual.pdf>]
<MFFM_User_Manual.pdf, id=1000, page=70, 614.295pt x 794.97pt>
File: MFFM_User_Manual.pdf Graphic file (type pdf)
<use MFFM_User_Manual.pdf, page 70>
Package luatex.def Info: MFFM_User_Manual.pdf , page70 used on input line 1185.

(luatex.def)             Requested size: 614.58406pt x 795.3441pt.
File: MFFM_User_Manual.pdf Graphic file (type pdf)
<use MFFM_User_Manual.pdf, page 70>
Package luatex.def Info: MFFM_User_Manual.pdf , page70 used on input line 1185.

(luatex.def)             Requested size: 614.58406pt x 795.3441pt.
File: MFFM_User_Manual.pdf Graphic file (type pdf)
<use MFFM_User_Manual.pdf, page 70>
Package luatex.def Info: MFFM_User_Manual.pdf , page70 used on input line 1185.

(luatex.def)             Requested size: 614.58406pt x 795.3441pt.
 [92

<./MFFM_User_Manual.pdf>]
<MFFM_User_Manual.pdf, id=1005, page=71, 614.295pt x 794.97pt>
File: MFFM_User_Manual.pdf Graphic file (type pdf)
<use MFFM_User_Manual.pdf, page 71>
Package luatex.def Info: MFFM_User_Manual.pdf , page71 used on input line 1185.

(luatex.def)             Requested size: 614.58406pt x 795.3441pt.
File: MFFM_User_Manual.pdf Graphic file (type pdf)
<use MFFM_User_Manual.pdf, page 71>
Package luatex.def Info: MFFM_User_Manual.pdf , page71 used on input line 1185.

(luatex.def)             Requested size: 614.58406pt x 795.3441pt.
File: MFFM_User_Manual.pdf Graphic file (type pdf)
<use MFFM_User_Manual.pdf, page 71>
Package luatex.def Info: MFFM_User_Manual.pdf , page71 used on input line 1185.

(luatex.def)             Requested size: 614.58406pt x 795.3441pt.
 [93

<./MFFM_User_Manual.pdf>]
<MFFM_User_Manual.pdf, id=1011, page=72, 614.295pt x 794.97pt>
File: MFFM_User_Manual.pdf Graphic file (type pdf)
<use MFFM_User_Manual.pdf, page 72>
Package luatex.def Info: MFFM_User_Manual.pdf , page72 used on input line 1185.

(luatex.def)             Requested size: 614.58406pt x 795.3441pt.
File: MFFM_User_Manual.pdf Graphic file (type pdf)
<use MFFM_User_Manual.pdf, page 72>
Package luatex.def Info: MFFM_User_Manual.pdf , page72 used on input line 1185.

(luatex.def)             Requested size: 614.58406pt x 795.3441pt.
File: MFFM_User_Manual.pdf Graphic file (type pdf)
<use MFFM_User_Manual.pdf, page 72>
Package luatex.def Info: MFFM_User_Manual.pdf , page72 used on input line 1185.

(luatex.def)             Requested size: 614.58406pt x 795.3441pt.
 [94

<./MFFM_User_Manual.pdf>]
<MFFM_User_Manual.pdf, id=1016, page=73, 614.295pt x 794.97pt>
File: MFFM_User_Manual.pdf Graphic file (type pdf)
<use MFFM_User_Manual.pdf, page 73>
Package luatex.def Info: MFFM_User_Manual.pdf , page73 used on input line 1185.

(luatex.def)             Requested size: 614.58406pt x 795.3441pt.
File: MFFM_User_Manual.pdf Graphic file (type pdf)
<use MFFM_User_Manual.pdf, page 73>
Package luatex.def Info: MFFM_User_Manual.pdf , page73 used on input line 1185.

(luatex.def)             Requested size: 614.58406pt x 795.3441pt.
File: MFFM_User_Manual.pdf Graphic file (type pdf)
<use MFFM_User_Manual.pdf, page 73>
Package luatex.def Info: MFFM_User_Manual.pdf , page73 used on input line 1185.

(luatex.def)             Requested size: 614.58406pt x 795.3441pt.

[95

<./MFFM_User_Manual.pdf>]
<MFFM_User_Manual.pdf, id=1021, page=74, 614.295pt x 794.97pt>
File: MFFM_User_Manual.pdf Graphic file (type pdf)
<use MFFM_User_Manual.pdf, page 74>
Package luatex.def Info: MFFM_User_Manual.pdf , page74 used on input line 1185.

(luatex.def)             Requested size: 614.58406pt x 795.3441pt.
File: MFFM_User_Manual.pdf Graphic file (type pdf)
<use MFFM_User_Manual.pdf, page 74>
Package luatex.def Info: MFFM_User_Manual.pdf , page74 used on input line 1185.

(luatex.def)             Requested size: 614.58406pt x 795.3441pt.
File: MFFM_User_Manual.pdf Graphic file (type pdf)
<use MFFM_User_Manual.pdf, page 74>
Package luatex.def Info: MFFM_User_Manual.pdf , page74 used on input line 1185.

(luatex.def)             Requested size: 614.58406pt x 795.3441pt.
 [96

<./MFFM_User_Manual.pdf>]
<MFFM_User_Manual.pdf, id=1026, page=75, 614.295pt x 794.97pt>
File: MFFM_User_Manual.pdf Graphic file (type pdf)
<use MFFM_User_Manual.pdf, page 75>
Package luatex.def Info: MFFM_User_Manual.pdf , page75 used on input line 1185.

(luatex.def)             Requested size: 614.58406pt x 795.3441pt.
File: MFFM_User_Manual.pdf Graphic file (type pdf)
<use MFFM_User_Manual.pdf, page 75>
Package luatex.def Info: MFFM_User_Manual.pdf , page75 used on input line 1185.

(luatex.def)             Requested size: 614.58406pt x 795.3441pt.
File: MFFM_User_Manual.pdf Graphic file (type pdf)
<use MFFM_User_Manual.pdf, page 75>
Package luatex.def Info: MFFM_User_Manual.pdf , page75 used on input line 1185.

(luatex.def)             Requested size: 614.58406pt x 795.3441pt.
 [97

<./MFFM_User_Manual.pdf>]
<MFFM_User_Manual.pdf, id=1031, page=76, 614.295pt x 794.97pt>
File: MFFM_User_Manual.pdf Graphic file (type pdf)
<use MFFM_User_Manual.pdf, page 76>
Package luatex.def Info: MFFM_User_Manual.pdf , page76 used on input line 1185.

(luatex.def)             Requested size: 614.58406pt x 795.3441pt.
File: MFFM_User_Manual.pdf Graphic file (type pdf)
<use MFFM_User_Manual.pdf, page 76>
Package luatex.def Info: MFFM_User_Manual.pdf , page76 used on input line 1185.

(luatex.def)             Requested size: 614.58406pt x 795.3441pt.
File: MFFM_User_Manual.pdf Graphic file (type pdf)
<use MFFM_User_Manual.pdf, page 76>
Package luatex.def Info: MFFM_User_Manual.pdf , page76 used on input line 1185.

(luatex.def)             Requested size: 614.58406pt x 795.3441pt.
 [98

<./MFFM_User_Manual.pdf>]
<MFFM_User_Manual.pdf, id=1036, page=77, 614.295pt x 794.97pt>
File: MFFM_User_Manual.pdf Graphic file (type pdf)
<use MFFM_User_Manual.pdf, page 77>
Package luatex.def Info: MFFM_User_Manual.pdf , page77 used on input line 1185.

(luatex.def)             Requested size: 614.58406pt x 795.3441pt.
File: MFFM_User_Manual.pdf Graphic file (type pdf)
<use MFFM_User_Manual.pdf, page 77>
Package luatex.def Info: MFFM_User_Manual.pdf , page77 used on input line 1185.

(luatex.def)             Requested size: 614.58406pt x 795.3441pt.
File: MFFM_User_Manual.pdf Graphic file (type pdf)
<use MFFM_User_Manual.pdf, page 77>
Package luatex.def Info: MFFM_User_Manual.pdf , page77 used on input line 1185.

(luatex.def)             Requested size: 614.58406pt x 795.3441pt.
 [99

<./MFFM_User_Manual.pdf>]
<MFFM_User_Manual.pdf, id=1041, page=78, 614.295pt x 794.97pt>
File: MFFM_User_Manual.pdf Graphic file (type pdf)
<use MFFM_User_Manual.pdf, page 78>
Package luatex.def Info: MFFM_User_Manual.pdf , page78 used on input line 1185.

(luatex.def)             Requested size: 614.58406pt x 795.3441pt.
File: MFFM_User_Manual.pdf Graphic file (type pdf)
<use MFFM_User_Manual.pdf, page 78>
Package luatex.def Info: MFFM_User_Manual.pdf , page78 used on input line 1185.

(luatex.def)             Requested size: 614.58406pt x 795.3441pt.
File: MFFM_User_Manual.pdf Graphic file (type pdf)
<use MFFM_User_Manual.pdf, page 78>
Package luatex.def Info: MFFM_User_Manual.pdf , page78 used on input line 1185.

(luatex.def)             Requested size: 614.58406pt x 795.3441pt.
 [100

<./MFFM_User_Manual.pdf>]
<MFFM_User_Manual.pdf, id=1046, page=79, 614.295pt x 794.97pt>
File: MFFM_User_Manual.pdf Graphic file (type pdf)
<use MFFM_User_Manual.pdf, page 79>
Package luatex.def Info: MFFM_User_Manual.pdf , page79 used on input line 1185.

(luatex.def)             Requested size: 614.58406pt x 795.3441pt.
File: MFFM_User_Manual.pdf Graphic file (type pdf)
<use MFFM_User_Manual.pdf, page 79>
Package luatex.def Info: MFFM_User_Manual.pdf , page79 used on input line 1185.

(luatex.def)             Requested size: 614.58406pt x 795.3441pt.
File: MFFM_User_Manual.pdf Graphic file (type pdf)
<use MFFM_User_Manual.pdf, page 79>
Package luatex.def Info: MFFM_User_Manual.pdf , page79 used on input line 1185.

(luatex.def)             Requested size: 614.58406pt x 795.3441pt.
 [101

<./MFFM_User_Manual.pdf>]
<MFFM_User_Manual.pdf, id=1052, page=80, 614.295pt x 794.97pt>
File: MFFM_User_Manual.pdf Graphic file (type pdf)
<use MFFM_User_Manual.pdf, page 80>
Package luatex.def Info: MFFM_User_Manual.pdf , page80 used on input line 1185.

(luatex.def)             Requested size: 614.58406pt x 795.3441pt.
File: MFFM_User_Manual.pdf Graphic file (type pdf)
<use MFFM_User_Manual.pdf, page 80>
Package luatex.def Info: MFFM_User_Manual.pdf , page80 used on input line 1185.

(luatex.def)             Requested size: 614.58406pt x 795.3441pt.
File: MFFM_User_Manual.pdf Graphic file (type pdf)
<use MFFM_User_Manual.pdf, page 80>
Package luatex.def Info: MFFM_User_Manual.pdf , page80 used on input line 1185.

(luatex.def)             Requested size: 614.58406pt x 795.3441pt.
 [102

<./MFFM_User_Manual.pdf>]
<MFFM_User_Manual.pdf, id=1057, page=81, 614.295pt x 794.97pt>
File: MFFM_User_Manual.pdf Graphic file (type pdf)
<use MFFM_User_Manual.pdf, page 81>
Package luatex.def Info: MFFM_User_Manual.pdf , page81 used on input line 1185.

(luatex.def)             Requested size: 614.58406pt x 795.3441pt.
File: MFFM_User_Manual.pdf Graphic file (type pdf)
<use MFFM_User_Manual.pdf, page 81>
Package luatex.def Info: MFFM_User_Manual.pdf , page81 used on input line 1185.

(luatex.def)             Requested size: 614.58406pt x 795.3441pt.
File: MFFM_User_Manual.pdf Graphic file (type pdf)
<use MFFM_User_Manual.pdf, page 81>
Package luatex.def Info: MFFM_User_Manual.pdf , page81 used on input line 1185.

(luatex.def)             Requested size: 614.58406pt x 795.3441pt.

[103

<./MFFM_User_Manual.pdf>]
<MFFM_User_Manual.pdf, id=1062, page=82, 614.295pt x 794.97pt>
File: MFFM_User_Manual.pdf Graphic file (type pdf)
<use MFFM_User_Manual.pdf, page 82>
Package luatex.def Info: MFFM_User_Manual.pdf , page82 used on input line 1185.

(luatex.def)             Requested size: 614.58406pt x 795.3441pt.
File: MFFM_User_Manual.pdf Graphic file (type pdf)
<use MFFM_User_Manual.pdf, page 82>
Package luatex.def Info: MFFM_User_Manual.pdf , page82 used on input line 1185.

(luatex.def)             Requested size: 614.58406pt x 795.3441pt.
File: MFFM_User_Manual.pdf Graphic file (type pdf)
<use MFFM_User_Manual.pdf, page 82>
Package luatex.def Info: MFFM_User_Manual.pdf , page82 used on input line 1185.

(luatex.def)             Requested size: 614.58406pt x 795.3441pt.
 [104

<./MFFM_User_Manual.pdf>]
<MFFM_User_Manual.pdf, id=1067, page=83, 614.295pt x 794.97pt>
File: MFFM_User_Manual.pdf Graphic file (type pdf)
<use MFFM_User_Manual.pdf, page 83>
Package luatex.def Info: MFFM_User_Manual.pdf , page83 used on input line 1185.

(luatex.def)             Requested size: 614.58406pt x 795.3441pt.
File: MFFM_User_Manual.pdf Graphic file (type pdf)
<use MFFM_User_Manual.pdf, page 83>
Package luatex.def Info: MFFM_User_Manual.pdf , page83 used on input line 1185.

(luatex.def)             Requested size: 614.58406pt x 795.3441pt.
File: MFFM_User_Manual.pdf Graphic file (type pdf)
<use MFFM_User_Manual.pdf, page 83>
Package luatex.def Info: MFFM_User_Manual.pdf , page83 used on input line 1185.

(luatex.def)             Requested size: 614.58406pt x 795.3441pt.
 [105

<./MFFM_User_Manual.pdf>]
<MFFM_User_Manual.pdf, id=1072, page=84, 614.295pt x 794.97pt>
File: MFFM_User_Manual.pdf Graphic file (type pdf)
<use MFFM_User_Manual.pdf, page 84>
Package luatex.def Info: MFFM_User_Manual.pdf , page84 used on input line 1185.

(luatex.def)             Requested size: 614.58406pt x 795.3441pt.
File: MFFM_User_Manual.pdf Graphic file (type pdf)
<use MFFM_User_Manual.pdf, page 84>
Package luatex.def Info: MFFM_User_Manual.pdf , page84 used on input line 1185.

(luatex.def)             Requested size: 614.58406pt x 795.3441pt.
File: MFFM_User_Manual.pdf Graphic file (type pdf)
<use MFFM_User_Manual.pdf, page 84>
Package luatex.def Info: MFFM_User_Manual.pdf , page84 used on input line 1185.

(luatex.def)             Requested size: 614.58406pt x 795.3441pt.
 [106

<./MFFM_User_Manual.pdf>]
<MFFM_User_Manual.pdf, id=1077, page=85, 614.295pt x 794.97pt>
File: MFFM_User_Manual.pdf Graphic file (type pdf)
<use MFFM_User_Manual.pdf, page 85>
Package luatex.def Info: MFFM_User_Manual.pdf , page85 used on input line 1185.

(luatex.def)             Requested size: 614.58406pt x 795.3441pt.
File: MFFM_User_Manual.pdf Graphic file (type pdf)
<use MFFM_User_Manual.pdf, page 85>
Package luatex.def Info: MFFM_User_Manual.pdf , page85 used on input line 1185.

(luatex.def)             Requested size: 614.58406pt x 795.3441pt.
File: MFFM_User_Manual.pdf Graphic file (type pdf)
<use MFFM_User_Manual.pdf, page 85>
Package luatex.def Info: MFFM_User_Manual.pdf , page85 used on input line 1185.

(luatex.def)             Requested size: 614.58406pt x 795.3441pt.
 [107

<./MFFM_User_Manual.pdf>]
<MFFM_User_Manual.pdf, id=1082, page=86, 614.295pt x 794.97pt>
File: MFFM_User_Manual.pdf Graphic file (type pdf)
<use MFFM_User_Manual.pdf, page 86>
Package luatex.def Info: MFFM_User_Manual.pdf , page86 used on input line 1185.

(luatex.def)             Requested size: 614.58406pt x 795.3441pt.
File: MFFM_User_Manual.pdf Graphic file (type pdf)
<use MFFM_User_Manual.pdf, page 86>
Package luatex.def Info: MFFM_User_Manual.pdf , page86 used on input line 1185.

(luatex.def)             Requested size: 614.58406pt x 795.3441pt.
File: MFFM_User_Manual.pdf Graphic file (type pdf)
<use MFFM_User_Manual.pdf, page 86>
Package luatex.def Info: MFFM_User_Manual.pdf , page86 used on input line 1185.

(luatex.def)             Requested size: 614.58406pt x 795.3441pt.
 [108

<./MFFM_User_Manual.pdf>]
<MFFM_User_Manual.pdf, id=1087, page=87, 614.295pt x 794.97pt>
File: MFFM_User_Manual.pdf Graphic file (type pdf)
<use MFFM_User_Manual.pdf, page 87>
Package luatex.def Info: MFFM_User_Manual.pdf , page87 used on input line 1185.

(luatex.def)             Requested size: 614.58406pt x 795.3441pt.
File: MFFM_User_Manual.pdf Graphic file (type pdf)
<use MFFM_User_Manual.pdf, page 87>
Package luatex.def Info: MFFM_User_Manual.pdf , page87 used on input line 1185.

(luatex.def)             Requested size: 614.58406pt x 795.3441pt.
File: MFFM_User_Manual.pdf Graphic file (type pdf)
<use MFFM_User_Manual.pdf, page 87>
Package luatex.def Info: MFFM_User_Manual.pdf , page87 used on input line 1185.

(luatex.def)             Requested size: 614.58406pt x 795.3441pt.
 [109

<./MFFM_User_Manual.pdf>]
<MFFM_User_Manual.pdf, id=1092, page=88, 614.295pt x 794.97pt>
File: MFFM_User_Manual.pdf Graphic file (type pdf)
<use MFFM_User_Manual.pdf, page 88>
Package luatex.def Info: MFFM_User_Manual.pdf , page88 used on input line 1185.

(luatex.def)             Requested size: 614.58406pt x 795.3441pt.
File: MFFM_User_Manual.pdf Graphic file (type pdf)
<use MFFM_User_Manual.pdf, page 88>
Package luatex.def Info: MFFM_User_Manual.pdf , page88 used on input line 1185.

(luatex.def)             Requested size: 614.58406pt x 795.3441pt.
File: MFFM_User_Manual.pdf Graphic file (type pdf)
<use MFFM_User_Manual.pdf, page 88>
Package luatex.def Info: MFFM_User_Manual.pdf , page88 used on input line 1185.

(luatex.def)             Requested size: 614.58406pt x 795.3441pt.
 [110

<./MFFM_User_Manual.pdf>]
<MFFM_User_Manual.pdf, id=1097, page=89, 614.295pt x 794.97pt>
File: MFFM_User_Manual.pdf Graphic file (type pdf)
<use MFFM_User_Manual.pdf, page 89>
Package luatex.def Info: MFFM_User_Manual.pdf , page89 used on input line 1185.

(luatex.def)             Requested size: 614.58406pt x 795.3441pt.
File: MFFM_User_Manual.pdf Graphic file (type pdf)
<use MFFM_User_Manual.pdf, page 89>
Package luatex.def Info: MFFM_User_Manual.pdf , page89 used on input line 1185.

(luatex.def)             Requested size: 614.58406pt x 795.3441pt.
File: MFFM_User_Manual.pdf Graphic file (type pdf)
<use MFFM_User_Manual.pdf, page 89>
Package luatex.def Info: MFFM_User_Manual.pdf , page89 used on input line 1185.

(luatex.def)             Requested size: 614.58406pt x 795.3441pt.
 [111

<./MFFM_User_Manual.pdf>]
<MFFM_User_Manual.pdf, id=1103, page=90, 614.295pt x 794.97pt>
File: MFFM_User_Manual.pdf Graphic file (type pdf)
<use MFFM_User_Manual.pdf, page 90>
Package luatex.def Info: MFFM_User_Manual.pdf , page90 used on input line 1185.

(luatex.def)             Requested size: 614.58406pt x 795.3441pt.
File: MFFM_User_Manual.pdf Graphic file (type pdf)
<use MFFM_User_Manual.pdf, page 90>
Package luatex.def Info: MFFM_User_Manual.pdf , page90 used on input line 1185.

(luatex.def)             Requested size: 614.58406pt x 795.3441pt.
File: MFFM_User_Manual.pdf Graphic file (type pdf)
<use MFFM_User_Manual.pdf, page 90>
Package luatex.def Info: MFFM_User_Manual.pdf , page90 used on input line 1185.

(luatex.def)             Requested size: 614.58406pt x 795.3441pt.
 [112

<./MFFM_User_Manual.pdf>]
<MFFM_User_Manual.pdf, id=1108, page=91, 614.295pt x 794.97pt>
File: MFFM_User_Manual.pdf Graphic file (type pdf)
<use MFFM_User_Manual.pdf, page 91>
Package luatex.def Info: MFFM_User_Manual.pdf , page91 used on input line 1185.

(luatex.def)             Requested size: 614.58406pt x 795.3441pt.
File: MFFM_User_Manual.pdf Graphic file (type pdf)
<use MFFM_User_Manual.pdf, page 91>
Package luatex.def Info: MFFM_User_Manual.pdf , page91 used on input line 1185.

(luatex.def)             Requested size: 614.58406pt x 795.3441pt.
File: MFFM_User_Manual.pdf Graphic file (type pdf)
<use MFFM_User_Manual.pdf, page 91>
Package luatex.def Info: MFFM_User_Manual.pdf , page91 used on input line 1185.

(luatex.def)             Requested size: 614.58406pt x 795.3441pt.
 [113

<./MFFM_User_Manual.pdf>]
<MFFM_User_Manual.pdf, id=1113, page=92, 614.295pt x 794.97pt>
File: MFFM_User_Manual.pdf Graphic file (type pdf)
<use MFFM_User_Manual.pdf, page 92>
Package luatex.def Info: MFFM_User_Manual.pdf , page92 used on input line 1185.

(luatex.def)             Requested size: 614.58406pt x 795.3441pt.
File: MFFM_User_Manual.pdf Graphic file (type pdf)
<use MFFM_User_Manual.pdf, page 92>
Package luatex.def Info: MFFM_User_Manual.pdf , page92 used on input line 1185.

(luatex.def)             Requested size: 614.58406pt x 795.3441pt.
File: MFFM_User_Manual.pdf Graphic file (type pdf)
<use MFFM_User_Manual.pdf, page 92>
Package luatex.def Info: MFFM_User_Manual.pdf , page92 used on input line 1185.

(luatex.def)             Requested size: 614.58406pt x 795.3441pt.
 [114

<./MFFM_User_Manual.pdf>]
<MFFM_User_Manual.pdf, id=1118, page=93, 614.295pt x 794.97pt>
File: MFFM_User_Manual.pdf Graphic file (type pdf)
<use MFFM_User_Manual.pdf, page 93>
Package luatex.def Info: MFFM_User_Manual.pdf , page93 used on input line 1185.

(luatex.def)             Requested size: 614.58406pt x 795.3441pt.
File: MFFM_User_Manual.pdf Graphic file (type pdf)
<use MFFM_User_Manual.pdf, page 93>
Package luatex.def Info: MFFM_User_Manual.pdf , page93 used on input line 1185.

(luatex.def)             Requested size: 614.58406pt x 795.3441pt.
File: MFFM_User_Manual.pdf Graphic file (type pdf)
<use MFFM_User_Manual.pdf, page 93>
Package luatex.def Info: MFFM_User_Manual.pdf , page93 used on input line 1185.

(luatex.def)             Requested size: 614.58406pt x 795.3441pt.
 [115

<./MFFM_User_Manual.pdf>]
<MFFM_User_Manual.pdf, id=1123, page=94, 614.295pt x 794.97pt>
File: MFFM_User_Manual.pdf Graphic file (type pdf)
<use MFFM_User_Manual.pdf, page 94>
Package luatex.def Info: MFFM_User_Manual.pdf , page94 used on input line 1185.

(luatex.def)             Requested size: 614.58406pt x 795.3441pt.
File: MFFM_User_Manual.pdf Graphic file (type pdf)
<use MFFM_User_Manual.pdf, page 94>
Package luatex.def Info: MFFM_User_Manual.pdf , page94 used on input line 1185.

(luatex.def)             Requested size: 614.58406pt x 795.3441pt.
File: MFFM_User_Manual.pdf Graphic file (type pdf)
<use MFFM_User_Manual.pdf, page 94>
Package luatex.def Info: MFFM_User_Manual.pdf , page94 used on input line 1185.

(luatex.def)             Requested size: 614.58406pt x 795.3441pt.

[116

<./MFFM_User_Manual.pdf>]

Package natbib Warning: There were undefined citations.

(./paper_outline.aux)
 ***********
LaTeX2e <2023-11-01> patch level 1
L3 programming layer <2024-01-22>
 ***********
Package rerunfilecheck Info: File `paper_outline.out' has not changed.
(rerunfilecheck)             Checksum: 5FBB09CF8FA7001D2FD25CA0DCDAD694;7035.
)

Here is how much of LuaTeX's memory you used:
 25361 strings out of 476553
 125027,1977958 words of node,token memory allocated
 514 words of node memory still in use:
   6 hlist, 2 vlist, 2 rule, 2 glue, 1 kern, 63 glue_spec, 2 write, 3 pdf_action
 nodes
   avail lists: 1:1,2:31,3:1145,4:110,5:588,6:77,7:10994,8:69,9:1241,10:17,11:62
4
 45932 multiletter control sequences out of 65536+600000
 95 fonts using 3939319 bytes
 102i,17n,101p,836b,1053s stack positions out of 10000i,1000n,20000p,200000b,200000s
{/usr/share/texmf/fonts/enc/dvips/lm/lm-rmtt.enc}{/usr/share/texmf/fonts/enc/dvi
ps/lm/lm-rm.enc}{/usr/share/texmf/fonts/enc/dvips/lm/lm-ts1.enc}</usr/share/texl
ive/texmf-dist/fonts/type1/public/amsfonts/cm/cmbx10.pfb></usr/share/texlive/tex
mf-dist/fonts/type1/public/amsfonts/cm/cmex10.pfb></usr/share/texlive/texmf-dist
/fonts/type1/public/amsfonts/cm/cmmi10.pfb></usr/share/texlive/texmf-dist/fonts/
type1/public/amsfonts/cm/cmmi5.pfb></usr/share/texlive/texmf-dist/fonts/type1/pu
blic/amsfonts/cm/cmmi6.pfb></usr/share/texlive/texmf-dist/fonts/type1/public/ams
fonts/cm/cmmi7.pfb></usr/share/texlive/texmf-dist/fonts/type1/public/amsfonts/cm
/cmmi8.pfb></usr/share/texlive/texmf-dist/fonts/type1/public/amsfonts/cm/cmmi9.p
fb></usr/share/texlive/texmf-dist/fonts/type1/public/amsfonts/cm/cmr10.pfb></usr
/share/texlive/texmf-dist/fonts/type1/public/amsfonts/cm/cmr6.pfb></usr/share/te
xlive/texmf-dist/fonts/type1/public/amsfonts/cm/cmr7.pfb></usr/share/texlive/tex
mf-dist/fonts/type1/public/amsfonts/cm/cmr8.pfb></usr/share/texlive/texmf-dist/f
onts/type1/public/amsfonts/cm/cmr9.pfb></usr/share/texlive/texmf-dist/fonts/type
1/public/amsfonts/cm/cmsy10.pfb></usr/share/texlive/texmf-dist/fonts/type1/publi
c/amsfonts/cm/cmsy6.pfb></usr/share/texlive/texmf-dist/fonts/type1/public/amsfon
ts/cm/cmsy7.pfb></usr/share/texlive/texmf-dist/fonts/type1/public/amsfonts/cm/cm
sy8.pfb></usr/share/texlive/texmf-dist/fonts/type1/public/amsfonts/cm/cmsy9.pfb>
</usr/share/texmf/fonts/type1/public/lm/lmbx10.pfb></usr/share/texmf/fonts/type1
/public/lm/lmbx12.pfb></usr/share/texmf/fonts/type1/public/lm/lmbx9.pfb></usr/sh
are/texmf/fonts/type1/public/lm/lmr10.pfb></usr/share/texmf/fonts/type1/public/l
m/lmr12.pfb></usr/share/texmf/fonts/type1/public/lm/lmr5.pfb></usr/share/texmf/f
onts/type1/public/lm/lmr8.pfb></usr/share/texmf/fonts/type1/public/lm/lmr9.pfb><
/usr/share/texmf/fonts/type1/public/lm/lmri10.pfb></usr/share/texmf/fonts/type1/
public/lm/lmri9.pfb></usr/share/texmf/fonts/type1/public/lm/lmtk10.pfb></usr/sha
re/texmf/fonts/type1/public/lm/lmtt10.pfb></usr/share/texlive/texmf-dist/fonts/t
ype1/public/amsfonts/symbols/msam10.pfb></usr/share/texlive/texmf-dist/fonts/typ
e1/public/amsfonts/symbols/msbm10.pfb>
Output written on paper_outline.pdf (116 pages, 3223852 bytes).

PDF statistics: 1245 PDF objects out of 1440 (max. 8388607)
 933 compressed objects within 10 object streams
 196 named destinations out of 1000 (max. 131072)
 272 words of extra memory for PDF output out of 10000 (max. 100000000)

